Script started on 2025-04-28 15:04:44+07:00

                    ▄▄▄▄▓▓▓▓▓▓▓▓▓▓▓▓▄▄▄▄
               ▄▄▓▓▓▓▓▓▓▓▓▓▓▓▓▓▓▓▓▓▓▓▓▓▓▓▓▓▄▄


       ▄▓▓▓▓▓▓▓▓▓▓▓▓▓▓▓▓▓▓▓▓▓▓▓▓▓▓▓▓▓▓▓▓▓▓▓▓▓▓▓▓▓▓▓▓▄
     ▄▓▓▓▓▓▓▓▓▓▓▓▓▀▀        ▀▀▓▓▓▓▓▓▓▓▓▓▓▓▓▓▓▓▓▓▓▓▓▓▓▓▄

  ▄▓▓▓▀▀▀▓▓▓▓▄                    ▄▄▄▄▓▓▓▓▓▓▓▓▓▓▓▓▓▓▓▓▓▓▄
 ▀▀▀       ▀▀                      ▀▀       ▀▀▀▀▀▀▀▀▀▀▀▀▀▀
                                              ▄▄▄▄▄▄▄▄▄▄▄▄▄
                                                     ▀▀▀▀▀▀
                                                       ▀▀▀▀▀

▄▄▄▄▄▄▄▄▄▄▄▄▄▄▄▄▄▄▄▄▄▄▄▄▄▄▄▄▄▄▄▄▄▄▄▄▄▄▄▄▄▄▄▄▄▄▄▄▄▄▄▄▄▄▄▄▄▄▄▄

▄▄▄▄▄▄▄▄▄▄▄▄▄▄▄
▀▀▀▀▀▀▀▀▀▀▀▀▀▀▀▀▄▄
 ██████████████████▄▄▄▄▄▄▄▄▄▄▄▄▄▄▄▄▄▄▄▄▄▄▄▄▄▄▄▄▄▄▄▄▄▄▄▄▄▄▄▄
                    ▄▄▄▄▄▄▄▄▄▄▄▄▄▄▄▄▄▄▄▄▄▄▄▄▄▄▄▄▄▄▄▄▄▄▄▄▄▄
  ▀█████████████████████▀▀▀▀▀▀▀▀▀▀▀▀▀▀▀▀▀▀▀▀▀▀▀▀▀▀▀▀▀▀▀▀▀
                          ▄▄▄▄▄▄▄▄▄▄▄▄▄▄▄▄▄▄▄▄▄▄▄▄▄▄▄▄▄▄
      ▄▄▄▄▄▄▄▄▄▄▄▄▄▄▄▄▄▄▄▄▄███████████████████████████▀
       ▀█████████████████████▄▄
                               ▀▄▄▄▄▄▄▄▄▄▄▄▄▄▄▄▄▄▄▄
                                  ▀█████████████▀
              ▀▀████████████████████▄
                   ▀▀▀████████████████▄
                          ▀▀▀▀▀▀▀▀▀▀

            ██████╗ ███╗   ███╗██╗  ██╗ ██████╗
            ██╔══██╗████╗ ████║██║ ██╔╝██╔════╝
            ██████╦╝██╔████╔██║█████═╝ ██║  ██╗
            ██╔══██╗██║╚██╔╝██║██╔═██╗ ██║  ╚██╗
            ██████╦╝██║ ╚═╝ ██║██║ ╚██╗╚██████╔╝
            ╚═════╝ ╚═╝     ╚═╝╚═╝  ╚═╝ ╚═════╝
============================================================
Greetings tr16 user
Last password change					: Apr 28, 2025
Password expires					: never
Password inactive					: never
Account expires						: May 28, 2025
Minimum number of days between password change		: 0
Maximum number of days between password change		: 99999
Number of days of warning before password expires	: 7

1. Please use 'ml avail' for available software
2. Pre-configured weather model installed in '/opt/ohpc/pub/model'

]0;tr16@master:~/COAWST_3.7[tr16@master COAWST_3.7]$ exitsh install-sandy.sh 
Restoring modules from user's training-coawst
svn: E155007: '/home/tr16/COAWST_3.7' is not a working copy
svn: E155007: '/home/tr16/COAWST_3.7' is not a working copy
rm -f -r core *.ipo ./Build_roms /home/tr16/make_macros.mk
svn: E155007: '/home/tr16/COAWST_3.7' is not a working copy
svn: E155007: '/home/tr16/COAWST_3.7' is not a working copy
cp -f /opt/ohpc/pub/apps/netcdf-4.7.3/include/netcdf.mod ./Build_roms
cp -f /opt/ohpc/pub/apps/netcdf-4.7.3/include/typesizes.mod ./Build_roms
cp -p /home/tr16/make_macros.mk ./Build_roms
svn: E155007: '/home/tr16/COAWST_3.7' is not a working copy
svn: E155007: '/home/tr16/COAWST_3.7' is not a working copy
\
cd ./Build_roms;                                                                           \
cpp -P -DSANDY -D'HEADER="sandy.h"' -D'ROMS_HEADER="/home/tr16/COAWST_3.7/Projects/Sandy/sandy.h"' -I/home/tr16/COAWST_3.7//ROMS/Include /home/tr16/COAWST_3.7//Master/MCT_coupler/mod_coupler_kinds.F > mod_coupler_kinds.f90; \
/home/tr16/COAWST_3.7//ROMS/Bin/cpp_clean mod_coupler_kinds.f90;                                                              \
/opt/ohpc/pub/apps/openmpi-4.0.2/bin/mpif90 -c -frepack-arrays -O3 -ffast-math -O3 -ftree-vectorize -funroll-loops -w -ffree-form -ffree-line-length-none -frecord-marker=4 -fconvert=big-endian -I/usr/include -I/home/tr16/COAWST_3.7/MCT_LIB/include -I/home/tr16/COAWST_3.7//WRF/main -I/home/tr16/COAWST_3.7//WRF/external/esmf_time_f90 -I/home/tr16/COAWST_3.7//WRF/frame -I/home/tr16/COAWST_3.7//WRF/share mod_coupler_kinds.f90;                                                  \
cpp -P -DSANDY -D'HEADER="sandy.h"' -D'ROMS_HEADER="/home/tr16/COAWST_3.7/Projects/Sandy/sandy.h"' -I/home/tr16/COAWST_3.7//ROMS/Include /home/tr16/COAWST_3.7//Master/MCT_coupler/mct_coupler_params.F > mct_coupler_params.f90; \
/home/tr16/COAWST_3.7//ROMS/Bin/cpp_clean mct_coupler_params.f90;                                                             \
/opt/ohpc/pub/apps/openmpi-4.0.2/bin/mpif90 -c -frepack-arrays -O3 -ffast-math -O3 -ftree-vectorize -funroll-loops -w -ffree-form -ffree-line-length-none -frecord-marker=4 -fconvert=big-endian -I/usr/include -I/home/tr16/COAWST_3.7/MCT_LIB/include -I/home/tr16/COAWST_3.7//WRF/main -I/home/tr16/COAWST_3.7//WRF/external/esmf_time_f90 -I/home/tr16/COAWST_3.7//WRF/frame -I/home/tr16/COAWST_3.7//WRF/share mct_coupler_params.f90;
svn: E155007: '/home/tr16/COAWST_3.7' is not a working copy
svn: E155007: '/home/tr16/COAWST_3.7' is not a working copy
cd /home/tr16/COAWST_3.7//WRF; ls; ./clean -a;                            \
./configure;                                              \
echo " "; echo " ";                                       \
echo "cleaned wrf";
arch   compile	  dyn_em    frame	inc	     Makefile  README.md  share  var
chem   configure  dyn_nmm   hydro	LICENSE.txt  phys      Registry   test	 wrftladj
clean  doc	  external  hydro_v5.0	main	     README    run	  tools
make[1]: Entering directory '/home/tr16/COAWST_3.7/WRF/var'
make[1]: Leaving directory '/home/tr16/COAWST_3.7/WRF/var'
make[1]: Entering directory '/home/tr16/COAWST_3.7/WRF/tools/CodeBase'
make[1]: Leaving directory '/home/tr16/COAWST_3.7/WRF/tools/CodeBase'
make[1]: Entering directory '/home/tr16/COAWST_3.7/WRF/var'
make[2]: Entering directory '/home/tr16/COAWST_3.7/WRF/var/external/bufr'
make[2]: Leaving directory '/home/tr16/COAWST_3.7/WRF/var/external/bufr'
make[2]: Entering directory '/home/tr16/COAWST_3.7/WRF/var/external/crtm_2.3.0'
make[3]: Entering directory '/home/tr16/COAWST_3.7/WRF/var/external/crtm_2.3.0/libsrc'
make[3]: Leaving directory '/home/tr16/COAWST_3.7/WRF/var/external/crtm_2.3.0/libsrc'
make[2]: Leaving directory '/home/tr16/COAWST_3.7/WRF/var/external/crtm_2.3.0'
make[2]: Entering directory '/home/tr16/COAWST_3.7/WRF/var/external/wavelet'
make[2]: Leaving directory '/home/tr16/COAWST_3.7/WRF/var/external/wavelet'
make[1]: Leaving directory '/home/tr16/COAWST_3.7/WRF/var'
make[1]: Entering directory '/home/tr16/COAWST_3.7/WRF/var/obsproc'
make[1]: Leaving directory '/home/tr16/COAWST_3.7/WRF/var/obsproc'
make[1]: Entering directory '/home/tr16/COAWST_3.7/WRF/external'
make[2]: Entering directory '/home/tr16/COAWST_3.7/WRF/external/esmf_time_f90'
make[2]: Leaving directory '/home/tr16/COAWST_3.7/WRF/external/esmf_time_f90'
make[2]: Entering directory '/home/tr16/COAWST_3.7/WRF/external/io_pnetcdf'
make[2]: Leaving directory '/home/tr16/COAWST_3.7/WRF/external/io_pnetcdf'
make[2]: Entering directory '/home/tr16/COAWST_3.7/WRF/external/io_pio'
make[2]: Leaving directory '/home/tr16/COAWST_3.7/WRF/external/io_pio'
make[2]: Entering directory '/home/tr16/COAWST_3.7/WRF/external/io_int'
make[2]: Leaving directory '/home/tr16/COAWST_3.7/WRF/external/io_int'
make[2]: Entering directory '/home/tr16/COAWST_3.7/WRF/external/io_netcdf'
make[2]: Leaving directory '/home/tr16/COAWST_3.7/WRF/external/io_netcdf'
make[2]: Entering directory '/home/tr16/COAWST_3.7/WRF/external/io_phdf5'
make[2]: Leaving directory '/home/tr16/COAWST_3.7/WRF/external/io_phdf5'
make[2]: Entering directory '/home/tr16/COAWST_3.7/WRF/external/io_grib1'
make[3]: Entering directory '/home/tr16/COAWST_3.7/WRF/external/io_grib1/grib1_util'
make[4]: Entering directory '/home/tr16/COAWST_3.7/WRF/external/io_grib1/grib1_util'
make[4]: Leaving directory '/home/tr16/COAWST_3.7/WRF/external/io_grib1/grib1_util'
make[3]: Leaving directory '/home/tr16/COAWST_3.7/WRF/external/io_grib1/grib1_util'
make[3]: Entering directory '/home/tr16/COAWST_3.7/WRF/external/io_grib1/MEL_grib1'
make[4]: Entering directory '/home/tr16/COAWST_3.7/WRF/external/io_grib1/MEL_grib1'
make[4]: Leaving directory '/home/tr16/COAWST_3.7/WRF/external/io_grib1/MEL_grib1'
make[3]: Leaving directory '/home/tr16/COAWST_3.7/WRF/external/io_grib1/MEL_grib1'
make[3]: Entering directory '/home/tr16/COAWST_3.7/WRF/external/io_grib1/WGRIB'
make[3]: Leaving directory '/home/tr16/COAWST_3.7/WRF/external/io_grib1/WGRIB'
make[2]: Leaving directory '/home/tr16/COAWST_3.7/WRF/external/io_grib1'
make[2]: Entering directory '/home/tr16/COAWST_3.7/WRF/external/io_grib_share'
make[2]: Leaving directory '/home/tr16/COAWST_3.7/WRF/external/io_grib_share'
make[2]: Entering directory '/home/tr16/COAWST_3.7/WRF/external/io_grib2'
make[3]: Entering directory '/home/tr16/COAWST_3.7/WRF/external/io_grib2/bacio-1.3'
make[4]: Entering directory '/home/tr16/COAWST_3.7/WRF/external/io_grib2/bacio-1.3'
make[4]: Leaving directory '/home/tr16/COAWST_3.7/WRF/external/io_grib2/bacio-1.3'
make[3]: Leaving directory '/home/tr16/COAWST_3.7/WRF/external/io_grib2/bacio-1.3'
make[3]: Entering directory '/home/tr16/COAWST_3.7/WRF/external/io_grib2/g2lib'
make[4]: Entering directory '/home/tr16/COAWST_3.7/WRF/external/io_grib2/g2lib'
make[5]: Entering directory '/home/tr16/COAWST_3.7/WRF/external/io_grib2/g2lib/utest'
make[5]: Leaving directory '/home/tr16/COAWST_3.7/WRF/external/io_grib2/g2lib/utest'
make[4]: Leaving directory '/home/tr16/COAWST_3.7/WRF/external/io_grib2/g2lib'
make[3]: Leaving directory '/home/tr16/COAWST_3.7/WRF/external/io_grib2/g2lib'
make[2]: Leaving directory '/home/tr16/COAWST_3.7/WRF/external/io_grib2'
make[2]: Entering directory '/home/tr16/COAWST_3.7/WRF/external/io_esmf'
make[2]: Leaving directory '/home/tr16/COAWST_3.7/WRF/external/io_esmf'
make[2]: Entering directory '/home/tr16/COAWST_3.7/WRF/external/ioapi_share'
make[2]: Leaving directory '/home/tr16/COAWST_3.7/WRF/external/ioapi_share'
make[2]: Entering directory '/home/tr16/COAWST_3.7/WRF/external/RSL_LITE'
make[2]: Leaving directory '/home/tr16/COAWST_3.7/WRF/external/RSL_LITE'
make[2]: Entering directory '/home/tr16/COAWST_3.7/WRF/external/fftpack/fftpack5'
make[2]: Leaving directory '/home/tr16/COAWST_3.7/WRF/external/fftpack/fftpack5'
make[2]: Entering directory '/home/tr16/COAWST_3.7/WRF/external/atm_ocn'
make[2]: Leaving directory '/home/tr16/COAWST_3.7/WRF/external/atm_ocn'
make[1]: Leaving directory '/home/tr16/COAWST_3.7/WRF/external'
make[1]: Entering directory '/home/tr16/COAWST_3.7/WRF/external/io_grib1/WGRIB'
make[1]: Leaving directory '/home/tr16/COAWST_3.7/WRF/external/io_grib1/WGRIB'
make[1]: Entering directory '/home/tr16/COAWST_3.7/WRF/external/atm_ocn'
make[1]: Leaving directory '/home/tr16/COAWST_3.7/WRF/external/atm_ocn'
make[1]: Entering directory '/home/tr16/COAWST_3.7/WRF/hydro'
(cd utils     ; make -f Makefile clean)
make[2]: Entering directory '/home/tr16/COAWST_3.7/WRF/hydro/utils'
rm -f *.o *.mod *.stb *~
make[2]: Leaving directory '/home/tr16/COAWST_3.7/WRF/hydro/utils'
make -C Routing/Overland clean
make[2]: Entering directory '/home/tr16/COAWST_3.7/WRF/hydro/Routing/Overland'
rm -f *.o 
rm -f *.mod
rm -f overland_tests
make[2]: Leaving directory '/home/tr16/COAWST_3.7/WRF/hydro/Routing/Overland'
(cd Data_Rec; make -f Makefile clean)
make[2]: Entering directory '/home/tr16/COAWST_3.7/WRF/hydro/Data_Rec'
rm -f *.o *.mod *.stb *~
make[2]: Leaving directory '/home/tr16/COAWST_3.7/WRF/hydro/Data_Rec'
(cd HYDRO_drv; make -f Makefile clean)
make[2]: Entering directory '/home/tr16/COAWST_3.7/WRF/hydro/HYDRO_drv'
rm -f *.o *.mod *.stb *~
make[2]: Leaving directory '/home/tr16/COAWST_3.7/WRF/hydro/HYDRO_drv'
(cd MPP; make -f Makefile clean)
make[2]: Entering directory '/home/tr16/COAWST_3.7/WRF/hydro/MPP'
rm -f *.o *.mod *.stb *~
make[2]: Leaving directory '/home/tr16/COAWST_3.7/WRF/hydro/MPP'
make -C Debug_Utilities/ clean
make[2]: Entering directory '/home/tr16/COAWST_3.7/WRF/hydro/Debug_Utilities'
rm -f *.o *.mod *.stb *~
make[2]: Leaving directory '/home/tr16/COAWST_3.7/WRF/hydro/Debug_Utilities'
(cd Routing;    make -f Makefile clean)
make[2]: Entering directory '/home/tr16/COAWST_3.7/WRF/hydro/Routing'
rm -f *.o *.mod *.stb *~
make[2]: Leaving directory '/home/tr16/COAWST_3.7/WRF/hydro/Routing'
(rm -f lib/*.a */*.mod */*.o CPL/*/*.o CPL/*/*.mod)
make[1]: Leaving directory '/home/tr16/COAWST_3.7/WRF/hydro'
checking for perl5... no
checking for perl... found /usr/bin/perl (perl)
Will use NETCDF in dir: opt/ohpc/pub/apps/netcdf-4.7.3/
ls: cannot access 'opt/ohpc/pub/apps/netcdf-4.7.3': No such file or directory
Will use HDF5 in dir: /opt/ohpc/pub/apps/hdf5-1.10.4/
PHDF5 not set in environment. Will configure WRF for use without.
Will use 'time' to report timing information


If you REALLY want Grib2 output from WRF, modify the arch/Config.pl script.
Right now you are not getting the Jasper lib, from the environment, compiled into WRF.

------------------------------------------------------------------------
Please select from among the following Linux x86_64 options:

  1. (serial)   2. (smpar)   3. (dmpar)   4. (dm+sm)   PGI (pgf90/gcc)
  5. (serial)   6. (smpar)   7. (dmpar)   8. (dm+sm)   PGI (pgf90/pgcc): SGI MPT
  9. (serial)  10. (smpar)  11. (dmpar)  12. (dm+sm)   PGI (pgf90/gcc): PGI accelerator
 13. (serial)  14. (smpar)  15. (dmpar)  16. (dm+sm)   INTEL (ifort/icc)
                                         17. (dm+sm)   INTEL (ifort/icc): Xeon Phi (MIC architecture)
 18. (serial)  19. (smpar)  20. (dmpar)  21. (dm+sm)   INTEL (ifort/icc): Xeon (SNB with AVX mods)
 22. (serial)  23. (smpar)  24. (dmpar)  25. (dm+sm)   INTEL (ifort/icc): SGI MPT
 26. (serial)  27. (smpar)  28. (dmpar)  29. (dm+sm)   INTEL (ifort/icc): IBM POE
 30. (serial)               31. (dmpar)                PATHSCALE (pathf90/pathcc)
 32. (serial)  33. (smpar)  34. (dmpar)  35. (dm+sm)   GNU (gfortran/gcc)
 36. (serial)  37. (smpar)  38. (dmpar)  39. (dm+sm)   IBM (xlf90_r/cc_r)
 40. (serial)  41. (smpar)  42. (dmpar)  43. (dm+sm)   PGI (ftn/gcc): Cray XC CLE
 44. (serial)  45. (smpar)  46. (dmpar)  47. (dm+sm)   CRAY CCE (ftn $(NOOMP)/cc): Cray XE and XC
 48. (serial)  49. (smpar)  50. (dmpar)  51. (dm+sm)   INTEL (ftn/icc): Cray XC
 52. (serial)  53. (smpar)  54. (dmpar)  55. (dm+sm)   PGI (pgf90/pgcc)
 56. (serial)  57. (smpar)  58. (dmpar)  59. (dm+sm)   PGI (pgf90/gcc): -f90=pgf90
 60. (serial)  61. (smpar)  62. (dmpar)  63. (dm+sm)   PGI (pgf90/pgcc): -f90=pgf90
 64. (serial)  65. (smpar)  66. (dmpar)  67. (dm+sm)   INTEL (ifort/icc): HSW/BDW
 68. (serial)  69. (smpar)  70. (dmpar)  71. (dm+sm)   INTEL (ifort/icc): KNL MIC
 72. (serial)  73. (smpar)  74. (dmpar)  75. (dm+sm)   FUJITSU (frtpx/fccpx): FX10/FX100 SPARC64 IXfx/Xlfx

Enter selection [1-75] : 34
------------------------------------------------------------------------
Compile for nesting? (1=basic, 2=preset moves, 3=vortex following) [default 1]: 1

Configuration successful! 
------------------------------------------------------------------------
testing for fseeko and fseeko64
fseeko64 is supported
------------------------------------------------------------------------

# Settings for    Linux x86_64 ppc64le, gfortran compiler with gcc   (dmpar)
#
DESCRIPTION     =       GNU ($SFC/$SCC)
DMPARALLEL      =        1
OMPCPP          =       # -D_OPENMP
OMP             =       # -fopenmp
OMPCC           =       # -fopenmp
SFC             =       gfortran
SCC             =       gcc
CCOMP           =       gcc
DM_FC           =       mpif90 -f90=$(SFC)
DM_CC           =       mpicc -cc=$(SCC)
FC              =       time $(DM_FC)
CC              =       $(DM_CC) -DFSEEKO64_OK 
LD              =       $(FC)
RWORDSIZE       =       $(NATIVE_RWORDSIZE)
PROMOTION       =       #-fdefault-real-8
ARCH_LOCAL      =       -DNONSTANDARD_SYSTEM_SUBR  -DWRF_USE_CLM $(NETCDF4_IO_OPTS)
CFLAGS_LOCAL    =       -w -O3 -c  # -DRSL0_ONLY
LDFLAGS_LOCAL   =       
CPLUSPLUSLIB    =       
ESMF_LDFLAG     =       $(CPLUSPLUSLIB)
FCOPTIM         =       -O2 -ftree-vectorize -funroll-loops
FCREDUCEDOPT	=       $(FCOPTIM)
FCNOOPT		=       -O0
FCDEBUG         =       # -g $(FCNOOPT) # -ggdb -fbacktrace -fcheck=bounds,do,mem,pointer -ffpe-trap=invalid,zero,overflow
FORMAT_FIXED    =       -ffixed-form
FORMAT_FREE     =       -ffree-form -ffree-line-length-none
FCSUFFIX        =       
FCCOMPAT        =       
BYTESWAPIO      =       -fconvert=big-endian -frecord-marker=4
FCBASEOPTS_NO_G =       -w $(FORMAT_FREE) $(BYTESWAPIO) $(FCCOMPAT)
FCBASEOPTS      =       $(FCBASEOPTS_NO_G) $(FCDEBUG)
MODULE_SRCH_FLAG =     
TRADFLAG        =      -traditional-cpp $(NETCDF4_IO_OPTS)
CPP             =      /lib/cpp -P -nostdinc
AR              =      ar
ARFLAGS         =      ru
M4              =      m4 -G
RANLIB          =      ranlib
RLFLAGS		=	
CC_TOOLS        =      $(SCC) 

###########################################################
######################
# POSTAMBLE

FGREP = fgrep -iq

ARCHFLAGS       =    $(COREDEFS) -DIWORDSIZE=$(IWORDSIZE) -DDWORDSIZE=$(DWORDSIZE) -DRWORDSIZE=$(RWORDSIZE) -DLWORDSIZE=$(LWORDSIZE) \
                     $(ARCH_LOCAL) \
                     $(DA_ARCHFLAGS) \
                      -DDM_PARALLEL \
                       \
                      -DNETCDF \
                       \
                       \
                       \
                       \
                       \
                      -DHDF5 \
                       \
                       \
                       -DLANDREAD_STUB=1 \
                       \
                       \
                      -DUSE_ALLOCATABLES \
                      -Dwrfmodel \
                      -DGRIB1 \
                      -DINTIO \
                      -DKEEP_INT_AROUND \
                      -DLIMIT_ARGS \
                      -DBUILD_RRTMG_FAST=0 \
                      -DBUILD_RRTMK=0 \
                      -DBUILD_SBM_FAST=1 \
                      -DSHOW_ALL_VARS_USED=0 \
                      -DCONFIG_BUF_LEN=$(CONFIG_BUF_LEN) \
                      -DMAX_DOMAINS_F=$(MAX_DOMAINS) \
                      -DMAX_HISTORY=$(MAX_HISTORY) \
		      -DNMM_NEST=$(WRF_NMM_NEST)
CFLAGS          =    $(CFLAGS_LOCAL) -DDM_PARALLEL  \
                      -DLANDREAD_STUB=1 \
                      -DMAX_HISTORY=$(MAX_HISTORY) -DNMM_CORE=$(WRF_NMM_CORE)
FCFLAGS         =    $(FCOPTIM) $(FCBASEOPTS)
ESMF_LIB_FLAGS  =    
# ESMF 5 -- these are defined in esmf.mk, included above
 ESMF_IO_LIB     =    -L$(WRF_SRC_ROOT_DIR)/external/esmf_time_f90 -lesmf_time
ESMF_IO_LIB_EXT =    -L$(WRF_SRC_ROOT_DIR)/external/esmf_time_f90 -lesmf_time
INCLUDE_MODULES =    $(MODULE_SRCH_FLAG) \
                     $(ESMF_MOD_INC) $(ESMF_LIB_FLAGS) \
                      -I$(WRF_SRC_ROOT_DIR)/main \
                      -I$(WRF_SRC_ROOT_DIR)/external/io_netcdf \
                      -I$(WRF_SRC_ROOT_DIR)/external/io_int \
                      -I$(WRF_SRC_ROOT_DIR)/frame \
                      -I$(WRF_SRC_ROOT_DIR)/share \
                      -I$(WRF_SRC_ROOT_DIR)/phys \
                      -I$(WRF_SRC_ROOT_DIR)/wrftladj \
                      -I$(WRF_SRC_ROOT_DIR)/chem -I$(WRF_SRC_ROOT_DIR)/inc \
                      -I$(NETCDFPATH)/include \
                      -I$(MCT_PARAMS_DIR) \
                      
REGISTRY        =    Registry
CC_TOOLS_CFLAGS = -DNMM_CORE=$(WRF_NMM_CORE)

LIB             =    $(LIB_BUNDLED) $(LIB_EXTERNAL) $(LIB_LOCAL) $(LIB_WRF_HYDRO) $(NETCDF4_DEP_LIB)
LIB             +=   -L$(MCT_LIBDIR) -lmct -lmpeu $(NETCDF4_DEP_LIB)
LIB             +=   $(shell nc-config --libs) $(NETCDF4_DEP_LIB)
LDFLAGS         =    $(OMP) $(FCFLAGS) $(LDFLAGS_LOCAL) 
ENVCOMPDEFS     =    
WRF_CHEM	=	0 
CPPFLAGS        =    $(ARCHFLAGS) $(ENVCOMPDEFS) -I$(LIBINCLUDE) $(TRADFLAG) 
CPPFLAGS       +=    -D$(ROMS_APPLICATION)
CPPFLAGS       +=    -D'PROJECT_HEADER="$(MY_HEADER_DIR)/$(HEADER)"'
CPPFLAGS       +=    -D'GLOBAL_DEFS="$(GLOBAL_DEFS_FILE)"'
CPPFLAGS       +=    $(ARCHFLAGS) $(ENVCOMPDEFS) -I$(LIBINCLUDE) $(TRADFLAG) 
NETCDFPATH      =    /opt/ohpc/pub/apps/netcdf-4.7.3
HDF5PATH        =    /opt/ohpc/pub/apps/hdf5-1.10.4/
WRFPLUSPATH     =    
RTTOVPATH       =    
PNETCDFPATH     =    

bundled:  io_only 
external: io_only $(WRF_SRC_ROOT_DIR)/external/RSL_LITE/librsl_lite.a gen_comms_rsllite module_dm_rsllite $(ESMF_TARGET)
io_only:  esmf_time wrfio_nf   \
	  wrf_ioapi_includes wrfio_grib_share wrfio_grib1 wrfio_int fftpack

## jcw
CPP             =      /usr/bin/cpp -P -traditional
CFLAGS_LOCAL    +=     -DNCEP_DEBUG_GLOBALSTDOUT -DNCEP_DEBUG_MULTIDIR



######################
------------------------------------------------------------------------
Settings listed above are written to configure.wrf.
If you wish to change settings, please edit that file.
If you wish to change the default options, edit the file:
     arch/configure.defaults
NetCDF users note:
 This installation of NetCDF supports large file support.  To DISABLE large file
 support in NetCDF, set the environment variable WRFIO_NCD_NO_LARGE_FILE_SUPPORT
 to 1 and run configure again. Set to any other value to avoid this message.
  

Testing for NetCDF, C and Fortran compiler

This installation of NetCDF is 64-bit
                 C compiler is 64-bit
           Fortran compiler is 64-bit
              It will build in 64-bit

************************** W A R N I N G ************************************
 
The moving nest option is not available due to missing rpc/types.h file.
Copy landread.c.dist to landread.c in share directory to bypass compile error.
 
*****************************************************************************
************************** W A R N I N G ************************************
NETCDF4 IO features are requested, but this installation of NetCDF           
  /opt/ohpc/pub/apps/netcdf-4.7.3
DOES NOT support these IO features.                                          

Please make sure NETCDF version is 4.1.3 or later and was built with         
--enable-netcdf4                                                             

OR set NETCDF_classic variable                                               
   bash/ksh : export NETCDF_classic=1
      echo  csh : setenv NETCDF_classic 1

Then re-run this configure script                                            

!!! configure.wrf has been REMOVED !!!

*****************************************************************************
 
 
cleaned wrf
svn: E155007: '/home/tr16/COAWST_3.7' is not a working copy
svn: E155007: '/home/tr16/COAWST_3.7' is not a working copy
cp -p .//coawstM .//coawstM.backup;                               \
rm -f -r .//coawstM;                                          \
cd /home/tr16/COAWST_3.7//WRF; ls;                                        \
echo " "; echo " ";                                       \
echo "Compiling wrf";                                     \
./compile em_real;                                        \
echo "";                                                  \
echo "-------- Finished compiling WRF ------------"
cp: cannot stat './/coawstM': No such file or directory
arch   compile	  dyn_em    frame	inc	     Makefile  README.md  share  var
chem   configure  dyn_nmm   hydro	LICENSE.txt  phys      Registry   test	 wrftladj
clean  doc	  external  hydro_v5.0	main	     README    run	  tools
 
 
Compiling wrf

You must run the 'configure' script before running the 'compile' script!
Exiting...


-------- Finished compiling WRF ------------
echo "";

svn: E155007: '/home/tr16/COAWST_3.7' is not a working copy
svn: E155007: '/home/tr16/COAWST_3.7' is not a working copy
make: Nothing to be done for 'wrfhydroclean'.
svn: E155007: '/home/tr16/COAWST_3.7' is not a working copy
svn: E155007: '/home/tr16/COAWST_3.7' is not a working copy
make: Nothing to be done for 'wrfhydro'.
svn: E155007: '/home/tr16/COAWST_3.7' is not a working copy
svn: E155007: '/home/tr16/COAWST_3.7' is not a working copy
make: Nothing to be done for 'ww3clean'.
svn: E155007: '/home/tr16/COAWST_3.7' is not a working copy
svn: E155007: '/home/tr16/COAWST_3.7' is not a working copy
make: Nothing to be done for 'ww3'.
svn: E155007: '/home/tr16/COAWST_3.7' is not a working copy
svn: E155007: '/home/tr16/COAWST_3.7' is not a working copy
make: *** No rule to make target 'swanclean'.  Stop.
svn: E155007: '/home/tr16/COAWST_3.7' is not a working copy
svn: E155007: '/home/tr16/COAWST_3.7' is not a working copy
make: *** No rule to make target 'swan'.  Stop.
svn: E155007: '/home/tr16/COAWST_3.7' is not a working copy
svn: E155007: '/home/tr16/COAWST_3.7' is not a working copy
/usr/bin/cpp -P -traditional -w               -DMPI -DLINUX -DX86_64 -DGFORTRAN -D'ROOT_DIR="/home/tr16/COAWST_3.7"' -DSANDY -D'HEADER="sandy.h"' -D'ROMS_HEADER="/home/tr16/COAWST_3.7/Projects/Sandy/sandy.h"' -DNestedGrids= -D'ANALYTICAL_DIR="/home/tr16/COAWST_3.7/Projects/Sandy"' -D'MY_ANALYTICAL="on"' -D'SVN_URL=""' -D'SVN_REV=""' -IROMS/Include -I/home/tr16/COAWST_3.7/Projects/Sandy -IROMS/Nonlinear -IROMS/Nonlinear/Biology -IROMS/Nonlinear/Sediment -IROMS/Nonlinear/Wec -IROMS/Nonlinear/Vegetation -IROMS/Utility -IROMS/Drivers -IROMS/Functionals -I/home/tr16/COAWST_3.7/Projects/Sandy -ISWAN/Src -IMaster -ICompilers -D'HEADER_DIR="/home/tr16/COAWST_3.7/Projects/Sandy"'  ROMS/Nonlinear/gls_prestep.F > Build_roms/gls_prestep.f90
/usr/bin/cpp -P -traditional -w               -DMPI -DLINUX -DX86_64 -DGFORTRAN -D'ROOT_DIR="/home/tr16/COAWST_3.7"' -DSANDY -D'HEADER="sandy.h"' -D'ROMS_HEADER="/home/tr16/COAWST_3.7/Projects/Sandy/sandy.h"' -DNestedGrids= -D'ANALYTICAL_DIR="/home/tr16/COAWST_3.7/Projects/Sandy"' -D'MY_ANALYTICAL="on"' -D'SVN_URL=""' -D'SVN_REV=""' -IROMS/Include -I/home/tr16/COAWST_3.7/Projects/Sandy -IROMS/Nonlinear -IROMS/Nonlinear/Biology -IROMS/Nonlinear/Sediment -IROMS/Nonlinear/Wec -IROMS/Nonlinear/Vegetation -IROMS/Utility -IROMS/Drivers -IROMS/Functionals -I/home/tr16/COAWST_3.7/Projects/Sandy -ISWAN/Src -IMaster -ICompilers -D'HEADER_DIR="/home/tr16/COAWST_3.7/Projects/Sandy"'  ROMS/Nonlinear/exchange_3d.F > Build_roms/exchange_3d.f90
/usr/bin/cpp -P -traditional -w               -DMPI -DLINUX -DX86_64 -DGFORTRAN -D'ROOT_DIR="/home/tr16/COAWST_3.7"' -DSANDY -D'HEADER="sandy.h"' -D'ROMS_HEADER="/home/tr16/COAWST_3.7/Projects/Sandy/sandy.h"' -DNestedGrids= -D'ANALYTICAL_DIR="/home/tr16/COAWST_3.7/Projects/Sandy"' -D'MY_ANALYTICAL="on"' -D'SVN_URL=""' -D'SVN_REV=""' -IROMS/Include -I/home/tr16/COAWST_3.7/Projects/Sandy -IROMS/Nonlinear -IROMS/Nonlinear/Biology -IROMS/Nonlinear/Sediment -IROMS/Nonlinear/Wec -IROMS/Nonlinear/Vegetation -IROMS/Utility -IROMS/Drivers -IROMS/Functionals -I/home/tr16/COAWST_3.7/Projects/Sandy -ISWAN/Src -IMaster -ICompilers -D'HEADER_DIR="/home/tr16/COAWST_3.7/Projects/Sandy"'  ROMS/Modules/mod_param.F > Build_roms/mod_param.f90
/usr/bin/cpp -P -traditional -w               -DMPI -DLINUX -DX86_64 -DGFORTRAN -D'ROOT_DIR="/home/tr16/COAWST_3.7"' -DSANDY -D'HEADER="sandy.h"' -D'ROMS_HEADER="/home/tr16/COAWST_3.7/Projects/Sandy/sandy.h"' -DNestedGrids= -D'ANALYTICAL_DIR="/home/tr16/COAWST_3.7/Projects/Sandy"' -D'MY_ANALYTICAL="on"' -D'SVN_URL=""' -D'SVN_REV=""' -IROMS/Include -I/home/tr16/COAWST_3.7/Projects/Sandy -IROMS/Nonlinear -IROMS/Nonlinear/Biology -IROMS/Nonlinear/Sediment -IROMS/Nonlinear/Wec -IROMS/Nonlinear/Vegetation -IROMS/Utility -IROMS/Drivers -IROMS/Functionals -I/home/tr16/COAWST_3.7/Projects/Sandy -ISWAN/Src -IMaster -ICompilers -D'HEADER_DIR="/home/tr16/COAWST_3.7/Projects/Sandy"'  ROMS/Modules/mod_kinds.F > Build_roms/mod_kinds.f90
/usr/bin/cpp -P -traditional -w               -DMPI -DLINUX -DX86_64 -DGFORTRAN -D'ROOT_DIR="/home/tr16/COAWST_3.7"' -DSANDY -D'HEADER="sandy.h"' -D'ROMS_HEADER="/home/tr16/COAWST_3.7/Projects/Sandy/sandy.h"' -DNestedGrids= -D'ANALYTICAL_DIR="/home/tr16/COAWST_3.7/Projects/Sandy"' -D'MY_ANALYTICAL="on"' -D'SVN_URL=""' -D'SVN_REV=""' -IROMS/Include -I/home/tr16/COAWST_3.7/Projects/Sandy -IROMS/Nonlinear -IROMS/Nonlinear/Biology -IROMS/Nonlinear/Sediment -IROMS/Nonlinear/Wec -IROMS/Nonlinear/Vegetation -IROMS/Utility -IROMS/Drivers -IROMS/Functionals -I/home/tr16/COAWST_3.7/Projects/Sandy -ISWAN/Src -IMaster -ICompilers -D'HEADER_DIR="/home/tr16/COAWST_3.7/Projects/Sandy"'  ROMS/Modules/mod_scalars.F > Build_roms/mod_scalars.f90
/usr/bin/cpp -P -traditional -w               -DMPI -DLINUX -DX86_64 -DGFORTRAN -D'ROOT_DIR="/home/tr16/COAWST_3.7"' -DSANDY -D'HEADER="sandy.h"' -D'ROMS_HEADER="/home/tr16/COAWST_3.7/Projects/Sandy/sandy.h"' -DNestedGrids= -D'ANALYTICAL_DIR="/home/tr16/COAWST_3.7/Projects/Sandy"' -D'MY_ANALYTICAL="on"' -D'SVN_URL=""' -D'SVN_REV=""' -IROMS/Include -I/home/tr16/COAWST_3.7/Projects/Sandy -IROMS/Nonlinear -IROMS/Nonlinear/Biology -IROMS/Nonlinear/Sediment -IROMS/Nonlinear/Wec -IROMS/Nonlinear/Vegetation -IROMS/Utility -IROMS/Drivers -IROMS/Functionals -I/home/tr16/COAWST_3.7/Projects/Sandy -ISWAN/Src -IMaster -ICompilers -D'HEADER_DIR="/home/tr16/COAWST_3.7/Projects/Sandy"'  ROMS/Modules/mod_grid.F > Build_roms/mod_grid.f90
/usr/bin/cpp -P -traditional -w               -DMPI -DLINUX -DX86_64 -DGFORTRAN -D'ROOT_DIR="/home/tr16/COAWST_3.7"' -DSANDY -D'HEADER="sandy.h"' -D'ROMS_HEADER="/home/tr16/COAWST_3.7/Projects/Sandy/sandy.h"' -DNestedGrids= -D'ANALYTICAL_DIR="/home/tr16/COAWST_3.7/Projects/Sandy"' -D'MY_ANALYTICAL="on"' -D'SVN_URL=""' -D'SVN_REV=""' -IROMS/Include -I/home/tr16/COAWST_3.7/Projects/Sandy -IROMS/Nonlinear -IROMS/Nonlinear/Biology -IROMS/Nonlinear/Sediment -IROMS/Nonlinear/Wec -IROMS/Nonlinear/Vegetation -IROMS/Utility -IROMS/Drivers -IROMS/Functionals -I/home/tr16/COAWST_3.7/Projects/Sandy -ISWAN/Src -IMaster -ICompilers -D'HEADER_DIR="/home/tr16/COAWST_3.7/Projects/Sandy"'  ROMS/Modules/mod_mixing.F > Build_roms/mod_mixing.f90
/usr/bin/cpp -P -traditional -w               -DMPI -DLINUX -DX86_64 -DGFORTRAN -D'ROOT_DIR="/home/tr16/COAWST_3.7"' -DSANDY -D'HEADER="sandy.h"' -D'ROMS_HEADER="/home/tr16/COAWST_3.7/Projects/Sandy/sandy.h"' -DNestedGrids= -D'ANALYTICAL_DIR="/home/tr16/COAWST_3.7/Projects/Sandy"' -D'MY_ANALYTICAL="on"' -D'SVN_URL=""' -D'SVN_REV=""' -IROMS/Include -I/home/tr16/COAWST_3.7/Projects/Sandy -IROMS/Nonlinear -IROMS/Nonlinear/Biology -IROMS/Nonlinear/Sediment -IROMS/Nonlinear/Wec -IROMS/Nonlinear/Vegetation -IROMS/Utility -IROMS/Drivers -IROMS/Functionals -I/home/tr16/COAWST_3.7/Projects/Sandy -ISWAN/Src -IMaster -ICompilers -D'HEADER_DIR="/home/tr16/COAWST_3.7/Projects/Sandy"'  ROMS/Modules/mod_ocean.F > Build_roms/mod_ocean.f90
/usr/bin/cpp -P -traditional -w               -DMPI -DLINUX -DX86_64 -DGFORTRAN -D'ROOT_DIR="/home/tr16/COAWST_3.7"' -DSANDY -D'HEADER="sandy.h"' -D'ROMS_HEADER="/home/tr16/COAWST_3.7/Projects/Sandy/sandy.h"' -DNestedGrids= -D'ANALYTICAL_DIR="/home/tr16/COAWST_3.7/Projects/Sandy"' -D'MY_ANALYTICAL="on"' -D'SVN_URL=""' -D'SVN_REV=""' -IROMS/Include -I/home/tr16/COAWST_3.7/Projects/Sandy -IROMS/Nonlinear -IROMS/Nonlinear/Biology -IROMS/Nonlinear/Sediment -IROMS/Nonlinear/Wec -IROMS/Nonlinear/Vegetation -IROMS/Utility -IROMS/Drivers -IROMS/Functionals -I/home/tr16/COAWST_3.7/Projects/Sandy -ISWAN/Src -IMaster -ICompilers -D'HEADER_DIR="/home/tr16/COAWST_3.7/Projects/Sandy"'  ROMS/Modules/mod_stepping.F > Build_roms/mod_stepping.f90
/usr/bin/cpp -P -traditional -w               -DMPI -DLINUX -DX86_64 -DGFORTRAN -D'ROOT_DIR="/home/tr16/COAWST_3.7"' -DSANDY -D'HEADER="sandy.h"' -D'ROMS_HEADER="/home/tr16/COAWST_3.7/Projects/Sandy/sandy.h"' -DNestedGrids= -D'ANALYTICAL_DIR="/home/tr16/COAWST_3.7/Projects/Sandy"' -D'MY_ANALYTICAL="on"' -D'SVN_URL=""' -D'SVN_REV=""' -IROMS/Include -I/home/tr16/COAWST_3.7/Projects/Sandy -IROMS/Nonlinear -IROMS/Nonlinear/Biology -IROMS/Nonlinear/Sediment -IROMS/Nonlinear/Wec -IROMS/Nonlinear/Vegetation -IROMS/Utility -IROMS/Drivers -IROMS/Functionals -I/home/tr16/COAWST_3.7/Projects/Sandy -ISWAN/Src -IMaster -ICompilers -D'HEADER_DIR="/home/tr16/COAWST_3.7/Projects/Sandy"'  ROMS/Utility/mp_exchange.F > Build_roms/mp_exchange.f90
/usr/bin/cpp -P -traditional -w               -DMPI -DLINUX -DX86_64 -DGFORTRAN -D'ROOT_DIR="/home/tr16/COAWST_3.7"' -DSANDY -D'HEADER="sandy.h"' -D'ROMS_HEADER="/home/tr16/COAWST_3.7/Projects/Sandy/sandy.h"' -DNestedGrids= -D'ANALYTICAL_DIR="/home/tr16/COAWST_3.7/Projects/Sandy"' -D'MY_ANALYTICAL="on"' -D'SVN_URL=""' -D'SVN_REV=""' -IROMS/Include -I/home/tr16/COAWST_3.7/Projects/Sandy -IROMS/Nonlinear -IROMS/Nonlinear/Biology -IROMS/Nonlinear/Sediment -IROMS/Nonlinear/Wec -IROMS/Nonlinear/Vegetation -IROMS/Utility -IROMS/Drivers -IROMS/Functionals -I/home/tr16/COAWST_3.7/Projects/Sandy -ISWAN/Src -IMaster -ICompilers -D'HEADER_DIR="/home/tr16/COAWST_3.7/Projects/Sandy"'  ROMS/Modules/mod_iounits.F > Build_roms/mod_iounits.f90
/usr/bin/cpp -P -traditional -w               -DMPI -DLINUX -DX86_64 -DGFORTRAN -D'ROOT_DIR="/home/tr16/COAWST_3.7"' -DSANDY -D'HEADER="sandy.h"' -D'ROMS_HEADER="/home/tr16/COAWST_3.7/Projects/Sandy/sandy.h"' -DNestedGrids= -D'ANALYTICAL_DIR="/home/tr16/COAWST_3.7/Projects/Sandy"' -D'MY_ANALYTICAL="on"' -D'SVN_URL=""' -D'SVN_REV=""' -IROMS/Include -I/home/tr16/COAWST_3.7/Projects/Sandy -IROMS/Nonlinear -IROMS/Nonlinear/Biology -IROMS/Nonlinear/Sediment -IROMS/Nonlinear/Wec -IROMS/Nonlinear/Vegetation -IROMS/Utility -IROMS/Drivers -IROMS/Functionals -I/home/tr16/COAWST_3.7/Projects/Sandy -ISWAN/Src -IMaster -ICompilers -D'HEADER_DIR="/home/tr16/COAWST_3.7/Projects/Sandy"'  ROMS/Modules/mod_parallel.F > Build_roms/mod_parallel.f90
/usr/bin/cpp -P -traditional -w               -DMPI -DLINUX -DX86_64 -DGFORTRAN -D'ROOT_DIR="/home/tr16/COAWST_3.7"' -DSANDY -D'HEADER="sandy.h"' -D'ROMS_HEADER="/home/tr16/COAWST_3.7/Projects/Sandy/sandy.h"' -DNestedGrids= -D'ANALYTICAL_DIR="/home/tr16/COAWST_3.7/Projects/Sandy"' -D'MY_ANALYTICAL="on"' -D'SVN_URL=""' -D'SVN_REV=""' -IROMS/Include -I/home/tr16/COAWST_3.7/Projects/Sandy -IROMS/Nonlinear -IROMS/Nonlinear/Biology -IROMS/Nonlinear/Sediment -IROMS/Nonlinear/Wec -IROMS/Nonlinear/Vegetation -IROMS/Utility -IROMS/Drivers -IROMS/Functionals -I/home/tr16/COAWST_3.7/Projects/Sandy -ISWAN/Src -IMaster -ICompilers -D'HEADER_DIR="/home/tr16/COAWST_3.7/Projects/Sandy"' -DMY_OS='"Linux"' -DMY_CPU='"x86_64"' -DMY_FORT='"gfortran"' -DMY_FC='"/opt/ohpc/pub/apps/openmpi-4.0.2/bin/mpif90"' -DMY_FFLAGS='"-frepack-arrays -O3 -ffast-math -O3 -ftree-vectorize -funroll-loops -w -ffree-form -ffree-line-length-none -frecord-marker=4 -fconvert=big-endian -I/usr/include -I/home/tr16/COAWST_3.7/MCT_LIB/include -I/home/tr16/COAWST_3.7//WRF/main -I/home/tr16/COAWST_3.7//WRF/external/esmf_time_f90 -I/home/tr16/COAWST_3.7//WRF/frame -I/home/tr16/COAWST_3.7//WRF/share -ffree-form -ffree-line-length-none"'  ROMS/Modules/mod_strings.F > Build_roms/mod_strings.f90
/usr/bin/cpp -P -traditional -w               -DMPI -DLINUX -DX86_64 -DGFORTRAN -D'ROOT_DIR="/home/tr16/COAWST_3.7"' -DSANDY -D'HEADER="sandy.h"' -D'ROMS_HEADER="/home/tr16/COAWST_3.7/Projects/Sandy/sandy.h"' -DNestedGrids= -D'ANALYTICAL_DIR="/home/tr16/COAWST_3.7/Projects/Sandy"' -D'MY_ANALYTICAL="on"' -D'SVN_URL=""' -D'SVN_REV=""' -IROMS/Include -I/home/tr16/COAWST_3.7/Projects/Sandy -IROMS/Nonlinear -IROMS/Nonlinear/Biology -IROMS/Nonlinear/Sediment -IROMS/Nonlinear/Wec -IROMS/Nonlinear/Vegetation -IROMS/Utility -IROMS/Drivers -IROMS/Functionals -I/home/tr16/COAWST_3.7/Projects/Sandy -ISWAN/Src -IMaster -ICompilers -D'HEADER_DIR="/home/tr16/COAWST_3.7/Projects/Sandy"'  ROMS/Nonlinear/tkebc_im.F > Build_roms/tkebc_im.f90
/usr/bin/cpp -P -traditional -w               -DMPI -DLINUX -DX86_64 -DGFORTRAN -D'ROOT_DIR="/home/tr16/COAWST_3.7"' -DSANDY -D'HEADER="sandy.h"' -D'ROMS_HEADER="/home/tr16/COAWST_3.7/Projects/Sandy/sandy.h"' -DNestedGrids= -D'ANALYTICAL_DIR="/home/tr16/COAWST_3.7/Projects/Sandy"' -D'MY_ANALYTICAL="on"' -D'SVN_URL=""' -D'SVN_REV=""' -IROMS/Include -I/home/tr16/COAWST_3.7/Projects/Sandy -IROMS/Nonlinear -IROMS/Nonlinear/Biology -IROMS/Nonlinear/Sediment -IROMS/Nonlinear/Wec -IROMS/Nonlinear/Vegetation -IROMS/Utility -IROMS/Drivers -IROMS/Functionals -I/home/tr16/COAWST_3.7/Projects/Sandy -ISWAN/Src -IMaster -ICompilers -D'HEADER_DIR="/home/tr16/COAWST_3.7/Projects/Sandy"'  ROMS/Modules/mod_boundary.F > Build_roms/mod_boundary.f90
/usr/bin/cpp -P -traditional -w               -DMPI -DLINUX -DX86_64 -DGFORTRAN -D'ROOT_DIR="/home/tr16/COAWST_3.7"' -DSANDY -D'HEADER="sandy.h"' -D'ROMS_HEADER="/home/tr16/COAWST_3.7/Projects/Sandy/sandy.h"' -DNestedGrids= -D'ANALYTICAL_DIR="/home/tr16/COAWST_3.7/Projects/Sandy"' -D'MY_ANALYTICAL="on"' -D'SVN_URL=""' -D'SVN_REV=""' -IROMS/Include -I/home/tr16/COAWST_3.7/Projects/Sandy -IROMS/Nonlinear -IROMS/Nonlinear/Biology -IROMS/Nonlinear/Sediment -IROMS/Nonlinear/Wec -IROMS/Nonlinear/Vegetation -IROMS/Utility -IROMS/Drivers -IROMS/Functionals -I/home/tr16/COAWST_3.7/Projects/Sandy -ISWAN/Src -IMaster -ICompilers -D'HEADER_DIR="/home/tr16/COAWST_3.7/Projects/Sandy"'  ROMS/Modules/mod_ncparam.F > Build_roms/mod_ncparam.f90
/usr/bin/cpp -P -traditional -w               -DMPI -DLINUX -DX86_64 -DGFORTRAN -D'ROOT_DIR="/home/tr16/COAWST_3.7"' -DSANDY -D'HEADER="sandy.h"' -D'ROMS_HEADER="/home/tr16/COAWST_3.7/Projects/Sandy/sandy.h"' -DNestedGrids= -D'ANALYTICAL_DIR="/home/tr16/COAWST_3.7/Projects/Sandy"' -D'MY_ANALYTICAL="on"' -D'SVN_URL=""' -D'SVN_REV=""' -IROMS/Include -I/home/tr16/COAWST_3.7/Projects/Sandy -IROMS/Nonlinear -IROMS/Nonlinear/Biology -IROMS/Nonlinear/Sediment -IROMS/Nonlinear/Wec -IROMS/Nonlinear/Vegetation -IROMS/Utility -IROMS/Drivers -IROMS/Functionals -I/home/tr16/COAWST_3.7/Projects/Sandy -ISWAN/Src -IMaster -ICompilers -D'HEADER_DIR="/home/tr16/COAWST_3.7/Projects/Sandy"'  ROMS/Modules/mod_biology.F > Build_roms/mod_biology.f90
/usr/bin/cpp -P -traditional -w               -DMPI -DLINUX -DX86_64 -DGFORTRAN -D'ROOT_DIR="/home/tr16/COAWST_3.7"' -DSANDY -D'HEADER="sandy.h"' -D'ROMS_HEADER="/home/tr16/COAWST_3.7/Projects/Sandy/sandy.h"' -DNestedGrids= -D'ANALYTICAL_DIR="/home/tr16/COAWST_3.7/Projects/Sandy"' -D'MY_ANALYTICAL="on"' -D'SVN_URL=""' -D'SVN_REV=""' -IROMS/Include -I/home/tr16/COAWST_3.7/Projects/Sandy -IROMS/Nonlinear -IROMS/Nonlinear/Biology -IROMS/Nonlinear/Sediment -IROMS/Nonlinear/Wec -IROMS/Nonlinear/Vegetation -IROMS/Utility -IROMS/Drivers -IROMS/Functionals -I/home/tr16/COAWST_3.7/Projects/Sandy -ISWAN/Src -IMaster -ICompilers -D'HEADER_DIR="/home/tr16/COAWST_3.7/Projects/Sandy"'  ROMS/Modules/mod_sediment.F > Build_roms/mod_sediment.f90
/usr/bin/cpp -P -traditional -w               -DMPI -DLINUX -DX86_64 -DGFORTRAN -D'ROOT_DIR="/home/tr16/COAWST_3.7"' -DSANDY -D'HEADER="sandy.h"' -D'ROMS_HEADER="/home/tr16/COAWST_3.7/Projects/Sandy/sandy.h"' -DNestedGrids= -D'ANALYTICAL_DIR="/home/tr16/COAWST_3.7/Projects/Sandy"' -D'MY_ANALYTICAL="on"' -D'SVN_URL=""' -D'SVN_REV=""' -IROMS/Include -I/home/tr16/COAWST_3.7/Projects/Sandy -IROMS/Nonlinear -IROMS/Nonlinear/Biology -IROMS/Nonlinear/Sediment -IROMS/Nonlinear/Wec -IROMS/Nonlinear/Vegetation -IROMS/Utility -IROMS/Drivers -IROMS/Functionals -I/home/tr16/COAWST_3.7/Projects/Sandy -ISWAN/Src -IMaster -ICompilers -D'HEADER_DIR="/home/tr16/COAWST_3.7/Projects/Sandy"'  ROMS/Modules/mod_vegetation.F > Build_roms/mod_vegetation.f90
/usr/bin/cpp -P -traditional -w               -DMPI -DLINUX -DX86_64 -DGFORTRAN -D'ROOT_DIR="/home/tr16/COAWST_3.7"' -DSANDY -D'HEADER="sandy.h"' -D'ROMS_HEADER="/home/tr16/COAWST_3.7/Projects/Sandy/sandy.h"' -DNestedGrids= -D'ANALYTICAL_DIR="/home/tr16/COAWST_3.7/Projects/Sandy"' -D'MY_ANALYTICAL="on"' -D'SVN_URL=""' -D'SVN_REV=""' -IROMS/Include -I/home/tr16/COAWST_3.7/Projects/Sandy -IROMS/Nonlinear -IROMS/Nonlinear/Biology -IROMS/Nonlinear/Sediment -IROMS/Nonlinear/Wec -IROMS/Nonlinear/Vegetation -IROMS/Utility -IROMS/Drivers -IROMS/Functionals -I/home/tr16/COAWST_3.7/Projects/Sandy -ISWAN/Src -IMaster -ICompilers -D'HEADER_DIR="/home/tr16/COAWST_3.7/Projects/Sandy"'  ROMS/Nonlinear/bc_2d.F > Build_roms/bc_2d.f90
/usr/bin/cpp -P -traditional -w               -DMPI -DLINUX -DX86_64 -DGFORTRAN -D'ROOT_DIR="/home/tr16/COAWST_3.7"' -DSANDY -D'HEADER="sandy.h"' -D'ROMS_HEADER="/home/tr16/COAWST_3.7/Projects/Sandy/sandy.h"' -DNestedGrids= -D'ANALYTICAL_DIR="/home/tr16/COAWST_3.7/Projects/Sandy"' -D'MY_ANALYTICAL="on"' -D'SVN_URL=""' -D'SVN_REV=""' -IROMS/Include -I/home/tr16/COAWST_3.7/Projects/Sandy -IROMS/Nonlinear -IROMS/Nonlinear/Biology -IROMS/Nonlinear/Sediment -IROMS/Nonlinear/Wec -IROMS/Nonlinear/Vegetation -IROMS/Utility -IROMS/Drivers -IROMS/Functionals -I/home/tr16/COAWST_3.7/Projects/Sandy -ISWAN/Src -IMaster -ICompilers -D'HEADER_DIR="/home/tr16/COAWST_3.7/Projects/Sandy"'  ROMS/Nonlinear/exchange_2d.F > Build_roms/exchange_2d.f90
/usr/bin/cpp -P -traditional -w               -DMPI -DLINUX -DX86_64 -DGFORTRAN -D'ROOT_DIR="/home/tr16/COAWST_3.7"' -DSANDY -D'HEADER="sandy.h"' -D'ROMS_HEADER="/home/tr16/COAWST_3.7/Projects/Sandy/sandy.h"' -DNestedGrids= -D'ANALYTICAL_DIR="/home/tr16/COAWST_3.7/Projects/Sandy"' -D'MY_ANALYTICAL="on"' -D'SVN_URL=""' -D'SVN_REV=""' -IROMS/Include -I/home/tr16/COAWST_3.7/Projects/Sandy -IROMS/Nonlinear -IROMS/Nonlinear/Biology -IROMS/Nonlinear/Sediment -IROMS/Nonlinear/Wec -IROMS/Nonlinear/Vegetation -IROMS/Utility -IROMS/Drivers -IROMS/Functionals -I/home/tr16/COAWST_3.7/Projects/Sandy -ISWAN/Src -IMaster -ICompilers -D'HEADER_DIR="/home/tr16/COAWST_3.7/Projects/Sandy"'  ROMS/Nonlinear/conv_3d.F > Build_roms/conv_3d.f90
/usr/bin/cpp -P -traditional -w               -DMPI -DLINUX -DX86_64 -DGFORTRAN -D'ROOT_DIR="/home/tr16/COAWST_3.7"' -DSANDY -D'HEADER="sandy.h"' -D'ROMS_HEADER="/home/tr16/COAWST_3.7/Projects/Sandy/sandy.h"' -DNestedGrids= -D'ANALYTICAL_DIR="/home/tr16/COAWST_3.7/Projects/Sandy"' -D'MY_ANALYTICAL="on"' -D'SVN_URL=""' -D'SVN_REV=""' -IROMS/Include -I/home/tr16/COAWST_3.7/Projects/Sandy -IROMS/Nonlinear -IROMS/Nonlinear/Biology -IROMS/Nonlinear/Sediment -IROMS/Nonlinear/Wec -IROMS/Nonlinear/Vegetation -IROMS/Utility -IROMS/Drivers -IROMS/Functionals -I/home/tr16/COAWST_3.7/Projects/Sandy -ISWAN/Src -IMaster -ICompilers -D'HEADER_DIR="/home/tr16/COAWST_3.7/Projects/Sandy"'  ROMS/Nonlinear/bc_3d.F > Build_roms/bc_3d.f90
/usr/bin/cpp -P -traditional -w               -DMPI -DLINUX -DX86_64 -DGFORTRAN -D'ROOT_DIR="/home/tr16/COAWST_3.7"' -DSANDY -D'HEADER="sandy.h"' -D'ROMS_HEADER="/home/tr16/COAWST_3.7/Projects/Sandy/sandy.h"' -DNestedGrids= -D'ANALYTICAL_DIR="/home/tr16/COAWST_3.7/Projects/Sandy"' -D'MY_ANALYTICAL="on"' -D'SVN_URL=""' -D'SVN_REV=""' -IROMS/Include -I/home/tr16/COAWST_3.7/Projects/Sandy -IROMS/Nonlinear -IROMS/Nonlinear/Biology -IROMS/Nonlinear/Sediment -IROMS/Nonlinear/Wec -IROMS/Nonlinear/Vegetation -IROMS/Utility -IROMS/Drivers -IROMS/Functionals -I/home/tr16/COAWST_3.7/Projects/Sandy -ISWAN/Src -IMaster -ICompilers -D'HEADER_DIR="/home/tr16/COAWST_3.7/Projects/Sandy"'  ROMS/Nonlinear/lmd_bkpp.F > Build_roms/lmd_bkpp.f90
/usr/bin/cpp -P -traditional -w               -DMPI -DLINUX -DX86_64 -DGFORTRAN -D'ROOT_DIR="/home/tr16/COAWST_3.7"' -DSANDY -D'HEADER="sandy.h"' -D'ROMS_HEADER="/home/tr16/COAWST_3.7/Projects/Sandy/sandy.h"' -DNestedGrids= -D'ANALYTICAL_DIR="/home/tr16/COAWST_3.7/Projects/Sandy"' -D'MY_ANALYTICAL="on"' -D'SVN_URL=""' -D'SVN_REV=""' -IROMS/Include -I/home/tr16/COAWST_3.7/Projects/Sandy -IROMS/Nonlinear -IROMS/Nonlinear/Biology -IROMS/Nonlinear/Sediment -IROMS/Nonlinear/Wec -IROMS/Nonlinear/Vegetation -IROMS/Utility -IROMS/Drivers -IROMS/Functionals -I/home/tr16/COAWST_3.7/Projects/Sandy -ISWAN/Src -IMaster -ICompilers -D'HEADER_DIR="/home/tr16/COAWST_3.7/Projects/Sandy"'  ROMS/Modules/mod_forces.F > Build_roms/mod_forces.f90
/usr/bin/cpp -P -traditional -w               -DMPI -DLINUX -DX86_64 -DGFORTRAN -D'ROOT_DIR="/home/tr16/COAWST_3.7"' -DSANDY -D'HEADER="sandy.h"' -D'ROMS_HEADER="/home/tr16/COAWST_3.7/Projects/Sandy/sandy.h"' -DNestedGrids= -D'ANALYTICAL_DIR="/home/tr16/COAWST_3.7/Projects/Sandy"' -D'MY_ANALYTICAL="on"' -D'SVN_URL=""' -D'SVN_REV=""' -IROMS/Include -I/home/tr16/COAWST_3.7/Projects/Sandy -IROMS/Nonlinear -IROMS/Nonlinear/Biology -IROMS/Nonlinear/Sediment -IROMS/Nonlinear/Wec -IROMS/Nonlinear/Vegetation -IROMS/Utility -IROMS/Drivers -IROMS/Functionals -I/home/tr16/COAWST_3.7/Projects/Sandy -ISWAN/Src -IMaster -ICompilers -D'HEADER_DIR="/home/tr16/COAWST_3.7/Projects/Sandy"'  ROMS/Utility/shapiro.F > Build_roms/shapiro.f90
/usr/bin/cpp -P -traditional -w               -DMPI -DLINUX -DX86_64 -DGFORTRAN -D'ROOT_DIR="/home/tr16/COAWST_3.7"' -DSANDY -D'HEADER="sandy.h"' -D'ROMS_HEADER="/home/tr16/COAWST_3.7/Projects/Sandy/sandy.h"' -DNestedGrids= -D'ANALYTICAL_DIR="/home/tr16/COAWST_3.7/Projects/Sandy"' -D'MY_ANALYTICAL="on"' -D'SVN_URL=""' -D'SVN_REV=""' -IROMS/Include -I/home/tr16/COAWST_3.7/Projects/Sandy -IROMS/Nonlinear -IROMS/Nonlinear/Biology -IROMS/Nonlinear/Sediment -IROMS/Nonlinear/Wec -IROMS/Nonlinear/Vegetation -IROMS/Utility -IROMS/Drivers -IROMS/Functionals -I/home/tr16/COAWST_3.7/Projects/Sandy -ISWAN/Src -IMaster -ICompilers -D'HEADER_DIR="/home/tr16/COAWST_3.7/Projects/Sandy"'  ROMS/Nonlinear/lmd_skpp.F > Build_roms/lmd_skpp.f90
/usr/bin/cpp -P -traditional -w               -DMPI -DLINUX -DX86_64 -DGFORTRAN -D'ROOT_DIR="/home/tr16/COAWST_3.7"' -DSANDY -D'HEADER="sandy.h"' -D'ROMS_HEADER="/home/tr16/COAWST_3.7/Projects/Sandy/sandy.h"' -DNestedGrids= -D'ANALYTICAL_DIR="/home/tr16/COAWST_3.7/Projects/Sandy"' -D'MY_ANALYTICAL="on"' -D'SVN_URL=""' -D'SVN_REV=""' -IROMS/Include -I/home/tr16/COAWST_3.7/Projects/Sandy -IROMS/Nonlinear -IROMS/Nonlinear/Biology -IROMS/Nonlinear/Sediment -IROMS/Nonlinear/Wec -IROMS/Nonlinear/Vegetation -IROMS/Utility -IROMS/Drivers -IROMS/Functionals -I/home/tr16/COAWST_3.7/Projects/Sandy -ISWAN/Src -IMaster -ICompilers -D'HEADER_DIR="/home/tr16/COAWST_3.7/Projects/Sandy"'  ROMS/Modules/mod_clima.F > Build_roms/mod_clima.f90
/usr/bin/cpp -P -traditional -w               -DMPI -DLINUX -DX86_64 -DGFORTRAN -D'ROOT_DIR="/home/tr16/COAWST_3.7"' -DSANDY -D'HEADER="sandy.h"' -D'ROMS_HEADER="/home/tr16/COAWST_3.7/Projects/Sandy/sandy.h"' -DNestedGrids= -D'ANALYTICAL_DIR="/home/tr16/COAWST_3.7/Projects/Sandy"' -D'MY_ANALYTICAL="on"' -D'SVN_URL=""' -D'SVN_REV=""' -IROMS/Include -I/home/tr16/COAWST_3.7/Projects/Sandy -IROMS/Nonlinear -IROMS/Nonlinear/Biology -IROMS/Nonlinear/Sediment -IROMS/Nonlinear/Wec -IROMS/Nonlinear/Vegetation -IROMS/Utility -IROMS/Drivers -IROMS/Functionals -I/home/tr16/COAWST_3.7/Projects/Sandy -ISWAN/Src -IMaster -ICompilers -D'HEADER_DIR="/home/tr16/COAWST_3.7/Projects/Sandy"'  ROMS/Nonlinear/my25_prestep.F > Build_roms/my25_prestep.f90
/usr/bin/cpp -P -traditional -w               -DMPI -DLINUX -DX86_64 -DGFORTRAN -D'ROOT_DIR="/home/tr16/COAWST_3.7"' -DSANDY -D'HEADER="sandy.h"' -D'ROMS_HEADER="/home/tr16/COAWST_3.7/Projects/Sandy/sandy.h"' -DNestedGrids= -D'ANALYTICAL_DIR="/home/tr16/COAWST_3.7/Projects/Sandy"' -D'MY_ANALYTICAL="on"' -D'SVN_URL=""' -D'SVN_REV=""' -IROMS/Include -I/home/tr16/COAWST_3.7/Projects/Sandy -IROMS/Nonlinear -IROMS/Nonlinear/Biology -IROMS/Nonlinear/Sediment -IROMS/Nonlinear/Wec -IROMS/Nonlinear/Vegetation -IROMS/Utility -IROMS/Drivers -IROMS/Functionals -I/home/tr16/COAWST_3.7/Projects/Sandy -ISWAN/Src -IMaster -ICompilers -D'HEADER_DIR="/home/tr16/COAWST_3.7/Projects/Sandy"'  ROMS/Nonlinear/lmd_swfrac.F > Build_roms/lmd_swfrac.f90
/usr/bin/cpp -P -traditional -w               -DMPI -DLINUX -DX86_64 -DGFORTRAN -D'ROOT_DIR="/home/tr16/COAWST_3.7"' -DSANDY -D'HEADER="sandy.h"' -D'ROMS_HEADER="/home/tr16/COAWST_3.7/Projects/Sandy/sandy.h"' -DNestedGrids= -D'ANALYTICAL_DIR="/home/tr16/COAWST_3.7/Projects/Sandy"' -D'MY_ANALYTICAL="on"' -D'SVN_URL=""' -D'SVN_REV=""' -IROMS/Include -I/home/tr16/COAWST_3.7/Projects/Sandy -IROMS/Nonlinear -IROMS/Nonlinear/Biology -IROMS/Nonlinear/Sediment -IROMS/Nonlinear/Wec -IROMS/Nonlinear/Vegetation -IROMS/Utility -IROMS/Drivers -IROMS/Functionals -I/home/tr16/COAWST_3.7/Projects/Sandy -ISWAN/Src -IMaster -ICompilers -D'HEADER_DIR="/home/tr16/COAWST_3.7/Projects/Sandy"'  ROMS/Nonlinear/conv_2d.F > Build_roms/conv_2d.f90
/usr/bin/cpp -P -traditional -w               -DMPI -DLINUX -DX86_64 -DGFORTRAN -D'ROOT_DIR="/home/tr16/COAWST_3.7"' -DSANDY -D'HEADER="sandy.h"' -D'ROMS_HEADER="/home/tr16/COAWST_3.7/Projects/Sandy/sandy.h"' -DNestedGrids= -D'ANALYTICAL_DIR="/home/tr16/COAWST_3.7/Projects/Sandy"' -D'MY_ANALYTICAL="on"' -D'SVN_URL=""' -D'SVN_REV=""' -IROMS/Include -I/home/tr16/COAWST_3.7/Projects/Sandy -IROMS/Nonlinear -IROMS/Nonlinear/Biology -IROMS/Nonlinear/Sediment -IROMS/Nonlinear/Wec -IROMS/Nonlinear/Vegetation -IROMS/Utility -IROMS/Drivers -IROMS/Functionals -I/home/tr16/COAWST_3.7/Projects/Sandy -ISWAN/Src -IMaster -ICompilers -D'HEADER_DIR="/home/tr16/COAWST_3.7/Projects/Sandy"'  ROMS/Nonlinear/bc_bry2d.F > Build_roms/bc_bry2d.f90
ROMS/Bin/cpp_clean Build_roms/mod_kinds.f90
ROMS/Bin/cpp_clean Build_roms/gls_prestep.f90
ROMS/Bin/cpp_clean Build_roms/exchange_3d.f90
ROMS/Bin/cpp_clean Build_roms/mod_param.f90
ROMS/Bin/cpp_clean Build_roms/mod_mixing.f90
ROMS/Bin/cpp_clean Build_roms/mod_grid.f90
ROMS/Bin/cpp_clean Build_roms/mod_stepping.f90
ROMS/Bin/cpp_clean Build_roms/mod_scalars.f90
ROMS/Bin/cpp_clean Build_roms/mod_ocean.f90
ROMS/Bin/cpp_clean Build_roms/mod_iounits.f90
ROMS/Bin/cpp_clean Build_roms/mod_parallel.f90
ROMS/Bin/cpp_clean Build_roms/tkebc_im.f90
ROMS/Bin/cpp_clean Build_roms/mod_strings.f90
ROMS/Bin/cpp_clean Build_roms/mod_boundary.f90
ROMS/Bin/cpp_clean Build_roms/mod_biology.f90
/usr/bin/cpp -P -traditional -w               -DMPI -DLINUX -DX86_64 -DGFORTRAN -D'ROOT_DIR="/home/tr16/COAWST_3.7"' -DSANDY -D'HEADER="sandy.h"' -D'ROMS_HEADER="/home/tr16/COAWST_3.7/Projects/Sandy/sandy.h"' -DNestedGrids= -D'ANALYTICAL_DIR="/home/tr16/COAWST_3.7/Projects/Sandy"' -D'MY_ANALYTICAL="on"' -D'SVN_URL=""' -D'SVN_REV=""' -IROMS/Include -I/home/tr16/COAWST_3.7/Projects/Sandy -IROMS/Nonlinear -IROMS/Nonlinear/Biology -IROMS/Nonlinear/Sediment -IROMS/Nonlinear/Wec -IROMS/Nonlinear/Vegetation -IROMS/Utility -IROMS/Drivers -IROMS/Functionals -I/home/tr16/COAWST_3.7/Projects/Sandy -ISWAN/Src -IMaster -ICompilers -D'HEADER_DIR="/home/tr16/COAWST_3.7/Projects/Sandy"'  ROMS/Nonlinear/u2dbc_im.F > Build_roms/u2dbc_im.f90
ROMS/Bin/cpp_clean Build_roms/mp_exchange.f90
ROMS/Bin/cpp_clean Build_roms/mod_ncparam.f90
ROMS/Bin/cpp_clean Build_roms/mod_sediment.f90
ROMS/Bin/cpp_clean Build_roms/mod_vegetation.f90
/usr/bin/cpp -P -traditional -w               -DMPI -DLINUX -DX86_64 -DGFORTRAN -D'ROOT_DIR="/home/tr16/COAWST_3.7"' -DSANDY -D'HEADER="sandy.h"' -D'ROMS_HEADER="/home/tr16/COAWST_3.7/Projects/Sandy/sandy.h"' -DNestedGrids= -D'ANALYTICAL_DIR="/home/tr16/COAWST_3.7/Projects/Sandy"' -D'MY_ANALYTICAL="on"' -D'SVN_URL=""' -D'SVN_REV=""' -IROMS/Include -I/home/tr16/COAWST_3.7/Projects/Sandy -IROMS/Nonlinear -IROMS/Nonlinear/Biology -IROMS/Nonlinear/Sediment -IROMS/Nonlinear/Wec -IROMS/Nonlinear/Vegetation -IROMS/Utility -IROMS/Drivers -IROMS/Functionals -I/home/tr16/COAWST_3.7/Projects/Sandy -ISWAN/Src -IMaster -ICompilers -D'HEADER_DIR="/home/tr16/COAWST_3.7/Projects/Sandy"'  ROMS/Modules/mod_nesting.F > Build_roms/mod_nesting.f90
ROMS/Bin/cpp_clean Build_roms/bc_2d.f90
ROMS/Bin/cpp_clean Build_roms/exchange_2d.f90
ROMS/Bin/cpp_clean Build_roms/conv_3d.f90
ROMS/Bin/cpp_clean Build_roms/lmd_bkpp.f90
ROMS/Bin/cpp_clean Build_roms/bc_3d.f90
ROMS/Bin/cpp_clean Build_roms/shapiro.f90
/usr/bin/cpp -P -traditional -w               -DMPI -DLINUX -DX86_64 -DGFORTRAN -D'ROOT_DIR="/home/tr16/COAWST_3.7"' -DSANDY -D'HEADER="sandy.h"' -D'ROMS_HEADER="/home/tr16/COAWST_3.7/Projects/Sandy/sandy.h"' -DNestedGrids= -D'ANALYTICAL_DIR="/home/tr16/COAWST_3.7/Projects/Sandy"' -D'MY_ANALYTICAL="on"' -D'SVN_URL=""' -D'SVN_REV=""' -IROMS/Include -I/home/tr16/COAWST_3.7/Projects/Sandy -IROMS/Nonlinear -IROMS/Nonlinear/Biology -IROMS/Nonlinear/Sediment -IROMS/Nonlinear/Wec -IROMS/Nonlinear/Vegetation -IROMS/Utility -IROMS/Drivers -IROMS/Functionals -I/home/tr16/COAWST_3.7/Projects/Sandy -ISWAN/Src -IMaster -ICompilers -D'HEADER_DIR="/home/tr16/COAWST_3.7/Projects/Sandy"'  ROMS/Nonlinear/v2dbc_im.F > Build_roms/v2dbc_im.f90
/usr/bin/cpp -P -traditional -w               -DMPI -DLINUX -DX86_64 -DGFORTRAN -D'ROOT_DIR="/home/tr16/COAWST_3.7"' -DSANDY -D'HEADER="sandy.h"' -D'ROMS_HEADER="/home/tr16/COAWST_3.7/Projects/Sandy/sandy.h"' -DNestedGrids= -D'ANALYTICAL_DIR="/home/tr16/COAWST_3.7/Projects/Sandy"' -D'MY_ANALYTICAL="on"' -D'SVN_URL=""' -D'SVN_REV=""' -IROMS/Include -I/home/tr16/COAWST_3.7/Projects/Sandy -IROMS/Nonlinear -IROMS/Nonlinear/Biology -IROMS/Nonlinear/Sediment -IROMS/Nonlinear/Wec -IROMS/Nonlinear/Vegetation -IROMS/Utility -IROMS/Drivers -IROMS/Functionals -I/home/tr16/COAWST_3.7/Projects/Sandy -ISWAN/Src -IMaster -ICompilers -D'HEADER_DIR="/home/tr16/COAWST_3.7/Projects/Sandy"'  ROMS/Nonlinear/exchange_4d.F > Build_roms/exchange_4d.f90
ROMS/Bin/cpp_clean Build_roms/mod_forces.f90
ROMS/Bin/cpp_clean Build_roms/lmd_skpp.f90
ROMS/Bin/cpp_clean Build_roms/mod_clima.f90
ROMS/Bin/cpp_clean Build_roms/my25_prestep.f90
ROMS/Bin/cpp_clean Build_roms/lmd_swfrac.f90
/usr/bin/cpp -P -traditional -w               -DMPI -DLINUX -DX86_64 -DGFORTRAN -D'ROOT_DIR="/home/tr16/COAWST_3.7"' -DSANDY -D'HEADER="sandy.h"' -D'ROMS_HEADER="/home/tr16/COAWST_3.7/Projects/Sandy/sandy.h"' -DNestedGrids= -D'ANALYTICAL_DIR="/home/tr16/COAWST_3.7/Projects/Sandy"' -D'MY_ANALYTICAL="on"' -D'SVN_URL=""' -D'SVN_REV=""' -IROMS/Include -I/home/tr16/COAWST_3.7/Projects/Sandy -IROMS/Nonlinear -IROMS/Nonlinear/Biology -IROMS/Nonlinear/Sediment -IROMS/Nonlinear/Wec -IROMS/Nonlinear/Vegetation -IROMS/Utility -IROMS/Drivers -IROMS/Functionals -I/home/tr16/COAWST_3.7/Projects/Sandy -ISWAN/Src -IMaster -ICompilers -D'HEADER_DIR="/home/tr16/COAWST_3.7/Projects/Sandy"'  ROMS/Nonlinear/frc_adjust.F > Build_roms/frc_adjust.f90
ROMS/Bin/cpp_clean Build_roms/conv_2d.f90
ROMS/Bin/cpp_clean Build_roms/bc_bry2d.f90
/usr/bin/cpp -P -traditional -w               -DMPI -DLINUX -DX86_64 -DGFORTRAN -D'ROOT_DIR="/home/tr16/COAWST_3.7"' -DSANDY -D'HEADER="sandy.h"' -D'ROMS_HEADER="/home/tr16/COAWST_3.7/Projects/Sandy/sandy.h"' -DNestedGrids= -D'ANALYTICAL_DIR="/home/tr16/COAWST_3.7/Projects/Sandy"' -D'MY_ANALYTICAL="on"' -D'SVN_URL=""' -D'SVN_REV=""' -IROMS/Include -I/home/tr16/COAWST_3.7/Projects/Sandy -IROMS/Nonlinear -IROMS/Nonlinear/Biology -IROMS/Nonlinear/Sediment -IROMS/Nonlinear/Wec -IROMS/Nonlinear/Vegetation -IROMS/Utility -IROMS/Drivers -IROMS/Functionals -I/home/tr16/COAWST_3.7/Projects/Sandy -ISWAN/Src -IMaster -ICompilers -D'HEADER_DIR="/home/tr16/COAWST_3.7/Projects/Sandy"'  ROMS/Nonlinear/bc_bry3d.F > Build_roms/bc_bry3d.f90
/usr/bin/cpp -P -traditional -w               -DMPI -DLINUX -DX86_64 -DGFORTRAN -D'ROOT_DIR="/home/tr16/COAWST_3.7"' -DSANDY -D'HEADER="sandy.h"' -D'ROMS_HEADER="/home/tr16/COAWST_3.7/Projects/Sandy/sandy.h"' -DNestedGrids= -D'ANALYTICAL_DIR="/home/tr16/COAWST_3.7/Projects/Sandy"' -D'MY_ANALYTICAL="on"' -D'SVN_URL=""' -D'SVN_REV=""' -IROMS/Include -I/home/tr16/COAWST_3.7/Projects/Sandy -IROMS/Nonlinear -IROMS/Nonlinear/Biology -IROMS/Nonlinear/Sediment -IROMS/Nonlinear/Wec -IROMS/Nonlinear/Vegetation -IROMS/Utility -IROMS/Drivers -IROMS/Functionals -I/home/tr16/COAWST_3.7/Projects/Sandy -ISWAN/Src -IMaster -ICompilers -D'HEADER_DIR="/home/tr16/COAWST_3.7/Projects/Sandy"'  ROMS/Nonlinear/wvelocity.F > Build_roms/wvelocity.f90
/usr/bin/cpp -P -traditional -w               -DMPI -DLINUX -DX86_64 -DGFORTRAN -D'ROOT_DIR="/home/tr16/COAWST_3.7"' -DSANDY -D'HEADER="sandy.h"' -D'ROMS_HEADER="/home/tr16/COAWST_3.7/Projects/Sandy/sandy.h"' -DNestedGrids= -D'ANALYTICAL_DIR="/home/tr16/COAWST_3.7/Projects/Sandy"' -D'MY_ANALYTICAL="on"' -D'SVN_URL=""' -D'SVN_REV=""' -IROMS/Include -I/home/tr16/COAWST_3.7/Projects/Sandy -IROMS/Nonlinear -IROMS/Nonlinear/Biology -IROMS/Nonlinear/Sediment -IROMS/Nonlinear/Wec -IROMS/Nonlinear/Vegetation -IROMS/Utility -IROMS/Drivers -IROMS/Functionals -I/home/tr16/COAWST_3.7/Projects/Sandy -ISWAN/Src -IMaster -ICompilers -D'HEADER_DIR="/home/tr16/COAWST_3.7/Projects/Sandy"'  ROMS/Modules/mod_coupling.F > Build_roms/mod_coupling.f90
/usr/bin/cpp -P -traditional -w               -DMPI -DLINUX -DX86_64 -DGFORTRAN -D'ROOT_DIR="/home/tr16/COAWST_3.7"' -DSANDY -D'HEADER="sandy.h"' -D'ROMS_HEADER="/home/tr16/COAWST_3.7/Projects/Sandy/sandy.h"' -DNestedGrids= -D'ANALYTICAL_DIR="/home/tr16/COAWST_3.7/Projects/Sandy"' -D'MY_ANALYTICAL="on"' -D'SVN_URL=""' -D'SVN_REV=""' -IROMS/Include -I/home/tr16/COAWST_3.7/Projects/Sandy -IROMS/Nonlinear -IROMS/Nonlinear/Biology -IROMS/Nonlinear/Sediment -IROMS/Nonlinear/Wec -IROMS/Nonlinear/Vegetation -IROMS/Utility -IROMS/Drivers -IROMS/Functionals -I/home/tr16/COAWST_3.7/Projects/Sandy -ISWAN/Src -IMaster -ICompilers -D'HEADER_DIR="/home/tr16/COAWST_3.7/Projects/Sandy"'  ROMS/Nonlinear/bbl.F > Build_roms/bbl.f90
/usr/bin/cpp -P -traditional -w               -DMPI -DLINUX -DX86_64 -DGFORTRAN -D'ROOT_DIR="/home/tr16/COAWST_3.7"' -DSANDY -D'HEADER="sandy.h"' -D'ROMS_HEADER="/home/tr16/COAWST_3.7/Projects/Sandy/sandy.h"' -DNestedGrids= -D'ANALYTICAL_DIR="/home/tr16/COAWST_3.7/Projects/Sandy"' -D'MY_ANALYTICAL="on"' -D'SVN_URL=""' -D'SVN_REV=""' -IROMS/Include -I/home/tr16/COAWST_3.7/Projects/Sandy -IROMS/Nonlinear -IROMS/Nonlinear/Biology -IROMS/Nonlinear/Sediment -IROMS/Nonlinear/Wec -IROMS/Nonlinear/Vegetation -IROMS/Utility -IROMS/Drivers -IROMS/Functionals -I/home/tr16/COAWST_3.7/Projects/Sandy -ISWAN/Src -IMaster -ICompilers -D'HEADER_DIR="/home/tr16/COAWST_3.7/Projects/Sandy"'  ROMS/Modules/mod_bbl.F > Build_roms/mod_bbl.f90
/usr/bin/cpp -P -traditional -w               -DMPI -DLINUX -DX86_64 -DGFORTRAN -D'ROOT_DIR="/home/tr16/COAWST_3.7"' -DSANDY -D'HEADER="sandy.h"' -D'ROMS_HEADER="/home/tr16/COAWST_3.7/Projects/Sandy/sandy.h"' -DNestedGrids= -D'ANALYTICAL_DIR="/home/tr16/COAWST_3.7/Projects/Sandy"' -D'MY_ANALYTICAL="on"' -D'SVN_URL=""' -D'SVN_REV=""' -IROMS/Include -I/home/tr16/COAWST_3.7/Projects/Sandy -IROMS/Nonlinear -IROMS/Nonlinear/Biology -IROMS/Nonlinear/Sediment -IROMS/Nonlinear/Wec -IROMS/Nonlinear/Vegetation -IROMS/Utility -IROMS/Drivers -IROMS/Functionals -I/home/tr16/COAWST_3.7/Projects/Sandy -ISWAN/Src -IMaster -ICompilers -D'HEADER_DIR="/home/tr16/COAWST_3.7/Projects/Sandy"'  ROMS/Modules/mod_sedbed.F > Build_roms/mod_sedbed.f90
/usr/bin/cpp -P -traditional -w               -DMPI -DLINUX -DX86_64 -DGFORTRAN -D'ROOT_DIR="/home/tr16/COAWST_3.7"' -DSANDY -D'HEADER="sandy.h"' -D'ROMS_HEADER="/home/tr16/COAWST_3.7/Projects/Sandy/sandy.h"' -DNestedGrids= -D'ANALYTICAL_DIR="/home/tr16/COAWST_3.7/Projects/Sandy"' -D'MY_ANALYTICAL="on"' -D'SVN_URL=""' -D'SVN_REV=""' -IROMS/Include -I/home/tr16/COAWST_3.7/Projects/Sandy -IROMS/Nonlinear -IROMS/Nonlinear/Biology -IROMS/Nonlinear/Sediment -IROMS/Nonlinear/Wec -IROMS/Nonlinear/Vegetation -IROMS/Utility -IROMS/Drivers -IROMS/Functionals -I/home/tr16/COAWST_3.7/Projects/Sandy -ISWAN/Src -IMaster -ICompilers -D'HEADER_DIR="/home/tr16/COAWST_3.7/Projects/Sandy"'  ROMS/Nonlinear/step_floats.F > Build_roms/step_floats.f90
/usr/bin/cpp -P -traditional -w               -DMPI -DLINUX -DX86_64 -DGFORTRAN -D'ROOT_DIR="/home/tr16/COAWST_3.7"' -DSANDY -D'HEADER="sandy.h"' -D'ROMS_HEADER="/home/tr16/COAWST_3.7/Projects/Sandy/sandy.h"' -DNestedGrids= -D'ANALYTICAL_DIR="/home/tr16/COAWST_3.7/Projects/Sandy"' -D'MY_ANALYTICAL="on"' -D'SVN_URL=""' -D'SVN_REV=""' -IROMS/Include -I/home/tr16/COAWST_3.7/Projects/Sandy -IROMS/Nonlinear -IROMS/Nonlinear/Biology -IROMS/Nonlinear/Sediment -IROMS/Nonlinear/Wec -IROMS/Nonlinear/Vegetation -IROMS/Utility -IROMS/Drivers -IROMS/Functionals -I/home/tr16/COAWST_3.7/Projects/Sandy -ISWAN/Src -IMaster -ICompilers -D'HEADER_DIR="/home/tr16/COAWST_3.7/Projects/Sandy"'  ROMS/Nonlinear/Biology/biology_floats.F > Build_roms/biology_floats.f90
/usr/bin/cpp -P -traditional -w               -DMPI -DLINUX -DX86_64 -DGFORTRAN -D'ROOT_DIR="/home/tr16/COAWST_3.7"' -DSANDY -D'HEADER="sandy.h"' -D'ROMS_HEADER="/home/tr16/COAWST_3.7/Projects/Sandy/sandy.h"' -DNestedGrids= -D'ANALYTICAL_DIR="/home/tr16/COAWST_3.7/Projects/Sandy"' -D'MY_ANALYTICAL="on"' -D'SVN_URL=""' -D'SVN_REV=""' -IROMS/Include -I/home/tr16/COAWST_3.7/Projects/Sandy -IROMS/Nonlinear -IROMS/Nonlinear/Biology -IROMS/Nonlinear/Sediment -IROMS/Nonlinear/Wec -IROMS/Nonlinear/Vegetation -IROMS/Utility -IROMS/Drivers -IROMS/Functionals -I/home/tr16/COAWST_3.7/Projects/Sandy -ISWAN/Src -IMaster -ICompilers -D'HEADER_DIR="/home/tr16/COAWST_3.7/Projects/Sandy"'  ROMS/Modules/mod_behavior.F > Build_roms/mod_behavior.f90
/usr/bin/cpp -P -traditional -w               -DMPI -DLINUX -DX86_64 -DGFORTRAN -D'ROOT_DIR="/home/tr16/COAWST_3.7"' -DSANDY -D'HEADER="sandy.h"' -D'ROMS_HEADER="/home/tr16/COAWST_3.7/Projects/Sandy/sandy.h"' -DNestedGrids= -D'ANALYTICAL_DIR="/home/tr16/COAWST_3.7/Projects/Sandy"' -D'MY_ANALYTICAL="on"' -D'SVN_URL=""' -D'SVN_REV=""' -IROMS/Include -I/home/tr16/COAWST_3.7/Projects/Sandy -IROMS/Nonlinear -IROMS/Nonlinear/Biology -IROMS/Nonlinear/Sediment -IROMS/Nonlinear/Wec -IROMS/Nonlinear/Vegetation -IROMS/Utility -IROMS/Drivers -IROMS/Functionals -I/home/tr16/COAWST_3.7/Projects/Sandy -ISWAN/Src -IMaster -ICompilers -D'HEADER_DIR="/home/tr16/COAWST_3.7/Projects/Sandy"'  ROMS/Modules/mod_floats.F > Build_roms/mod_floats.f90
/usr/bin/cpp -P -traditional -w               -DMPI -DLINUX -DX86_64 -DGFORTRAN -D'ROOT_DIR="/home/tr16/COAWST_3.7"' -DSANDY -D'HEADER="sandy.h"' -D'ROMS_HEADER="/home/tr16/COAWST_3.7/Projects/Sandy/sandy.h"' -DNestedGrids= -D'ANALYTICAL_DIR="/home/tr16/COAWST_3.7/Projects/Sandy"' -D'MY_ANALYTICAL="on"' -D'SVN_URL=""' -D'SVN_REV=""' -IROMS/Include -I/home/tr16/COAWST_3.7/Projects/Sandy -IROMS/Nonlinear -IROMS/Nonlinear/Biology -IROMS/Nonlinear/Sediment -IROMS/Nonlinear/Wec -IROMS/Nonlinear/Vegetation -IROMS/Utility -IROMS/Drivers -IROMS/Functionals -I/home/tr16/COAWST_3.7/Projects/Sandy -ISWAN/Src -IMaster -ICompilers -D'HEADER_DIR="/home/tr16/COAWST_3.7/Projects/Sandy"'  ROMS/Utility/distribute.F > Build_roms/distribute.f90
/usr/bin/cpp -P -traditional -w               -DMPI -DLINUX -DX86_64 -DGFORTRAN -D'ROOT_DIR="/home/tr16/COAWST_3.7"' -DSANDY -D'HEADER="sandy.h"' -D'ROMS_HEADER="/home/tr16/COAWST_3.7/Projects/Sandy/sandy.h"' -DNestedGrids= -D'ANALYTICAL_DIR="/home/tr16/COAWST_3.7/Projects/Sandy"' -D'MY_ANALYTICAL="on"' -D'SVN_URL=""' -D'SVN_REV=""' -IROMS/Include -I/home/tr16/COAWST_3.7/Projects/Sandy -IROMS/Nonlinear -IROMS/Nonlinear/Biology -IROMS/Nonlinear/Sediment -IROMS/Nonlinear/Wec -IROMS/Nonlinear/Vegetation -IROMS/Utility -IROMS/Drivers -IROMS/Functionals -I/home/tr16/COAWST_3.7/Projects/Sandy -ISWAN/Src -IMaster -ICompilers -D'HEADER_DIR="/home/tr16/COAWST_3.7/Projects/Sandy"'  ROMS/Nonlinear/interp_floats.F > Build_roms/interp_floats.f90
/usr/bin/cpp -P -traditional -w               -DMPI -DLINUX -DX86_64 -DGFORTRAN -D'ROOT_DIR="/home/tr16/COAWST_3.7"' -DSANDY -D'HEADER="sandy.h"' -D'ROMS_HEADER="/home/tr16/COAWST_3.7/Projects/Sandy/sandy.h"' -DNestedGrids= -D'ANALYTICAL_DIR="/home/tr16/COAWST_3.7/Projects/Sandy"' -D'MY_ANALYTICAL="on"' -D'SVN_URL=""' -D'SVN_REV=""' -IROMS/Include -I/home/tr16/COAWST_3.7/Projects/Sandy -IROMS/Nonlinear -IROMS/Nonlinear/Biology -IROMS/Nonlinear/Sediment -IROMS/Nonlinear/Wec -IROMS/Nonlinear/Vegetation -IROMS/Utility -IROMS/Drivers -IROMS/Functionals -I/home/tr16/COAWST_3.7/Projects/Sandy -ISWAN/Src -IMaster -ICompilers -D'HEADER_DIR="/home/tr16/COAWST_3.7/Projects/Sandy"'  ROMS/Nonlinear/interp_floats_diapW.F > Build_roms/interp_floats_diapW.f90
/usr/bin/cpp -P -traditional -w               -DMPI -DLINUX -DX86_64 -DGFORTRAN -D'ROOT_DIR="/home/tr16/COAWST_3.7"' -DSANDY -D'HEADER="sandy.h"' -D'ROMS_HEADER="/home/tr16/COAWST_3.7/Projects/Sandy/sandy.h"' -DNestedGrids= -D'ANALYTICAL_DIR="/home/tr16/COAWST_3.7/Projects/Sandy"' -D'MY_ANALYTICAL="on"' -D'SVN_URL=""' -D'SVN_REV=""' -IROMS/Include -I/home/tr16/COAWST_3.7/Projects/Sandy -IROMS/Nonlinear -IROMS/Nonlinear/Biology -IROMS/Nonlinear/Sediment -IROMS/Nonlinear/Wec -IROMS/Nonlinear/Vegetation -IROMS/Utility -IROMS/Drivers -IROMS/Functionals -I/home/tr16/COAWST_3.7/Projects/Sandy -ISWAN/Src -IMaster -ICompilers -D'HEADER_DIR="/home/tr16/COAWST_3.7/Projects/Sandy"'  ROMS/Nonlinear/vwalk_floats.F > Build_roms/vwalk_floats.f90
/usr/bin/cpp -P -traditional -w               -DMPI -DLINUX -DX86_64 -DGFORTRAN -D'ROOT_DIR="/home/tr16/COAWST_3.7"' -DSANDY -D'HEADER="sandy.h"' -D'ROMS_HEADER="/home/tr16/COAWST_3.7/Projects/Sandy/sandy.h"' -DNestedGrids= -D'ANALYTICAL_DIR="/home/tr16/COAWST_3.7/Projects/Sandy"' -D'MY_ANALYTICAL="on"' -D'SVN_URL=""' -D'SVN_REV=""' -IROMS/Include -I/home/tr16/COAWST_3.7/Projects/Sandy -IROMS/Nonlinear -IROMS/Nonlinear/Biology -IROMS/Nonlinear/Sediment -IROMS/Nonlinear/Wec -IROMS/Nonlinear/Vegetation -IROMS/Utility -IROMS/Drivers -IROMS/Functionals -I/home/tr16/COAWST_3.7/Projects/Sandy -ISWAN/Src -IMaster -ICompilers -D'HEADER_DIR="/home/tr16/COAWST_3.7/Projects/Sandy"'  ROMS/Utility/nrutil.F > Build_roms/nrutil.f90
/usr/bin/cpp -P -traditional -w               -DMPI -DLINUX -DX86_64 -DGFORTRAN -D'ROOT_DIR="/home/tr16/COAWST_3.7"' -DSANDY -D'HEADER="sandy.h"' -D'ROMS_HEADER="/home/tr16/COAWST_3.7/Projects/Sandy/sandy.h"' -DNestedGrids= -D'ANALYTICAL_DIR="/home/tr16/COAWST_3.7/Projects/Sandy"' -D'MY_ANALYTICAL="on"' -D'SVN_URL=""' -D'SVN_REV=""' -IROMS/Include -I/home/tr16/COAWST_3.7/Projects/Sandy -IROMS/Nonlinear -IROMS/Nonlinear/Biology -IROMS/Nonlinear/Sediment -IROMS/Nonlinear/Wec -IROMS/Nonlinear/Vegetation -IROMS/Utility -IROMS/Drivers -IROMS/Functionals -I/home/tr16/COAWST_3.7/Projects/Sandy -ISWAN/Src -IMaster -ICompilers -D'HEADER_DIR="/home/tr16/COAWST_3.7/Projects/Sandy"'  ROMS/Nonlinear/prsgrd.F > Build_roms/prsgrd.f90
/usr/bin/cpp -P -traditional -w               -DMPI -DLINUX -DX86_64 -DGFORTRAN -D'ROOT_DIR="/home/tr16/COAWST_3.7"' -DSANDY -D'HEADER="sandy.h"' -D'ROMS_HEADER="/home/tr16/COAWST_3.7/Projects/Sandy/sandy.h"' -DNestedGrids= -D'ANALYTICAL_DIR="/home/tr16/COAWST_3.7/Projects/Sandy"' -D'MY_ANALYTICAL="on"' -D'SVN_URL=""' -D'SVN_REV=""' -IROMS/Include -I/home/tr16/COAWST_3.7/Projects/Sandy -IROMS/Nonlinear -IROMS/Nonlinear/Biology -IROMS/Nonlinear/Sediment -IROMS/Nonlinear/Wec -IROMS/Nonlinear/Vegetation -IROMS/Utility -IROMS/Drivers -IROMS/Functionals -I/home/tr16/COAWST_3.7/Projects/Sandy -ISWAN/Src -IMaster -ICompilers -D'HEADER_DIR="/home/tr16/COAWST_3.7/Projects/Sandy"'  ROMS/Modules/mod_diags.F > Build_roms/mod_diags.f90
/usr/bin/cpp -P -traditional -w               -DMPI -DLINUX -DX86_64 -DGFORTRAN -D'ROOT_DIR="/home/tr16/COAWST_3.7"' -DSANDY -D'HEADER="sandy.h"' -D'ROMS_HEADER="/home/tr16/COAWST_3.7/Projects/Sandy/sandy.h"' -DNestedGrids= -D'ANALYTICAL_DIR="/home/tr16/COAWST_3.7/Projects/Sandy"' -D'MY_ANALYTICAL="on"' -D'SVN_URL=""' -D'SVN_REV=""' -IROMS/Include -I/home/tr16/COAWST_3.7/Projects/Sandy -IROMS/Nonlinear -IROMS/Nonlinear/Biology -IROMS/Nonlinear/Sediment -IROMS/Nonlinear/Wec -IROMS/Nonlinear/Vegetation -IROMS/Utility -IROMS/Drivers -IROMS/Functionals -I/home/tr16/COAWST_3.7/Projects/Sandy -ISWAN/Src -IMaster -ICompilers -D'HEADER_DIR="/home/tr16/COAWST_3.7/Projects/Sandy"'  ROMS/Modules/mod_tides.F > Build_roms/mod_tides.f90
/usr/bin/cpp -P -traditional -w               -DMPI -DLINUX -DX86_64 -DGFORTRAN -D'ROOT_DIR="/home/tr16/COAWST_3.7"' -DSANDY -D'HEADER="sandy.h"' -D'ROMS_HEADER="/home/tr16/COAWST_3.7/Projects/Sandy/sandy.h"' -DNestedGrids= -D'ANALYTICAL_DIR="/home/tr16/COAWST_3.7/Projects/Sandy"' -D'MY_ANALYTICAL="on"' -D'SVN_URL=""' -D'SVN_REV=""' -IROMS/Include -I/home/tr16/COAWST_3.7/Projects/Sandy -IROMS/Nonlinear -IROMS/Nonlinear/Biology -IROMS/Nonlinear/Sediment -IROMS/Nonlinear/Wec -IROMS/Nonlinear/Vegetation -IROMS/Utility -IROMS/Drivers -IROMS/Functionals -I/home/tr16/COAWST_3.7/Projects/Sandy -ISWAN/Src -IMaster -ICompilers -D'HEADER_DIR="/home/tr16/COAWST_3.7/Projects/Sandy"'  ROMS/Modules/mod_netcdf.F > Build_roms/mod_netcdf.f90
/usr/bin/cpp -P -traditional -w               -DMPI -DLINUX -DX86_64 -DGFORTRAN -D'ROOT_DIR="/home/tr16/COAWST_3.7"' -DSANDY -D'HEADER="sandy.h"' -D'ROMS_HEADER="/home/tr16/COAWST_3.7/Projects/Sandy/sandy.h"' -DNestedGrids= -D'ANALYTICAL_DIR="/home/tr16/COAWST_3.7/Projects/Sandy"' -D'MY_ANALYTICAL="on"' -D'SVN_URL=""' -D'SVN_REV=""' -IROMS/Include -I/home/tr16/COAWST_3.7/Projects/Sandy -IROMS/Nonlinear -IROMS/Nonlinear/Biology -IROMS/Nonlinear/Sediment -IROMS/Nonlinear/Wec -IROMS/Nonlinear/Vegetation -IROMS/Utility -IROMS/Drivers -IROMS/Functionals -I/home/tr16/COAWST_3.7/Projects/Sandy -ISWAN/Src -IMaster -ICompilers -D'HEADER_DIR="/home/tr16/COAWST_3.7/Projects/Sandy"'  ROMS/Utility/dateclock.F > Build_roms/dateclock.f90
/usr/bin/cpp -P -traditional -w               -DMPI -DLINUX -DX86_64 -DGFORTRAN -D'ROOT_DIR="/home/tr16/COAWST_3.7"' -DSANDY -D'HEADER="sandy.h"' -D'ROMS_HEADER="/home/tr16/COAWST_3.7/Projects/Sandy/sandy.h"' -DNestedGrids= -D'ANALYTICAL_DIR="/home/tr16/COAWST_3.7/Projects/Sandy"' -D'MY_ANALYTICAL="on"' -D'SVN_URL=""' -D'SVN_REV=""' -IROMS/Include -I/home/tr16/COAWST_3.7/Projects/Sandy -IROMS/Nonlinear -IROMS/Nonlinear/Biology -IROMS/Nonlinear/Sediment -IROMS/Nonlinear/Wec -IROMS/Nonlinear/Vegetation -IROMS/Utility -IROMS/Drivers -IROMS/Functionals -I/home/tr16/COAWST_3.7/Projects/Sandy -ISWAN/Src -IMaster -ICompilers -D'HEADER_DIR="/home/tr16/COAWST_3.7/Projects/Sandy"'  ROMS/Utility/round.F > Build_roms/round.f90
/usr/bin/cpp -P -traditional -w               -DMPI -DLINUX -DX86_64 -DGFORTRAN -D'ROOT_DIR="/home/tr16/COAWST_3.7"' -DSANDY -D'HEADER="sandy.h"' -D'ROMS_HEADER="/home/tr16/COAWST_3.7/Projects/Sandy/sandy.h"' -DNestedGrids= -D'ANALYTICAL_DIR="/home/tr16/COAWST_3.7/Projects/Sandy"' -D'MY_ANALYTICAL="on"' -D'SVN_URL=""' -D'SVN_REV=""' -IROMS/Include -I/home/tr16/COAWST_3.7/Projects/Sandy -IROMS/Nonlinear -IROMS/Nonlinear/Biology -IROMS/Nonlinear/Sediment -IROMS/Nonlinear/Wec -IROMS/Nonlinear/Vegetation -IROMS/Utility -IROMS/Drivers -IROMS/Functionals -I/home/tr16/COAWST_3.7/Projects/Sandy -ISWAN/Src -IMaster -ICompilers -D'HEADER_DIR="/home/tr16/COAWST_3.7/Projects/Sandy"'  ROMS/Utility/strings.F > Build_roms/strings.f90
/usr/bin/cpp -P -traditional -w               -DMPI -DLINUX -DX86_64 -DGFORTRAN -D'ROOT_DIR="/home/tr16/COAWST_3.7"' -DSANDY -D'HEADER="sandy.h"' -D'ROMS_HEADER="/home/tr16/COAWST_3.7/Projects/Sandy/sandy.h"' -DNestedGrids= -D'ANALYTICAL_DIR="/home/tr16/COAWST_3.7/Projects/Sandy"' -D'MY_ANALYTICAL="on"' -D'SVN_URL=""' -D'SVN_REV=""' -IROMS/Include -I/home/tr16/COAWST_3.7/Projects/Sandy -IROMS/Nonlinear -IROMS/Nonlinear/Biology -IROMS/Nonlinear/Sediment -IROMS/Nonlinear/Wec -IROMS/Nonlinear/Vegetation -IROMS/Utility -IROMS/Drivers -IROMS/Functionals -I/home/tr16/COAWST_3.7/Projects/Sandy -ISWAN/Src -IMaster -ICompilers -D'HEADER_DIR="/home/tr16/COAWST_3.7/Projects/Sandy"'  ROMS/Nonlinear/set_depth.F > Build_roms/set_depth.f90
ROMS/Bin/cpp_clean Build_roms/u2dbc_im.f90
/usr/bin/cpp -P -traditional -w               -DMPI -DLINUX -DX86_64 -DGFORTRAN -D'ROOT_DIR="/home/tr16/COAWST_3.7"' -DSANDY -D'HEADER="sandy.h"' -D'ROMS_HEADER="/home/tr16/COAWST_3.7/Projects/Sandy/sandy.h"' -DNestedGrids= -D'ANALYTICAL_DIR="/home/tr16/COAWST_3.7/Projects/Sandy"' -D'MY_ANALYTICAL="on"' -D'SVN_URL=""' -D'SVN_REV=""' -IROMS/Include -I/home/tr16/COAWST_3.7/Projects/Sandy -IROMS/Nonlinear -IROMS/Nonlinear/Biology -IROMS/Nonlinear/Sediment -IROMS/Nonlinear/Wec -IROMS/Nonlinear/Vegetation -IROMS/Utility -IROMS/Drivers -IROMS/Functionals -I/home/tr16/COAWST_3.7/Projects/Sandy -ISWAN/Src -IMaster -ICompilers -D'HEADER_DIR="/home/tr16/COAWST_3.7/Projects/Sandy"'  ROMS/Nonlinear/bulk_flux.F > Build_roms/bulk_flux.f90
/usr/bin/cpp -P -traditional -w               -DMPI -DLINUX -DX86_64 -DGFORTRAN -D'ROOT_DIR="/home/tr16/COAWST_3.7"' -DSANDY -D'HEADER="sandy.h"' -D'ROMS_HEADER="/home/tr16/COAWST_3.7/Projects/Sandy/sandy.h"' -DNestedGrids= -D'ANALYTICAL_DIR="/home/tr16/COAWST_3.7/Projects/Sandy"' -D'MY_ANALYTICAL="on"' -D'SVN_URL=""' -D'SVN_REV=""' -IROMS/Include -I/home/tr16/COAWST_3.7/Projects/Sandy -IROMS/Nonlinear -IROMS/Nonlinear/Biology -IROMS/Nonlinear/Sediment -IROMS/Nonlinear/Wec -IROMS/Nonlinear/Vegetation -IROMS/Utility -IROMS/Drivers -IROMS/Functionals -I/home/tr16/COAWST_3.7/Projects/Sandy -ISWAN/Src -IMaster -ICompilers -D'HEADER_DIR="/home/tr16/COAWST_3.7/Projects/Sandy"'  ROMS/Nonlinear/zetabc.F > Build_roms/zetabc.f90
/usr/bin/cpp -P -traditional -w               -DMPI -DLINUX -DX86_64 -DGFORTRAN -D'ROOT_DIR="/home/tr16/COAWST_3.7"' -DSANDY -D'HEADER="sandy.h"' -D'ROMS_HEADER="/home/tr16/COAWST_3.7/Projects/Sandy/sandy.h"' -DNestedGrids= -D'ANALYTICAL_DIR="/home/tr16/COAWST_3.7/Projects/Sandy"' -D'MY_ANALYTICAL="on"' -D'SVN_URL=""' -D'SVN_REV=""' -IROMS/Include -I/home/tr16/COAWST_3.7/Projects/Sandy -IROMS/Nonlinear -IROMS/Nonlinear/Biology -IROMS/Nonlinear/Sediment -IROMS/Nonlinear/Wec -IROMS/Nonlinear/Vegetation -IROMS/Utility -IROMS/Drivers -IROMS/Functionals -I/home/tr16/COAWST_3.7/Projects/Sandy -ISWAN/Src -IMaster -ICompilers -D'HEADER_DIR="/home/tr16/COAWST_3.7/Projects/Sandy"'  ROMS/Nonlinear/my25_corstep.F > Build_roms/my25_corstep.f90
/usr/bin/cpp -P -traditional -w               -DMPI -DLINUX -DX86_64 -DGFORTRAN -D'ROOT_DIR="/home/tr16/COAWST_3.7"' -DSANDY -D'HEADER="sandy.h"' -D'ROMS_HEADER="/home/tr16/COAWST_3.7/Projects/Sandy/sandy.h"' -DNestedGrids= -D'ANALYTICAL_DIR="/home/tr16/COAWST_3.7/Projects/Sandy"' -D'MY_ANALYTICAL="on"' -D'SVN_URL=""' -D'SVN_REV=""' -IROMS/Include -I/home/tr16/COAWST_3.7/Projects/Sandy -IROMS/Nonlinear -IROMS/Nonlinear/Biology -IROMS/Nonlinear/Sediment -IROMS/Nonlinear/Wec -IROMS/Nonlinear/Vegetation -IROMS/Utility -IROMS/Drivers -IROMS/Functionals -I/home/tr16/COAWST_3.7/Projects/Sandy -ISWAN/Src -IMaster -ICompilers -D'HEADER_DIR="/home/tr16/COAWST_3.7/Projects/Sandy"'  ROMS/Nonlinear/atm2ocn_flux.F > Build_roms/atm2ocn_flux.f90
ROMS/Bin/cpp_clean Build_roms/mod_nesting.f90
ROMS/Bin/cpp_clean Build_roms/v2dbc_im.f90
ROMS/Bin/cpp_clean Build_roms/exchange_4d.f90
ROMS/Bin/cpp_clean Build_roms/frc_adjust.f90
ROMS/Bin/cpp_clean Build_roms/bc_bry3d.f90
/usr/bin/cpp -P -traditional -w               -DMPI -DLINUX -DX86_64 -DGFORTRAN -D'ROOT_DIR="/home/tr16/COAWST_3.7"' -DSANDY -D'HEADER="sandy.h"' -D'ROMS_HEADER="/home/tr16/COAWST_3.7/Projects/Sandy/sandy.h"' -DNestedGrids= -D'ANALYTICAL_DIR="/home/tr16/COAWST_3.7/Projects/Sandy"' -D'MY_ANALYTICAL="on"' -D'SVN_URL=""' -D'SVN_REV=""' -IROMS/Include -I/home/tr16/COAWST_3.7/Projects/Sandy -IROMS/Nonlinear -IROMS/Nonlinear/Biology -IROMS/Nonlinear/Sediment -IROMS/Nonlinear/Wec -IROMS/Nonlinear/Vegetation -IROMS/Utility -IROMS/Drivers -IROMS/Functionals -I/home/tr16/COAWST_3.7/Projects/Sandy -ISWAN/Src -IMaster -ICompilers -D'HEADER_DIR="/home/tr16/COAWST_3.7/Projects/Sandy"'  ROMS/Nonlinear/conv_bry2d.F > Build_roms/conv_bry2d.f90
ROMS/Bin/cpp_clean Build_roms/mod_coupling.f90
ROMS/Bin/cpp_clean Build_roms/wvelocity.f90
ROMS/Bin/cpp_clean Build_roms/bbl.f90
ROMS/Bin/cpp_clean Build_roms/mod_bbl.f90
ROMS/Bin/cpp_clean Build_roms/mod_sedbed.f90
ROMS/Bin/cpp_clean Build_roms/step_floats.f90
/usr/bin/cpp -P -traditional -w               -DMPI -DLINUX -DX86_64 -DGFORTRAN -D'ROOT_DIR="/home/tr16/COAWST_3.7"' -DSANDY -D'HEADER="sandy.h"' -D'ROMS_HEADER="/home/tr16/COAWST_3.7/Projects/Sandy/sandy.h"' -DNestedGrids= -D'ANALYTICAL_DIR="/home/tr16/COAWST_3.7/Projects/Sandy"' -D'MY_ANALYTICAL="on"' -D'SVN_URL=""' -D'SVN_REV=""' -IROMS/Include -I/home/tr16/COAWST_3.7/Projects/Sandy -IROMS/Nonlinear -IROMS/Nonlinear/Biology -IROMS/Nonlinear/Sediment -IROMS/Nonlinear/Wec -IROMS/Nonlinear/Vegetation -IROMS/Utility -IROMS/Drivers -IROMS/Functionals -I/home/tr16/COAWST_3.7/Projects/Sandy -ISWAN/Src -IMaster -ICompilers -D'HEADER_DIR="/home/tr16/COAWST_3.7/Projects/Sandy"'  ROMS/Nonlinear/main3d.F > Build_roms/main3d.f90
ROMS/Bin/cpp_clean Build_roms/biology_floats.f90
ROMS/Bin/cpp_clean Build_roms/mod_behavior.f90
ROMS/Bin/cpp_clean Build_roms/mod_floats.f90
ROMS/Bin/cpp_clean Build_roms/interp_floats.f90
ROMS/Bin/cpp_clean Build_roms/interp_floats_diapW.f90
ROMS/Bin/cpp_clean Build_roms/vwalk_floats.f90
ROMS/Bin/cpp_clean Build_roms/nrutil.f90
ROMS/Bin/cpp_clean Build_roms/mod_diags.f90
/usr/bin/cpp -P -traditional -w               -DMPI -DLINUX -DX86_64 -DGFORTRAN -D'ROOT_DIR="/home/tr16/COAWST_3.7"' -DSANDY -D'HEADER="sandy.h"' -D'ROMS_HEADER="/home/tr16/COAWST_3.7/Projects/Sandy/sandy.h"' -DNestedGrids= -D'ANALYTICAL_DIR="/home/tr16/COAWST_3.7/Projects/Sandy"' -D'MY_ANALYTICAL="on"' -D'SVN_URL=""' -D'SVN_REV=""' -IROMS/Include -I/home/tr16/COAWST_3.7/Projects/Sandy -IROMS/Nonlinear -IROMS/Nonlinear/Biology -IROMS/Nonlinear/Sediment -IROMS/Nonlinear/Wec -IROMS/Nonlinear/Vegetation -IROMS/Utility -IROMS/Drivers -IROMS/Functionals -I/home/tr16/COAWST_3.7/Projects/Sandy -ISWAN/Src -IMaster -ICompilers -D'HEADER_DIR="/home/tr16/COAWST_3.7/Projects/Sandy"'  ROMS/Functionals/analytical.F > Build_roms/analytical.f90
ROMS/Bin/cpp_clean Build_roms/round.f90
/usr/bin/cpp -P -traditional -w               -DMPI -DLINUX -DX86_64 -DGFORTRAN -D'ROOT_DIR="/home/tr16/COAWST_3.7"' -DSANDY -D'HEADER="sandy.h"' -D'ROMS_HEADER="/home/tr16/COAWST_3.7/Projects/Sandy/sandy.h"' -DNestedGrids= -D'ANALYTICAL_DIR="/home/tr16/COAWST_3.7/Projects/Sandy"' -D'MY_ANALYTICAL="on"' -D'SVN_URL=""' -D'SVN_REV=""' -IROMS/Include -I/home/tr16/COAWST_3.7/Projects/Sandy -IROMS/Nonlinear -IROMS/Nonlinear/Biology -IROMS/Nonlinear/Sediment -IROMS/Nonlinear/Wec -IROMS/Nonlinear/Vegetation -IROMS/Utility -IROMS/Drivers -IROMS/Functionals -I/home/tr16/COAWST_3.7/Projects/Sandy -ISWAN/Src -IMaster -ICompilers -D'HEADER_DIR="/home/tr16/COAWST_3.7/Projects/Sandy"'  ROMS/Utility/erf.F > Build_roms/erf.f90
ROMS/Bin/cpp_clean Build_roms/prsgrd.f90
ROMS/Bin/cpp_clean Build_roms/mod_tides.f90
ROMS/Bin/cpp_clean Build_roms/distribute.f90
/usr/bin/cpp -P -traditional -w               -DMPI -DLINUX -DX86_64 -DGFORTRAN -D'ROOT_DIR="/home/tr16/COAWST_3.7"' -DSANDY -D'HEADER="sandy.h"' -D'ROMS_HEADER="/home/tr16/COAWST_3.7/Projects/Sandy/sandy.h"' -DNestedGrids= -D'ANALYTICAL_DIR="/home/tr16/COAWST_3.7/Projects/Sandy"' -D'MY_ANALYTICAL="on"' -D'SVN_URL=""' -D'SVN_REV=""' -IROMS/Include -I/home/tr16/COAWST_3.7/Projects/Sandy -IROMS/Nonlinear -IROMS/Nonlinear/Biology -IROMS/Nonlinear/Sediment -IROMS/Nonlinear/Wec -IROMS/Nonlinear/Vegetation -IROMS/Utility -IROMS/Drivers -IROMS/Functionals -I/home/tr16/COAWST_3.7/Projects/Sandy -ISWAN/Src -IMaster -ICompilers -D'HEADER_DIR="/home/tr16/COAWST_3.7/Projects/Sandy"'  ROMS/Modules/mod_eclight.F > Build_roms/mod_eclight.f90
ROMS/Bin/cpp_clean Build_roms/strings.f90
ROMS/Bin/cpp_clean Build_roms/dateclock.f90
ROMS/Bin/cpp_clean Build_roms/set_depth.f90
/usr/bin/cpp -P -traditional -w               -DMPI -DLINUX -DX86_64 -DGFORTRAN -D'ROOT_DIR="/home/tr16/COAWST_3.7"' -DSANDY -D'HEADER="sandy.h"' -D'ROMS_HEADER="/home/tr16/COAWST_3.7/Projects/Sandy/sandy.h"' -DNestedGrids= -D'ANALYTICAL_DIR="/home/tr16/COAWST_3.7/Projects/Sandy"' -D'MY_ANALYTICAL="on"' -D'SVN_URL=""' -D'SVN_REV=""' -IROMS/Include -I/home/tr16/COAWST_3.7/Projects/Sandy -IROMS/Nonlinear -IROMS/Nonlinear/Biology -IROMS/Nonlinear/Sediment -IROMS/Nonlinear/Wec -IROMS/Nonlinear/Vegetation -IROMS/Utility -IROMS/Drivers -IROMS/Functionals -I/home/tr16/COAWST_3.7/Projects/Sandy -ISWAN/Src -IMaster -ICompilers -D'HEADER_DIR="/home/tr16/COAWST_3.7/Projects/Sandy"'  ROMS/Modules/mod_sources.F > Build_roms/mod_sources.f90
ROMS/Bin/cpp_clean Build_roms/bulk_flux.f90
ROMS/Bin/cpp_clean Build_roms/my25_corstep.f90
ROMS/Bin/cpp_clean Build_roms/zetabc.f90
ROMS/Bin/cpp_clean Build_roms/atm2ocn_flux.f90
/usr/bin/cpp -P -traditional -w               -DMPI -DLINUX -DX86_64 -DGFORTRAN -D'ROOT_DIR="/home/tr16/COAWST_3.7"' -DSANDY -D'HEADER="sandy.h"' -D'ROMS_HEADER="/home/tr16/COAWST_3.7/Projects/Sandy/sandy.h"' -DNestedGrids= -D'ANALYTICAL_DIR="/home/tr16/COAWST_3.7/Projects/Sandy"' -D'MY_ANALYTICAL="on"' -D'SVN_URL=""' -D'SVN_REV=""' -IROMS/Include -I/home/tr16/COAWST_3.7/Projects/Sandy -IROMS/Nonlinear -IROMS/Nonlinear/Biology -IROMS/Nonlinear/Sediment -IROMS/Nonlinear/Wec -IROMS/Nonlinear/Vegetation -IROMS/Utility -IROMS/Drivers -IROMS/Functionals -I/home/tr16/COAWST_3.7/Projects/Sandy -ISWAN/Src -IMaster -ICompilers -D'HEADER_DIR="/home/tr16/COAWST_3.7/Projects/Sandy"'  ROMS/Modules/mod_vegarr.F > Build_roms/mod_vegarr.f90
/usr/bin/cpp -P -traditional -w               -DMPI -DLINUX -DX86_64 -DGFORTRAN -D'ROOT_DIR="/home/tr16/COAWST_3.7"' -DSANDY -D'HEADER="sandy.h"' -D'ROMS_HEADER="/home/tr16/COAWST_3.7/Projects/Sandy/sandy.h"' -DNestedGrids= -D'ANALYTICAL_DIR="/home/tr16/COAWST_3.7/Projects/Sandy"' -D'MY_ANALYTICAL="on"' -D'SVN_URL=""' -D'SVN_REV=""' -IROMS/Include -I/home/tr16/COAWST_3.7/Projects/Sandy -IROMS/Nonlinear -IROMS/Nonlinear/Biology -IROMS/Nonlinear/Sediment -IROMS/Nonlinear/Wec -IROMS/Nonlinear/Vegetation -IROMS/Utility -IROMS/Drivers -IROMS/Functionals -I/home/tr16/COAWST_3.7/Projects/Sandy -ISWAN/Src -IMaster -ICompilers -D'HEADER_DIR="/home/tr16/COAWST_3.7/Projects/Sandy"'  ROMS/Utility/stats.F > Build_roms/stats.f90
ROMS/Bin/cpp_clean Build_roms/mod_netcdf.f90
/usr/bin/cpp -P -traditional -w               -DMPI -DLINUX -DX86_64 -DGFORTRAN -D'ROOT_DIR="/home/tr16/COAWST_3.7"' -DSANDY -D'HEADER="sandy.h"' -D'ROMS_HEADER="/home/tr16/COAWST_3.7/Projects/Sandy/sandy.h"' -DNestedGrids= -D'ANALYTICAL_DIR="/home/tr16/COAWST_3.7/Projects/Sandy"' -D'MY_ANALYTICAL="on"' -D'SVN_URL=""' -D'SVN_REV=""' -IROMS/Include -I/home/tr16/COAWST_3.7/Projects/Sandy -IROMS/Nonlinear -IROMS/Nonlinear/Biology -IROMS/Nonlinear/Sediment -IROMS/Nonlinear/Wec -IROMS/Nonlinear/Vegetation -IROMS/Utility -IROMS/Drivers -IROMS/Functionals -I/home/tr16/COAWST_3.7/Projects/Sandy -ISWAN/Src -IMaster -ICompilers -D'HEADER_DIR="/home/tr16/COAWST_3.7/Projects/Sandy"'  ROMS/Nonlinear/Biology/biology.F > Build_roms/biology.f90
/usr/bin/cpp -P -traditional -w               -DMPI -DLINUX -DX86_64 -DGFORTRAN -D'ROOT_DIR="/home/tr16/COAWST_3.7"' -DSANDY -D'HEADER="sandy.h"' -D'ROMS_HEADER="/home/tr16/COAWST_3.7/Projects/Sandy/sandy.h"' -DNestedGrids= -D'ANALYTICAL_DIR="/home/tr16/COAWST_3.7/Projects/Sandy"' -D'MY_ANALYTICAL="on"' -D'SVN_URL=""' -D'SVN_REV=""' -IROMS/Include -I/home/tr16/COAWST_3.7/Projects/Sandy -IROMS/Nonlinear -IROMS/Nonlinear/Biology -IROMS/Nonlinear/Sediment -IROMS/Nonlinear/Wec -IROMS/Nonlinear/Vegetation -IROMS/Utility -IROMS/Drivers -IROMS/Functionals -I/home/tr16/COAWST_3.7/Projects/Sandy -ISWAN/Src -IMaster -ICompilers -D'HEADER_DIR="/home/tr16/COAWST_3.7/Projects/Sandy"'  ROMS/Nonlinear/bvf_mix.F > Build_roms/bvf_mix.f90
/usr/bin/cpp -P -traditional -w               -DMPI -DLINUX -DX86_64 -DGFORTRAN -D'ROOT_DIR="/home/tr16/COAWST_3.7"' -DSANDY -D'HEADER="sandy.h"' -D'ROMS_HEADER="/home/tr16/COAWST_3.7/Projects/Sandy/sandy.h"' -DNestedGrids= -D'ANALYTICAL_DIR="/home/tr16/COAWST_3.7/Projects/Sandy"' -D'MY_ANALYTICAL="on"' -D'SVN_URL=""' -D'SVN_REV=""' -IROMS/Include -I/home/tr16/COAWST_3.7/Projects/Sandy -IROMS/Nonlinear -IROMS/Nonlinear/Biology -IROMS/Nonlinear/Sediment -IROMS/Nonlinear/Wec -IROMS/Nonlinear/Vegetation -IROMS/Utility -IROMS/Drivers -IROMS/Functionals -I/home/tr16/COAWST_3.7/Projects/Sandy -ISWAN/Src -IMaster -ICompilers -D'HEADER_DIR="/home/tr16/COAWST_3.7/Projects/Sandy"'  ROMS/Nonlinear/diag.F > Build_roms/diag.f90
/usr/bin/cpp -P -traditional -w               -DMPI -DLINUX -DX86_64 -DGFORTRAN -D'ROOT_DIR="/home/tr16/COAWST_3.7"' -DSANDY -D'HEADER="sandy.h"' -D'ROMS_HEADER="/home/tr16/COAWST_3.7/Projects/Sandy/sandy.h"' -DNestedGrids= -D'ANALYTICAL_DIR="/home/tr16/COAWST_3.7/Projects/Sandy"' -D'MY_ANALYTICAL="on"' -D'SVN_URL=""' -D'SVN_REV=""' -IROMS/Include -I/home/tr16/COAWST_3.7/Projects/Sandy -IROMS/Nonlinear -IROMS/Nonlinear/Biology -IROMS/Nonlinear/Sediment -IROMS/Nonlinear/Wec -IROMS/Nonlinear/Vegetation -IROMS/Utility -IROMS/Drivers -IROMS/Functionals -I/home/tr16/COAWST_3.7/Projects/Sandy -ISWAN/Src -IMaster -ICompilers -D'HEADER_DIR="/home/tr16/COAWST_3.7/Projects/Sandy"'  ROMS/Utility/dotproduct.F > Build_roms/dotproduct.f90
/usr/bin/cpp -P -traditional -w               -DMPI -DLINUX -DX86_64 -DGFORTRAN -D'ROOT_DIR="/home/tr16/COAWST_3.7"' -DSANDY -D'HEADER="sandy.h"' -D'ROMS_HEADER="/home/tr16/COAWST_3.7/Projects/Sandy/sandy.h"' -DNestedGrids= -D'ANALYTICAL_DIR="/home/tr16/COAWST_3.7/Projects/Sandy"' -D'MY_ANALYTICAL="on"' -D'SVN_URL=""' -D'SVN_REV=""' -IROMS/Include -I/home/tr16/COAWST_3.7/Projects/Sandy -IROMS/Nonlinear -IROMS/Nonlinear/Biology -IROMS/Nonlinear/Sediment -IROMS/Nonlinear/Wec -IROMS/Nonlinear/Vegetation -IROMS/Utility -IROMS/Drivers -IROMS/Functionals -I/home/tr16/COAWST_3.7/Projects/Sandy -ISWAN/Src -IMaster -ICompilers -D'HEADER_DIR="/home/tr16/COAWST_3.7/Projects/Sandy"'  ROMS/Modules/mod_fourdvar.F > Build_roms/mod_fourdvar.f90
/usr/bin/cpp -P -traditional -w               -DMPI -DLINUX -DX86_64 -DGFORTRAN -D'ROOT_DIR="/home/tr16/COAWST_3.7"' -DSANDY -D'HEADER="sandy.h"' -D'ROMS_HEADER="/home/tr16/COAWST_3.7/Projects/Sandy/sandy.h"' -DNestedGrids= -D'ANALYTICAL_DIR="/home/tr16/COAWST_3.7/Projects/Sandy"' -D'MY_ANALYTICAL="on"' -D'SVN_URL=""' -D'SVN_REV=""' -IROMS/Include -I/home/tr16/COAWST_3.7/Projects/Sandy -IROMS/Nonlinear -IROMS/Nonlinear/Biology -IROMS/Nonlinear/Sediment -IROMS/Nonlinear/Wec -IROMS/Nonlinear/Vegetation -IROMS/Utility -IROMS/Drivers -IROMS/Functionals -I/home/tr16/COAWST_3.7/Projects/Sandy -ISWAN/Src -IMaster -ICompilers -D'HEADER_DIR="/home/tr16/COAWST_3.7/Projects/Sandy"'  ROMS/Utility/equilibrium_tide.F > Build_roms/equilibrium_tide.f90
/usr/bin/cpp -P -traditional -w               -DMPI -DLINUX -DX86_64 -DGFORTRAN -D'ROOT_DIR="/home/tr16/COAWST_3.7"' -DSANDY -D'HEADER="sandy.h"' -D'ROMS_HEADER="/home/tr16/COAWST_3.7/Projects/Sandy/sandy.h"' -DNestedGrids= -D'ANALYTICAL_DIR="/home/tr16/COAWST_3.7/Projects/Sandy"' -D'MY_ANALYTICAL="on"' -D'SVN_URL=""' -D'SVN_REV=""' -IROMS/Include -I/home/tr16/COAWST_3.7/Projects/Sandy -IROMS/Nonlinear -IROMS/Nonlinear/Biology -IROMS/Nonlinear/Sediment -IROMS/Nonlinear/Wec -IROMS/Nonlinear/Vegetation -IROMS/Utility -IROMS/Drivers -IROMS/Functionals -I/home/tr16/COAWST_3.7/Projects/Sandy -ISWAN/Src -IMaster -ICompilers -D'HEADER_DIR="/home/tr16/COAWST_3.7/Projects/Sandy"'  ROMS/Nonlinear/forcing.F > Build_roms/forcing.f90
ROMS/Bin/cpp_clean Build_roms/conv_bry2d.f90
/usr/bin/cpp -P -traditional -w               -DMPI -DLINUX -DX86_64 -DGFORTRAN -D'ROOT_DIR="/home/tr16/COAWST_3.7"' -DSANDY -D'HEADER="sandy.h"' -D'ROMS_HEADER="/home/tr16/COAWST_3.7/Projects/Sandy/sandy.h"' -DNestedGrids= -D'ANALYTICAL_DIR="/home/tr16/COAWST_3.7/Projects/Sandy"' -D'MY_ANALYTICAL="on"' -D'SVN_URL=""' -D'SVN_REV=""' -IROMS/Include -I/home/tr16/COAWST_3.7/Projects/Sandy -IROMS/Nonlinear -IROMS/Nonlinear/Biology -IROMS/Nonlinear/Sediment -IROMS/Nonlinear/Wec -IROMS/Nonlinear/Vegetation -IROMS/Utility -IROMS/Drivers -IROMS/Functionals -I/home/tr16/COAWST_3.7/Projects/Sandy -ISWAN/Src -IMaster -ICompilers -D'HEADER_DIR="/home/tr16/COAWST_3.7/Projects/Sandy"'  ROMS/Nonlinear/gls_corstep.F > Build_roms/gls_corstep.f90
/usr/bin/cpp -P -traditional -w               -DMPI -DLINUX -DX86_64 -DGFORTRAN -D'ROOT_DIR="/home/tr16/COAWST_3.7"' -DSANDY -D'HEADER="sandy.h"' -D'ROMS_HEADER="/home/tr16/COAWST_3.7/Projects/Sandy/sandy.h"' -DNestedGrids= -D'ANALYTICAL_DIR="/home/tr16/COAWST_3.7/Projects/Sandy"' -D'MY_ANALYTICAL="on"' -D'SVN_URL=""' -D'SVN_REV=""' -IROMS/Include -I/home/tr16/COAWST_3.7/Projects/Sandy -IROMS/Nonlinear -IROMS/Nonlinear/Biology -IROMS/Nonlinear/Sediment -IROMS/Nonlinear/Wec -IROMS/Nonlinear/Vegetation -IROMS/Utility -IROMS/Drivers -IROMS/Functionals -I/home/tr16/COAWST_3.7/Projects/Sandy -ISWAN/Src -IMaster -ICompilers -D'HEADER_DIR="/home/tr16/COAWST_3.7/Projects/Sandy"'  ROMS/Nonlinear/Vegetation/vegetation_turb_cal.F > Build_roms/vegetation_turb_cal.f90
/usr/bin/cpp -P -traditional -w               -DMPI -DLINUX -DX86_64 -DGFORTRAN -D'ROOT_DIR="/home/tr16/COAWST_3.7"' -DSANDY -D'HEADER="sandy.h"' -D'ROMS_HEADER="/home/tr16/COAWST_3.7/Projects/Sandy/sandy.h"' -DNestedGrids= -D'ANALYTICAL_DIR="/home/tr16/COAWST_3.7/Projects/Sandy"' -D'MY_ANALYTICAL="on"' -D'SVN_URL=""' -D'SVN_REV=""' -IROMS/Include -I/home/tr16/COAWST_3.7/Projects/Sandy -IROMS/Nonlinear -IROMS/Nonlinear/Biology -IROMS/Nonlinear/Sediment -IROMS/Nonlinear/Wec -IROMS/Nonlinear/Vegetation -IROMS/Utility -IROMS/Drivers -IROMS/Functionals -I/home/tr16/COAWST_3.7/Projects/Sandy -ISWAN/Src -IMaster -ICompilers -D'HEADER_DIR="/home/tr16/COAWST_3.7/Projects/Sandy"'  ROMS/Nonlinear/Vegetation/vegetation_drag.F > Build_roms/vegetation_drag.f90
/usr/bin/cpp -P -traditional -w               -DMPI -DLINUX -DX86_64 -DGFORTRAN -D'ROOT_DIR="/home/tr16/COAWST_3.7"' -DSANDY -D'HEADER="sandy.h"' -D'ROMS_HEADER="/home/tr16/COAWST_3.7/Projects/Sandy/sandy.h"' -DNestedGrids= -D'ANALYTICAL_DIR="/home/tr16/COAWST_3.7/Projects/Sandy"' -D'MY_ANALYTICAL="on"' -D'SVN_URL=""' -D'SVN_REV=""' -IROMS/Include -I/home/tr16/COAWST_3.7/Projects/Sandy -IROMS/Nonlinear -IROMS/Nonlinear/Biology -IROMS/Nonlinear/Sediment -IROMS/Nonlinear/Wec -IROMS/Nonlinear/Vegetation -IROMS/Utility -IROMS/Drivers -IROMS/Functionals -I/home/tr16/COAWST_3.7/Projects/Sandy -ISWAN/Src -IMaster -ICompilers -D'HEADER_DIR="/home/tr16/COAWST_3.7/Projects/Sandy"'  ROMS/Nonlinear/hmixing.F > Build_roms/hmixing.f90
/usr/bin/cpp -P -traditional -w               -DMPI -DLINUX -DX86_64 -DGFORTRAN -D'ROOT_DIR="/home/tr16/COAWST_3.7"' -DSANDY -D'HEADER="sandy.h"' -D'ROMS_HEADER="/home/tr16/COAWST_3.7/Projects/Sandy/sandy.h"' -DNestedGrids= -D'ANALYTICAL_DIR="/home/tr16/COAWST_3.7/Projects/Sandy"' -D'MY_ANALYTICAL="on"' -D'SVN_URL=""' -D'SVN_REV=""' -IROMS/Include -I/home/tr16/COAWST_3.7/Projects/Sandy -IROMS/Nonlinear -IROMS/Nonlinear/Biology -IROMS/Nonlinear/Sediment -IROMS/Nonlinear/Wec -IROMS/Nonlinear/Vegetation -IROMS/Utility -IROMS/Drivers -IROMS/Functionals -I/home/tr16/COAWST_3.7/Projects/Sandy -ISWAN/Src -IMaster -ICompilers -D'HEADER_DIR="/home/tr16/COAWST_3.7/Projects/Sandy"'  ROMS/Nonlinear/ini_fields.F > Build_roms/ini_fields.f90
ROMS/Bin/cpp_clean Build_roms/main3d.f90
/usr/bin/cpp -P -traditional -w               -DMPI -DLINUX -DX86_64 -DGFORTRAN -D'ROOT_DIR="/home/tr16/COAWST_3.7"' -DSANDY -D'HEADER="sandy.h"' -D'ROMS_HEADER="/home/tr16/COAWST_3.7/Projects/Sandy/sandy.h"' -DNestedGrids= -D'ANALYTICAL_DIR="/home/tr16/COAWST_3.7/Projects/Sandy"' -D'MY_ANALYTICAL="on"' -D'SVN_URL=""' -D'SVN_REV=""' -IROMS/Include -I/home/tr16/COAWST_3.7/Projects/Sandy -IROMS/Nonlinear -IROMS/Nonlinear/Biology -IROMS/Nonlinear/Sediment -IROMS/Nonlinear/Wec -IROMS/Nonlinear/Vegetation -IROMS/Utility -IROMS/Drivers -IROMS/Functionals -I/home/tr16/COAWST_3.7/Projects/Sandy -ISWAN/Src -IMaster -ICompilers -D'HEADER_DIR="/home/tr16/COAWST_3.7/Projects/Sandy"'  ROMS/Nonlinear/pt3dbc_im.F > Build_roms/pt3dbc_im.f90
/usr/bin/cpp -P -traditional -w               -DMPI -DLINUX -DX86_64 -DGFORTRAN -D'ROOT_DIR="/home/tr16/COAWST_3.7"' -DSANDY -D'HEADER="sandy.h"' -D'ROMS_HEADER="/home/tr16/COAWST_3.7/Projects/Sandy/sandy.h"' -DNestedGrids= -D'ANALYTICAL_DIR="/home/tr16/COAWST_3.7/Projects/Sandy"' -D'MY_ANALYTICAL="on"' -D'SVN_URL=""' -D'SVN_REV=""' -IROMS/Include -I/home/tr16/COAWST_3.7/Projects/Sandy -IROMS/Nonlinear -IROMS/Nonlinear/Biology -IROMS/Nonlinear/Sediment -IROMS/Nonlinear/Wec -IROMS/Nonlinear/Vegetation -IROMS/Utility -IROMS/Drivers -IROMS/Functionals -I/home/tr16/COAWST_3.7/Projects/Sandy -ISWAN/Src -IMaster -ICompilers -D'HEADER_DIR="/home/tr16/COAWST_3.7/Projects/Sandy"'  ROMS/Nonlinear/t3dbc_im.F > Build_roms/t3dbc_im.f90
/usr/bin/cpp -P -traditional -w               -DMPI -DLINUX -DX86_64 -DGFORTRAN -D'ROOT_DIR="/home/tr16/COAWST_3.7"' -DSANDY -D'HEADER="sandy.h"' -D'ROMS_HEADER="/home/tr16/COAWST_3.7/Projects/Sandy/sandy.h"' -DNestedGrids= -D'ANALYTICAL_DIR="/home/tr16/COAWST_3.7/Projects/Sandy"' -D'MY_ANALYTICAL="on"' -D'SVN_URL=""' -D'SVN_REV=""' -IROMS/Include -I/home/tr16/COAWST_3.7/Projects/Sandy -IROMS/Nonlinear -IROMS/Nonlinear/Biology -IROMS/Nonlinear/Sediment -IROMS/Nonlinear/Wec -IROMS/Nonlinear/Vegetation -IROMS/Utility -IROMS/Drivers -IROMS/Functionals -I/home/tr16/COAWST_3.7/Projects/Sandy -ISWAN/Src -IMaster -ICompilers -D'HEADER_DIR="/home/tr16/COAWST_3.7/Projects/Sandy"'  ROMS/Nonlinear/u3dbc_im.F > Build_roms/u3dbc_im.f90
/usr/bin/cpp -P -traditional -w               -DMPI -DLINUX -DX86_64 -DGFORTRAN -D'ROOT_DIR="/home/tr16/COAWST_3.7"' -DSANDY -D'HEADER="sandy.h"' -D'ROMS_HEADER="/home/tr16/COAWST_3.7/Projects/Sandy/sandy.h"' -DNestedGrids= -D'ANALYTICAL_DIR="/home/tr16/COAWST_3.7/Projects/Sandy"' -D'MY_ANALYTICAL="on"' -D'SVN_URL=""' -D'SVN_REV=""' -IROMS/Include -I/home/tr16/COAWST_3.7/Projects/Sandy -IROMS/Nonlinear -IROMS/Nonlinear/Biology -IROMS/Nonlinear/Sediment -IROMS/Nonlinear/Wec -IROMS/Nonlinear/Vegetation -IROMS/Utility -IROMS/Drivers -IROMS/Functionals -I/home/tr16/COAWST_3.7/Projects/Sandy -ISWAN/Src -IMaster -ICompilers -D'HEADER_DIR="/home/tr16/COAWST_3.7/Projects/Sandy"'  ROMS/Nonlinear/v3dbc_im.F > Build_roms/v3dbc_im.f90
/usr/bin/cpp -P -traditional -w               -DMPI -DLINUX -DX86_64 -DGFORTRAN -D'ROOT_DIR="/home/tr16/COAWST_3.7"' -DSANDY -D'HEADER="sandy.h"' -D'ROMS_HEADER="/home/tr16/COAWST_3.7/Projects/Sandy/sandy.h"' -DNestedGrids= -D'ANALYTICAL_DIR="/home/tr16/COAWST_3.7/Projects/Sandy"' -D'MY_ANALYTICAL="on"' -D'SVN_URL=""' -D'SVN_REV=""' -IROMS/Include -I/home/tr16/COAWST_3.7/Projects/Sandy -IROMS/Nonlinear -IROMS/Nonlinear/Biology -IROMS/Nonlinear/Sediment -IROMS/Nonlinear/Wec -IROMS/Nonlinear/Vegetation -IROMS/Utility -IROMS/Drivers -IROMS/Functionals -I/home/tr16/COAWST_3.7/Projects/Sandy -ISWAN/Src -IMaster -ICompilers -D'HEADER_DIR="/home/tr16/COAWST_3.7/Projects/Sandy"'  ROMS/Nonlinear/lmd_vmix.F > Build_roms/lmd_vmix.f90
/usr/bin/cpp -P -traditional -w               -DMPI -DLINUX -DX86_64 -DGFORTRAN -D'ROOT_DIR="/home/tr16/COAWST_3.7"' -DSANDY -D'HEADER="sandy.h"' -D'ROMS_HEADER="/home/tr16/COAWST_3.7/Projects/Sandy/sandy.h"' -DNestedGrids= -D'ANALYTICAL_DIR="/home/tr16/COAWST_3.7/Projects/Sandy"' -D'MY_ANALYTICAL="on"' -D'SVN_URL=""' -D'SVN_REV=""' -IROMS/Include -I/home/tr16/COAWST_3.7/Projects/Sandy -IROMS/Nonlinear -IROMS/Nonlinear/Biology -IROMS/Nonlinear/Sediment -IROMS/Nonlinear/Wec -IROMS/Nonlinear/Vegetation -IROMS/Utility -IROMS/Drivers -IROMS/Functionals -I/home/tr16/COAWST_3.7/Projects/Sandy -ISWAN/Src -IMaster -ICompilers -D'HEADER_DIR="/home/tr16/COAWST_3.7/Projects/Sandy"'  ROMS/Nonlinear/Vegetation/marsh_dynamics.F > Build_roms/marsh_dynamics.f90
/usr/bin/cpp -P -traditional -w               -DMPI -DLINUX -DX86_64 -DGFORTRAN -D'ROOT_DIR="/home/tr16/COAWST_3.7"' -DSANDY -D'HEADER="sandy.h"' -D'ROMS_HEADER="/home/tr16/COAWST_3.7/Projects/Sandy/sandy.h"' -DNestedGrids= -D'ANALYTICAL_DIR="/home/tr16/COAWST_3.7/Projects/Sandy"' -D'MY_ANALYTICAL="on"' -D'SVN_URL=""' -D'SVN_REV=""' -IROMS/Include -I/home/tr16/COAWST_3.7/Projects/Sandy -IROMS/Nonlinear -IROMS/Nonlinear/Biology -IROMS/Nonlinear/Sediment -IROMS/Nonlinear/Wec -IROMS/Nonlinear/Vegetation -IROMS/Utility -IROMS/Drivers -IROMS/Functionals -I/home/tr16/COAWST_3.7/Projects/Sandy -ISWAN/Src -IMaster -ICompilers -D'HEADER_DIR="/home/tr16/COAWST_3.7/Projects/Sandy"'  ROMS/Nonlinear/Vegetation/marsh_sed_erosion.F > Build_roms/marsh_sed_erosion.f90
/usr/bin/cpp -P -traditional -w               -DMPI -DLINUX -DX86_64 -DGFORTRAN -D'ROOT_DIR="/home/tr16/COAWST_3.7"' -DSANDY -D'HEADER="sandy.h"' -D'ROMS_HEADER="/home/tr16/COAWST_3.7/Projects/Sandy/sandy.h"' -DNestedGrids= -D'ANALYTICAL_DIR="/home/tr16/COAWST_3.7/Projects/Sandy"' -D'MY_ANALYTICAL="on"' -D'SVN_URL=""' -D'SVN_REV=""' -IROMS/Include -I/home/tr16/COAWST_3.7/Projects/Sandy -IROMS/Nonlinear -IROMS/Nonlinear/Biology -IROMS/Nonlinear/Sediment -IROMS/Nonlinear/Wec -IROMS/Nonlinear/Vegetation -IROMS/Utility -IROMS/Drivers -IROMS/Functionals -I/home/tr16/COAWST_3.7/Projects/Sandy -ISWAN/Src -IMaster -ICompilers -D'HEADER_DIR="/home/tr16/COAWST_3.7/Projects/Sandy"'  ROMS/Nonlinear/Vegetation/marsh_wave_thrust.F > Build_roms/marsh_wave_thrust.f90
/usr/bin/cpp -P -traditional -w               -DMPI -DLINUX -DX86_64 -DGFORTRAN -D'ROOT_DIR="/home/tr16/COAWST_3.7"' -DSANDY -D'HEADER="sandy.h"' -D'ROMS_HEADER="/home/tr16/COAWST_3.7/Projects/Sandy/sandy.h"' -DNestedGrids= -D'ANALYTICAL_DIR="/home/tr16/COAWST_3.7/Projects/Sandy"' -D'MY_ANALYTICAL="on"' -D'SVN_URL=""' -D'SVN_REV=""' -IROMS/Include -I/home/tr16/COAWST_3.7/Projects/Sandy -IROMS/Nonlinear -IROMS/Nonlinear/Biology -IROMS/Nonlinear/Sediment -IROMS/Nonlinear/Wec -IROMS/Nonlinear/Vegetation -IROMS/Utility -IROMS/Drivers -IROMS/Functionals -I/home/tr16/COAWST_3.7/Projects/Sandy -ISWAN/Src -IMaster -ICompilers -D'HEADER_DIR="/home/tr16/COAWST_3.7/Projects/Sandy"'  ROMS/Nonlinear/Vegetation/marsh_tidal_range_calc.F > Build_roms/marsh_tidal_range_calc.f90
/usr/bin/cpp -P -traditional -w               -DMPI -DLINUX -DX86_64 -DGFORTRAN -D'ROOT_DIR="/home/tr16/COAWST_3.7"' -DSANDY -D'HEADER="sandy.h"' -D'ROMS_HEADER="/home/tr16/COAWST_3.7/Projects/Sandy/sandy.h"' -DNestedGrids= -D'ANALYTICAL_DIR="/home/tr16/COAWST_3.7/Projects/Sandy"' -D'MY_ANALYTICAL="on"' -D'SVN_URL=""' -D'SVN_REV=""' -IROMS/Include -I/home/tr16/COAWST_3.7/Projects/Sandy -IROMS/Nonlinear -IROMS/Nonlinear/Biology -IROMS/Nonlinear/Sediment -IROMS/Nonlinear/Wec -IROMS/Nonlinear/Vegetation -IROMS/Utility -IROMS/Drivers -IROMS/Functionals -I/home/tr16/COAWST_3.7/Projects/Sandy -ISWAN/Src -IMaster -ICompilers -D'HEADER_DIR="/home/tr16/COAWST_3.7/Projects/Sandy"'  ROMS/Nonlinear/Vegetation/marsh_vert_growth.F > Build_roms/marsh_vert_growth.f90
/usr/bin/cpp -P -traditional -w               -DMPI -DLINUX -DX86_64 -DGFORTRAN -D'ROOT_DIR="/home/tr16/COAWST_3.7"' -DSANDY -D'HEADER="sandy.h"' -D'ROMS_HEADER="/home/tr16/COAWST_3.7/Projects/Sandy/sandy.h"' -DNestedGrids= -D'ANALYTICAL_DIR="/home/tr16/COAWST_3.7/Projects/Sandy"' -D'MY_ANALYTICAL="on"' -D'SVN_URL=""' -D'SVN_REV=""' -IROMS/Include -I/home/tr16/COAWST_3.7/Projects/Sandy -IROMS/Nonlinear -IROMS/Nonlinear/Biology -IROMS/Nonlinear/Sediment -IROMS/Nonlinear/Wec -IROMS/Nonlinear/Vegetation -IROMS/Utility -IROMS/Drivers -IROMS/Functionals -I/home/tr16/COAWST_3.7/Projects/Sandy -ISWAN/Src -IMaster -ICompilers -D'HEADER_DIR="/home/tr16/COAWST_3.7/Projects/Sandy"'  ROMS/Modules/mod_coupler.F > Build_roms/mod_coupler.f90
/usr/bin/cpp -P -traditional -w               -DMPI -DLINUX -DX86_64 -DGFORTRAN -D'ROOT_DIR="/home/tr16/COAWST_3.7"' -DSANDY -D'HEADER="sandy.h"' -D'ROMS_HEADER="/home/tr16/COAWST_3.7/Projects/Sandy/sandy.h"' -DNestedGrids= -D'ANALYTICAL_DIR="/home/tr16/COAWST_3.7/Projects/Sandy"' -D'MY_ANALYTICAL="on"' -D'SVN_URL=""' -D'SVN_REV=""' -IROMS/Include -I/home/tr16/COAWST_3.7/Projects/Sandy -IROMS/Nonlinear -IROMS/Nonlinear/Biology -IROMS/Nonlinear/Sediment -IROMS/Nonlinear/Wec -IROMS/Nonlinear/Vegetation -IROMS/Utility -IROMS/Drivers -IROMS/Functionals -I/home/tr16/COAWST_3.7/Projects/Sandy -ISWAN/Src -IMaster -ICompilers -D'HEADER_DIR="/home/tr16/COAWST_3.7/Projects/Sandy"'  ROMS/Nonlinear/nesting.F > Build_roms/nesting.f90
ROMS/Bin/cpp_clean Build_roms/erf.f90
ROMS/Bin/cpp_clean Build_roms/analytical.f90
ROMS/Bin/cpp_clean Build_roms/mod_eclight.f90
/usr/bin/cpp -P -traditional -w               -DMPI -DLINUX -DX86_64 -DGFORTRAN -D'ROOT_DIR="/home/tr16/COAWST_3.7"' -DSANDY -D'HEADER="sandy.h"' -D'ROMS_HEADER="/home/tr16/COAWST_3.7/Projects/Sandy/sandy.h"' -DNestedGrids= -D'ANALYTICAL_DIR="/home/tr16/COAWST_3.7/Projects/Sandy"' -D'MY_ANALYTICAL="on"' -D'SVN_URL=""' -D'SVN_REV=""' -IROMS/Include -I/home/tr16/COAWST_3.7/Projects/Sandy -IROMS/Nonlinear -IROMS/Nonlinear/Biology -IROMS/Nonlinear/Sediment -IROMS/Nonlinear/Wec -IROMS/Nonlinear/Vegetation -IROMS/Utility -IROMS/Drivers -IROMS/Functionals -I/home/tr16/COAWST_3.7/Projects/Sandy -ISWAN/Src -IMaster -ICompilers -D'HEADER_DIR="/home/tr16/COAWST_3.7/Projects/Sandy"'  ROMS/Nonlinear/obc_adjust.F > Build_roms/obc_adjust.f90
ROMS/Bin/cpp_clean Build_roms/mod_sources.f90
/usr/bin/cpp -P -traditional -w               -DMPI -DLINUX -DX86_64 -DGFORTRAN -D'ROOT_DIR="/home/tr16/COAWST_3.7"' -DSANDY -D'HEADER="sandy.h"' -D'ROMS_HEADER="/home/tr16/COAWST_3.7/Projects/Sandy/sandy.h"' -DNestedGrids= -D'ANALYTICAL_DIR="/home/tr16/COAWST_3.7/Projects/Sandy"' -D'MY_ANALYTICAL="on"' -D'SVN_URL=""' -D'SVN_REV=""' -IROMS/Include -I/home/tr16/COAWST_3.7/Projects/Sandy -IROMS/Nonlinear -IROMS/Nonlinear/Biology -IROMS/Nonlinear/Sediment -IROMS/Nonlinear/Wec -IROMS/Nonlinear/Vegetation -IROMS/Utility -IROMS/Drivers -IROMS/Functionals -I/home/tr16/COAWST_3.7/Projects/Sandy -ISWAN/Src -IMaster -ICompilers -D'HEADER_DIR="/home/tr16/COAWST_3.7/Projects/Sandy"'  Master/ocean_coupler.F > Build_roms/ocean_coupler.f90
ROMS/Bin/cpp_clean Build_roms/mod_vegarr.f90
ROMS/Bin/cpp_clean Build_roms/stats.f90
ROMS/Bin/cpp_clean Build_roms/biology.f90
ROMS/Bin/cpp_clean Build_roms/bvf_mix.f90
/usr/bin/cpp -P -traditional -w               -DMPI -DLINUX -DX86_64 -DGFORTRAN -D'ROOT_DIR="/home/tr16/COAWST_3.7"' -DSANDY -D'HEADER="sandy.h"' -D'ROMS_HEADER="/home/tr16/COAWST_3.7/Projects/Sandy/sandy.h"' -DNestedGrids= -D'ANALYTICAL_DIR="/home/tr16/COAWST_3.7/Projects/Sandy"' -D'MY_ANALYTICAL="on"' -D'SVN_URL=""' -D'SVN_REV=""' -IROMS/Include -I/home/tr16/COAWST_3.7/Projects/Sandy -IROMS/Nonlinear -IROMS/Nonlinear/Biology -IROMS/Nonlinear/Sediment -IROMS/Nonlinear/Wec -IROMS/Nonlinear/Vegetation -IROMS/Utility -IROMS/Drivers -IROMS/Functionals -I/home/tr16/COAWST_3.7/Projects/Sandy -ISWAN/Src -IMaster -ICompilers -D'HEADER_DIR="/home/tr16/COAWST_3.7/Projects/Sandy"'  Master/mod_coupler_iounits.F > Build_roms/mod_coupler_iounits.f90
ROMS/Bin/cpp_clean Build_roms/diag.f90
/usr/bin/cpp -P -traditional -w               -DMPI -DLINUX -DX86_64 -DGFORTRAN -D'ROOT_DIR="/home/tr16/COAWST_3.7"' -DSANDY -D'HEADER="sandy.h"' -D'ROMS_HEADER="/home/tr16/COAWST_3.7/Projects/Sandy/sandy.h"' -DNestedGrids= -D'ANALYTICAL_DIR="/home/tr16/COAWST_3.7/Projects/Sandy"' -D'MY_ANALYTICAL="on"' -D'SVN_URL=""' -D'SVN_REV=""' -IROMS/Include -I/home/tr16/COAWST_3.7/Projects/Sandy -IROMS/Nonlinear -IROMS/Nonlinear/Biology -IROMS/Nonlinear/Sediment -IROMS/Nonlinear/Wec -IROMS/Nonlinear/Vegetation -IROMS/Utility -IROMS/Drivers -IROMS/Functionals -I/home/tr16/COAWST_3.7/Projects/Sandy -ISWAN/Src -IMaster -ICompilers -D'HEADER_DIR="/home/tr16/COAWST_3.7/Projects/Sandy"'  SWAN/Src/swan_iounits.F > Build_roms/swan_iounits.f90
ROMS/Bin/cpp_clean Build_roms/dotproduct.f90
/usr/bin/cpp -P -traditional -w               -DMPI -DLINUX -DX86_64 -DGFORTRAN -D'ROOT_DIR="/home/tr16/COAWST_3.7"' -DSANDY -D'HEADER="sandy.h"' -D'ROMS_HEADER="/home/tr16/COAWST_3.7/Projects/Sandy/sandy.h"' -DNestedGrids= -D'ANALYTICAL_DIR="/home/tr16/COAWST_3.7/Projects/Sandy"' -D'MY_ANALYTICAL="on"' -D'SVN_URL=""' -D'SVN_REV=""' -IROMS/Include -I/home/tr16/COAWST_3.7/Projects/Sandy -IROMS/Nonlinear -IROMS/Nonlinear/Biology -IROMS/Nonlinear/Sediment -IROMS/Nonlinear/Wec -IROMS/Nonlinear/Vegetation -IROMS/Utility -IROMS/Drivers -IROMS/Functionals -I/home/tr16/COAWST_3.7/Projects/Sandy -ISWAN/Src -IMaster -ICompilers -D'HEADER_DIR="/home/tr16/COAWST_3.7/Projects/Sandy"'  SWAN/Src/swmod2.F > Build_roms/swmod2.f90
ROMS/Bin/cpp_clean Build_roms/equilibrium_tide.f90
ROMS/Bin/cpp_clean Build_roms/forcing.f90
ROMS/Bin/cpp_clean Build_roms/mod_fourdvar.f90
/usr/bin/cpp -P -traditional -w               -DMPI -DLINUX -DX86_64 -DGFORTRAN -D'ROOT_DIR="/home/tr16/COAWST_3.7"' -DSANDY -D'HEADER="sandy.h"' -D'ROMS_HEADER="/home/tr16/COAWST_3.7/Projects/Sandy/sandy.h"' -DNestedGrids= -D'ANALYTICAL_DIR="/home/tr16/COAWST_3.7/Projects/Sandy"' -D'MY_ANALYTICAL="on"' -D'SVN_URL=""' -D'SVN_REV=""' -IROMS/Include -I/home/tr16/COAWST_3.7/Projects/Sandy -IROMS/Nonlinear -IROMS/Nonlinear/Biology -IROMS/Nonlinear/Sediment -IROMS/Nonlinear/Wec -IROMS/Nonlinear/Vegetation -IROMS/Utility -IROMS/Drivers -IROMS/Functionals -I/home/tr16/COAWST_3.7/Projects/Sandy -ISWAN/Src -IMaster -ICompilers -D'HEADER_DIR="/home/tr16/COAWST_3.7/Projects/Sandy"'  SWAN/Src/swmod1.F > Build_roms/swmod1.f90
/usr/bin/cpp -P -traditional -w               -DMPI -DLINUX -DX86_64 -DGFORTRAN -D'ROOT_DIR="/home/tr16/COAWST_3.7"' -DSANDY -D'HEADER="sandy.h"' -D'ROMS_HEADER="/home/tr16/COAWST_3.7/Projects/Sandy/sandy.h"' -DNestedGrids= -D'ANALYTICAL_DIR="/home/tr16/COAWST_3.7/Projects/Sandy"' -D'MY_ANALYTICAL="on"' -D'SVN_URL=""' -D'SVN_REV=""' -IROMS/Include -I/home/tr16/COAWST_3.7/Projects/Sandy -IROMS/Nonlinear -IROMS/Nonlinear/Biology -IROMS/Nonlinear/Sediment -IROMS/Nonlinear/Wec -IROMS/Nonlinear/Vegetation -IROMS/Utility -IROMS/Drivers -IROMS/Functionals -I/home/tr16/COAWST_3.7/Projects/Sandy -ISWAN/Src -IMaster -ICompilers -D'HEADER_DIR="/home/tr16/COAWST_3.7/Projects/Sandy"'  ROMS/Nonlinear/omega.F > Build_roms/omega.f90
ROMS/Bin/cpp_clean Build_roms/vegetation_turb_cal.f90
ROMS/Bin/cpp_clean Build_roms/vegetation_drag.f90
ROMS/Bin/cpp_clean Build_roms/gls_corstep.f90
ROMS/Bin/cpp_clean Build_roms/hmixing.f90
ROMS/Bin/cpp_clean Build_roms/pt3dbc_im.f90
ROMS/Bin/cpp_clean Build_roms/ini_fields.f90
ROMS/Bin/cpp_clean Build_roms/t3dbc_im.f90
/usr/bin/cpp -P -traditional -w               -DMPI -DLINUX -DX86_64 -DGFORTRAN -D'ROOT_DIR="/home/tr16/COAWST_3.7"' -DSANDY -D'HEADER="sandy.h"' -D'ROMS_HEADER="/home/tr16/COAWST_3.7/Projects/Sandy/sandy.h"' -DNestedGrids= -D'ANALYTICAL_DIR="/home/tr16/COAWST_3.7/Projects/Sandy"' -D'MY_ANALYTICAL="on"' -D'SVN_URL=""' -D'SVN_REV=""' -IROMS/Include -I/home/tr16/COAWST_3.7/Projects/Sandy -IROMS/Nonlinear -IROMS/Nonlinear/Biology -IROMS/Nonlinear/Sediment -IROMS/Nonlinear/Wec -IROMS/Nonlinear/Vegetation -IROMS/Utility -IROMS/Drivers -IROMS/Functionals -I/home/tr16/COAWST_3.7/Projects/Sandy -ISWAN/Src -IMaster -ICompilers -D'HEADER_DIR="/home/tr16/COAWST_3.7/Projects/Sandy"'  ROMS/Nonlinear/Wec/radiation_stress.F > Build_roms/radiation_stress.f90
ROMS/Bin/cpp_clean Build_roms/u3dbc_im.f90
ROMS/Bin/cpp_clean Build_roms/v3dbc_im.f90
ROMS/Bin/cpp_clean Build_roms/lmd_vmix.f90
ROMS/Bin/cpp_clean Build_roms/marsh_dynamics.f90
ROMS/Bin/cpp_clean Build_roms/marsh_sed_erosion.f90
ROMS/Bin/cpp_clean Build_roms/marsh_wave_thrust.f90
ROMS/Bin/cpp_clean Build_roms/marsh_tidal_range_calc.f90
ROMS/Bin/cpp_clean Build_roms/marsh_vert_growth.f90
/usr/bin/cpp -P -traditional -w               -DMPI -DLINUX -DX86_64 -DGFORTRAN -D'ROOT_DIR="/home/tr16/COAWST_3.7"' -DSANDY -D'HEADER="sandy.h"' -D'ROMS_HEADER="/home/tr16/COAWST_3.7/Projects/Sandy/sandy.h"' -DNestedGrids= -D'ANALYTICAL_DIR="/home/tr16/COAWST_3.7/Projects/Sandy"' -D'MY_ANALYTICAL="on"' -D'SVN_URL=""' -D'SVN_REV=""' -IROMS/Include -I/home/tr16/COAWST_3.7/Projects/Sandy -IROMS/Nonlinear -IROMS/Nonlinear/Biology -IROMS/Nonlinear/Sediment -IROMS/Nonlinear/Wec -IROMS/Nonlinear/Vegetation -IROMS/Utility -IROMS/Drivers -IROMS/Functionals -I/home/tr16/COAWST_3.7/Projects/Sandy -ISWAN/Src -IMaster -ICompilers -D'HEADER_DIR="/home/tr16/COAWST_3.7/Projects/Sandy"'  ROMS/Nonlinear/rho_eos.F > Build_roms/rho_eos.f90
ROMS/Bin/cpp_clean Build_roms/mod_coupler.f90
/usr/bin/cpp -P -traditional -w               -DMPI -DLINUX -DX86_64 -DGFORTRAN -D'ROOT_DIR="/home/tr16/COAWST_3.7"' -DSANDY -D'HEADER="sandy.h"' -D'ROMS_HEADER="/home/tr16/COAWST_3.7/Projects/Sandy/sandy.h"' -DNestedGrids= -D'ANALYTICAL_DIR="/home/tr16/COAWST_3.7/Projects/Sandy"' -D'MY_ANALYTICAL="on"' -D'SVN_URL=""' -D'SVN_REV=""' -IROMS/Include -I/home/tr16/COAWST_3.7/Projects/Sandy -IROMS/Nonlinear -IROMS/Nonlinear/Biology -IROMS/Nonlinear/Sediment -IROMS/Nonlinear/Wec -IROMS/Nonlinear/Vegetation -IROMS/Utility -IROMS/Drivers -IROMS/Functionals -I/home/tr16/COAWST_3.7/Projects/Sandy -ISWAN/Src -IMaster -ICompilers -D'HEADER_DIR="/home/tr16/COAWST_3.7/Projects/Sandy"'  ROMS/Modules/mod_eoscoef.F > Build_roms/mod_eoscoef.f90
/usr/bin/cpp -P -traditional -w               -DMPI -DLINUX -DX86_64 -DGFORTRAN -D'ROOT_DIR="/home/tr16/COAWST_3.7"' -DSANDY -D'HEADER="sandy.h"' -D'ROMS_HEADER="/home/tr16/COAWST_3.7/Projects/Sandy/sandy.h"' -DNestedGrids= -D'ANALYTICAL_DIR="/home/tr16/COAWST_3.7/Projects/Sandy"' -D'MY_ANALYTICAL="on"' -D'SVN_URL=""' -D'SVN_REV=""' -IROMS/Include -I/home/tr16/COAWST_3.7/Projects/Sandy -IROMS/Nonlinear -IROMS/Nonlinear/Biology -IROMS/Nonlinear/Sediment -IROMS/Nonlinear/Wec -IROMS/Nonlinear/Vegetation -IROMS/Utility -IROMS/Drivers -IROMS/Functionals -I/home/tr16/COAWST_3.7/Projects/Sandy -ISWAN/Src -IMaster -ICompilers -D'HEADER_DIR="/home/tr16/COAWST_3.7/Projects/Sandy"'  ROMS/Nonlinear/rhs3d.F > Build_roms/rhs3d.f90
/usr/bin/cpp -P -traditional -w               -DMPI -DLINUX -DX86_64 -DGFORTRAN -D'ROOT_DIR="/home/tr16/COAWST_3.7"' -DSANDY -D'HEADER="sandy.h"' -D'ROMS_HEADER="/home/tr16/COAWST_3.7/Projects/Sandy/sandy.h"' -DNestedGrids= -D'ANALYTICAL_DIR="/home/tr16/COAWST_3.7/Projects/Sandy"' -D'MY_ANALYTICAL="on"' -D'SVN_URL=""' -D'SVN_REV=""' -IROMS/Include -I/home/tr16/COAWST_3.7/Projects/Sandy -IROMS/Nonlinear -IROMS/Nonlinear/Biology -IROMS/Nonlinear/Sediment -IROMS/Nonlinear/Wec -IROMS/Nonlinear/Vegetation -IROMS/Utility -IROMS/Drivers -IROMS/Functionals -I/home/tr16/COAWST_3.7/Projects/Sandy -ISWAN/Src -IMaster -ICompilers -D'HEADER_DIR="/home/tr16/COAWST_3.7/Projects/Sandy"'  ROMS/Nonlinear/pre_step3d.F > Build_roms/pre_step3d.f90
ROMS/Bin/cpp_clean Build_roms/obc_adjust.f90
/usr/bin/cpp -P -traditional -w               -DMPI -DLINUX -DX86_64 -DGFORTRAN -D'ROOT_DIR="/home/tr16/COAWST_3.7"' -DSANDY -D'HEADER="sandy.h"' -D'ROMS_HEADER="/home/tr16/COAWST_3.7/Projects/Sandy/sandy.h"' -DNestedGrids= -D'ANALYTICAL_DIR="/home/tr16/COAWST_3.7/Projects/Sandy"' -D'MY_ANALYTICAL="on"' -D'SVN_URL=""' -D'SVN_REV=""' -IROMS/Include -I/home/tr16/COAWST_3.7/Projects/Sandy -IROMS/Nonlinear -IROMS/Nonlinear/Biology -IROMS/Nonlinear/Sediment -IROMS/Nonlinear/Wec -IROMS/Nonlinear/Vegetation -IROMS/Utility -IROMS/Drivers -IROMS/Functionals -I/home/tr16/COAWST_3.7/Projects/Sandy -ISWAN/Src -IMaster -ICompilers -D'HEADER_DIR="/home/tr16/COAWST_3.7/Projects/Sandy"'  ROMS/Nonlinear/t3dmix.F > Build_roms/t3dmix.f90
/usr/bin/cpp -P -traditional -w               -DMPI -DLINUX -DX86_64 -DGFORTRAN -D'ROOT_DIR="/home/tr16/COAWST_3.7"' -DSANDY -D'HEADER="sandy.h"' -D'ROMS_HEADER="/home/tr16/COAWST_3.7/Projects/Sandy/sandy.h"' -DNestedGrids= -D'ANALYTICAL_DIR="/home/tr16/COAWST_3.7/Projects/Sandy"' -D'MY_ANALYTICAL="on"' -D'SVN_URL=""' -D'SVN_REV=""' -IROMS/Include -I/home/tr16/COAWST_3.7/Projects/Sandy -IROMS/Nonlinear -IROMS/Nonlinear/Biology -IROMS/Nonlinear/Sediment -IROMS/Nonlinear/Wec -IROMS/Nonlinear/Vegetation -IROMS/Utility -IROMS/Drivers -IROMS/Functionals -I/home/tr16/COAWST_3.7/Projects/Sandy -ISWAN/Src -IMaster -ICompilers -D'HEADER_DIR="/home/tr16/COAWST_3.7/Projects/Sandy"'  ROMS/Nonlinear/uv3dmix.F > Build_roms/uv3dmix.f90
/usr/bin/cpp -P -traditional -w               -DMPI -DLINUX -DX86_64 -DGFORTRAN -D'ROOT_DIR="/home/tr16/COAWST_3.7"' -DSANDY -D'HEADER="sandy.h"' -D'ROMS_HEADER="/home/tr16/COAWST_3.7/Projects/Sandy/sandy.h"' -DNestedGrids= -D'ANALYTICAL_DIR="/home/tr16/COAWST_3.7/Projects/Sandy"' -D'MY_ANALYTICAL="on"' -D'SVN_URL=""' -D'SVN_REV=""' -IROMS/Include -I/home/tr16/COAWST_3.7/Projects/Sandy -IROMS/Nonlinear -IROMS/Nonlinear/Biology -IROMS/Nonlinear/Sediment -IROMS/Nonlinear/Wec -IROMS/Nonlinear/Vegetation -IROMS/Utility -IROMS/Drivers -IROMS/Functionals -I/home/tr16/COAWST_3.7/Projects/Sandy -ISWAN/Src -IMaster -ICompilers -D'HEADER_DIR="/home/tr16/COAWST_3.7/Projects/Sandy"'  ROMS/Nonlinear/Wec/wec_streaming.F > Build_roms/wec_streaming.f90
/usr/bin/cpp -P -traditional -w               -DMPI -DLINUX -DX86_64 -DGFORTRAN -D'ROOT_DIR="/home/tr16/COAWST_3.7"' -DSANDY -D'HEADER="sandy.h"' -D'ROMS_HEADER="/home/tr16/COAWST_3.7/Projects/Sandy/sandy.h"' -DNestedGrids= -D'ANALYTICAL_DIR="/home/tr16/COAWST_3.7/Projects/Sandy"' -D'MY_ANALYTICAL="on"' -D'SVN_URL=""' -D'SVN_REV=""' -IROMS/Include -I/home/tr16/COAWST_3.7/Projects/Sandy -IROMS/Nonlinear -IROMS/Nonlinear/Biology -IROMS/Nonlinear/Sediment -IROMS/Nonlinear/Wec -IROMS/Nonlinear/Vegetation -IROMS/Utility -IROMS/Drivers -IROMS/Functionals -I/home/tr16/COAWST_3.7/Projects/Sandy -ISWAN/Src -IMaster -ICompilers -D'HEADER_DIR="/home/tr16/COAWST_3.7/Projects/Sandy"'  ROMS/Nonlinear/Vegetation/vegetation_stream.F > Build_roms/vegetation_stream.f90
ROMS/Bin/cpp_clean Build_roms/nesting.f90
/usr/bin/cpp -P -traditional -w               -DMPI -DLINUX -DX86_64 -DGFORTRAN -D'ROOT_DIR="/home/tr16/COAWST_3.7"' -DSANDY -D'HEADER="sandy.h"' -D'ROMS_HEADER="/home/tr16/COAWST_3.7/Projects/Sandy/sandy.h"' -DNestedGrids= -D'ANALYTICAL_DIR="/home/tr16/COAWST_3.7/Projects/Sandy"' -D'MY_ANALYTICAL="on"' -D'SVN_URL=""' -D'SVN_REV=""' -IROMS/Include -I/home/tr16/COAWST_3.7/Projects/Sandy -IROMS/Nonlinear -IROMS/Nonlinear/Biology -IROMS/Nonlinear/Sediment -IROMS/Nonlinear/Wec -IROMS/Nonlinear/Vegetation -IROMS/Utility -IROMS/Drivers -IROMS/Functionals -I/home/tr16/COAWST_3.7/Projects/Sandy -ISWAN/Src -IMaster -ICompilers -D'HEADER_DIR="/home/tr16/COAWST_3.7/Projects/Sandy"'  ROMS/Nonlinear/Wec/wec_vf.F > Build_roms/wec_vf.f90
ROMS/Bin/cpp_clean Build_roms/ocean_coupler.f90
/usr/bin/cpp -P -traditional -w               -DMPI -DLINUX -DX86_64 -DGFORTRAN -D'ROOT_DIR="/home/tr16/COAWST_3.7"' -DSANDY -D'HEADER="sandy.h"' -D'ROMS_HEADER="/home/tr16/COAWST_3.7/Projects/Sandy/sandy.h"' -DNestedGrids= -D'ANALYTICAL_DIR="/home/tr16/COAWST_3.7/Projects/Sandy"' -D'MY_ANALYTICAL="on"' -D'SVN_URL=""' -D'SVN_REV=""' -IROMS/Include -I/home/tr16/COAWST_3.7/Projects/Sandy -IROMS/Nonlinear -IROMS/Nonlinear/Biology -IROMS/Nonlinear/Sediment -IROMS/Nonlinear/Wec -IROMS/Nonlinear/Vegetation -IROMS/Utility -IROMS/Drivers -IROMS/Functionals -I/home/tr16/COAWST_3.7/Projects/Sandy -ISWAN/Src -IMaster -ICompilers -D'HEADER_DIR="/home/tr16/COAWST_3.7/Projects/Sandy"'  ROMS/Nonlinear/Sediment/sediment.F > Build_roms/sediment.f90
/usr/bin/cpp -P -traditional -w               -DMPI -DLINUX -DX86_64 -DGFORTRAN -D'ROOT_DIR="/home/tr16/COAWST_3.7"' -DSANDY -D'HEADER="sandy.h"' -D'ROMS_HEADER="/home/tr16/COAWST_3.7/Projects/Sandy/sandy.h"' -DNestedGrids= -D'ANALYTICAL_DIR="/home/tr16/COAWST_3.7/Projects/Sandy"' -D'MY_ANALYTICAL="on"' -D'SVN_URL=""' -D'SVN_REV=""' -IROMS/Include -I/home/tr16/COAWST_3.7/Projects/Sandy -IROMS/Nonlinear -IROMS/Nonlinear/Biology -IROMS/Nonlinear/Sediment -IROMS/Nonlinear/Wec -IROMS/Nonlinear/Vegetation -IROMS/Utility -IROMS/Drivers -IROMS/Functionals -I/home/tr16/COAWST_3.7/Projects/Sandy -ISWAN/Src -IMaster -ICompilers -D'HEADER_DIR="/home/tr16/COAWST_3.7/Projects/Sandy"'  ROMS/Nonlinear/Sediment/mod_vandera_funcs.F > Build_roms/mod_vandera_funcs.f90
ROMS/Bin/cpp_clean Build_roms/mod_coupler_iounits.f90
/usr/bin/cpp -P -traditional -w               -DMPI -DLINUX -DX86_64 -DGFORTRAN -D'ROOT_DIR="/home/tr16/COAWST_3.7"' -DSANDY -D'HEADER="sandy.h"' -D'ROMS_HEADER="/home/tr16/COAWST_3.7/Projects/Sandy/sandy.h"' -DNestedGrids= -D'ANALYTICAL_DIR="/home/tr16/COAWST_3.7/Projects/Sandy"' -D'MY_ANALYTICAL="on"' -D'SVN_URL=""' -D'SVN_REV=""' -IROMS/Include -I/home/tr16/COAWST_3.7/Projects/Sandy -IROMS/Nonlinear -IROMS/Nonlinear/Biology -IROMS/Nonlinear/Sediment -IROMS/Nonlinear/Wec -IROMS/Nonlinear/Vegetation -IROMS/Utility -IROMS/Drivers -IROMS/Functionals -I/home/tr16/COAWST_3.7/Projects/Sandy -ISWAN/Src -IMaster -ICompilers -D'HEADER_DIR="/home/tr16/COAWST_3.7/Projects/Sandy"'  ROMS/Nonlinear/Sediment/sed_bed.F > Build_roms/sed_bed.f90
ROMS/Bin/cpp_clean Build_roms/swan_iounits.f90
/usr/bin/cpp -P -traditional -w               -DMPI -DLINUX -DX86_64 -DGFORTRAN -D'ROOT_DIR="/home/tr16/COAWST_3.7"' -DSANDY -D'HEADER="sandy.h"' -D'ROMS_HEADER="/home/tr16/COAWST_3.7/Projects/Sandy/sandy.h"' -DNestedGrids= -D'ANALYTICAL_DIR="/home/tr16/COAWST_3.7/Projects/Sandy"' -D'MY_ANALYTICAL="on"' -D'SVN_URL=""' -D'SVN_REV=""' -IROMS/Include -I/home/tr16/COAWST_3.7/Projects/Sandy -IROMS/Nonlinear -IROMS/Nonlinear/Biology -IROMS/Nonlinear/Sediment -IROMS/Nonlinear/Wec -IROMS/Nonlinear/Vegetation -IROMS/Utility -IROMS/Drivers -IROMS/Functionals -I/home/tr16/COAWST_3.7/Projects/Sandy -ISWAN/Src -IMaster -ICompilers -D'HEADER_DIR="/home/tr16/COAWST_3.7/Projects/Sandy"'  ROMS/Nonlinear/Sediment/sed_bed2.F > Build_roms/sed_bed2.f90
/usr/bin/cpp -P -traditional -w               -DMPI -DLINUX -DX86_64 -DGFORTRAN -D'ROOT_DIR="/home/tr16/COAWST_3.7"' -DSANDY -D'HEADER="sandy.h"' -D'ROMS_HEADER="/home/tr16/COAWST_3.7/Projects/Sandy/sandy.h"' -DNestedGrids= -D'ANALYTICAL_DIR="/home/tr16/COAWST_3.7/Projects/Sandy"' -D'MY_ANALYTICAL="on"' -D'SVN_URL=""' -D'SVN_REV=""' -IROMS/Include -I/home/tr16/COAWST_3.7/Projects/Sandy -IROMS/Nonlinear -IROMS/Nonlinear/Biology -IROMS/Nonlinear/Sediment -IROMS/Nonlinear/Wec -IROMS/Nonlinear/Vegetation -IROMS/Utility -IROMS/Drivers -IROMS/Functionals -I/home/tr16/COAWST_3.7/Projects/Sandy -ISWAN/Src -IMaster -ICompilers -D'HEADER_DIR="/home/tr16/COAWST_3.7/Projects/Sandy"'  ROMS/Nonlinear/Sediment/sed_bed_cohesive.F > Build_roms/sed_bed_cohesive.f90
/usr/bin/cpp -P -traditional -w               -DMPI -DLINUX -DX86_64 -DGFORTRAN -D'ROOT_DIR="/home/tr16/COAWST_3.7"' -DSANDY -D'HEADER="sandy.h"' -D'ROMS_HEADER="/home/tr16/COAWST_3.7/Projects/Sandy/sandy.h"' -DNestedGrids= -D'ANALYTICAL_DIR="/home/tr16/COAWST_3.7/Projects/Sandy"' -D'MY_ANALYTICAL="on"' -D'SVN_URL=""' -D'SVN_REV=""' -IROMS/Include -I/home/tr16/COAWST_3.7/Projects/Sandy -IROMS/Nonlinear -IROMS/Nonlinear/Biology -IROMS/Nonlinear/Sediment -IROMS/Nonlinear/Wec -IROMS/Nonlinear/Vegetation -IROMS/Utility -IROMS/Drivers -IROMS/Functionals -I/home/tr16/COAWST_3.7/Projects/Sandy -ISWAN/Src -IMaster -ICompilers -D'HEADER_DIR="/home/tr16/COAWST_3.7/Projects/Sandy"'  ROMS/Nonlinear/Sediment/sed_bedload.F > Build_roms/sed_bedload.f90
/usr/bin/cpp -P -traditional -w               -DMPI -DLINUX -DX86_64 -DGFORTRAN -D'ROOT_DIR="/home/tr16/COAWST_3.7"' -DSANDY -D'HEADER="sandy.h"' -D'ROMS_HEADER="/home/tr16/COAWST_3.7/Projects/Sandy/sandy.h"' -DNestedGrids= -D'ANALYTICAL_DIR="/home/tr16/COAWST_3.7/Projects/Sandy"' -D'MY_ANALYTICAL="on"' -D'SVN_URL=""' -D'SVN_REV=""' -IROMS/Include -I/home/tr16/COAWST_3.7/Projects/Sandy -IROMS/Nonlinear -IROMS/Nonlinear/Biology -IROMS/Nonlinear/Sediment -IROMS/Nonlinear/Wec -IROMS/Nonlinear/Vegetation -IROMS/Utility -IROMS/Drivers -IROMS/Functionals -I/home/tr16/COAWST_3.7/Projects/Sandy -ISWAN/Src -IMaster -ICompilers -D'HEADER_DIR="/home/tr16/COAWST_3.7/Projects/Sandy"'  ROMS/Nonlinear/Sediment/sed_bedload_vandera.F > Build_roms/sed_bedload_vandera.f90
/usr/bin/cpp -P -traditional -w               -DMPI -DLINUX -DX86_64 -DGFORTRAN -D'ROOT_DIR="/home/tr16/COAWST_3.7"' -DSANDY -D'HEADER="sandy.h"' -D'ROMS_HEADER="/home/tr16/COAWST_3.7/Projects/Sandy/sandy.h"' -DNestedGrids= -D'ANALYTICAL_DIR="/home/tr16/COAWST_3.7/Projects/Sandy"' -D'MY_ANALYTICAL="on"' -D'SVN_URL=""' -D'SVN_REV=""' -IROMS/Include -I/home/tr16/COAWST_3.7/Projects/Sandy -IROMS/Nonlinear -IROMS/Nonlinear/Biology -IROMS/Nonlinear/Sediment -IROMS/Nonlinear/Wec -IROMS/Nonlinear/Vegetation -IROMS/Utility -IROMS/Drivers -IROMS/Functionals -I/home/tr16/COAWST_3.7/Projects/Sandy -ISWAN/Src -IMaster -ICompilers -D'HEADER_DIR="/home/tr16/COAWST_3.7/Projects/Sandy"'  ROMS/Nonlinear/Sediment/sed_biodiff.F > Build_roms/sed_biodiff.f90
ROMS/Bin/cpp_clean Build_roms/swmod2.f90
/usr/bin/cpp -P -traditional -w               -DMPI -DLINUX -DX86_64 -DGFORTRAN -D'ROOT_DIR="/home/tr16/COAWST_3.7"' -DSANDY -D'HEADER="sandy.h"' -D'ROMS_HEADER="/home/tr16/COAWST_3.7/Projects/Sandy/sandy.h"' -DNestedGrids= -D'ANALYTICAL_DIR="/home/tr16/COAWST_3.7/Projects/Sandy"' -D'MY_ANALYTICAL="on"' -D'SVN_URL=""' -D'SVN_REV=""' -IROMS/Include -I/home/tr16/COAWST_3.7/Projects/Sandy -IROMS/Nonlinear -IROMS/Nonlinear/Biology -IROMS/Nonlinear/Sediment -IROMS/Nonlinear/Wec -IROMS/Nonlinear/Vegetation -IROMS/Utility -IROMS/Drivers -IROMS/Functionals -I/home/tr16/COAWST_3.7/Projects/Sandy -ISWAN/Src -IMaster -ICompilers -D'HEADER_DIR="/home/tr16/COAWST_3.7/Projects/Sandy"'  ROMS/Nonlinear/Sediment/sed_flocs.F > Build_roms/sed_flocs.f90
ROMS/Bin/cpp_clean Build_roms/omega.f90
/usr/bin/cpp -P -traditional -w               -DMPI -DLINUX -DX86_64 -DGFORTRAN -D'ROOT_DIR="/home/tr16/COAWST_3.7"' -DSANDY -D'HEADER="sandy.h"' -D'ROMS_HEADER="/home/tr16/COAWST_3.7/Projects/Sandy/sandy.h"' -DNestedGrids= -D'ANALYTICAL_DIR="/home/tr16/COAWST_3.7/Projects/Sandy"' -D'MY_ANALYTICAL="on"' -D'SVN_URL=""' -D'SVN_REV=""' -IROMS/Include -I/home/tr16/COAWST_3.7/Projects/Sandy -IROMS/Nonlinear -IROMS/Nonlinear/Biology -IROMS/Nonlinear/Sediment -IROMS/Nonlinear/Wec -IROMS/Nonlinear/Vegetation -IROMS/Utility -IROMS/Drivers -IROMS/Functionals -I/home/tr16/COAWST_3.7/Projects/Sandy -ISWAN/Src -IMaster -ICompilers -D'HEADER_DIR="/home/tr16/COAWST_3.7/Projects/Sandy"'  ROMS/Modules/mod_sedflocs.F > Build_roms/mod_sedflocs.f90
/usr/bin/cpp -P -traditional -w               -DMPI -DLINUX -DX86_64 -DGFORTRAN -D'ROOT_DIR="/home/tr16/COAWST_3.7"' -DSANDY -D'HEADER="sandy.h"' -D'ROMS_HEADER="/home/tr16/COAWST_3.7/Projects/Sandy/sandy.h"' -DNestedGrids= -D'ANALYTICAL_DIR="/home/tr16/COAWST_3.7/Projects/Sandy"' -D'MY_ANALYTICAL="on"' -D'SVN_URL=""' -D'SVN_REV=""' -IROMS/Include -I/home/tr16/COAWST_3.7/Projects/Sandy -IROMS/Nonlinear -IROMS/Nonlinear/Biology -IROMS/Nonlinear/Sediment -IROMS/Nonlinear/Wec -IROMS/Nonlinear/Vegetation -IROMS/Utility -IROMS/Drivers -IROMS/Functionals -I/home/tr16/COAWST_3.7/Projects/Sandy -ISWAN/Src -IMaster -ICompilers -D'HEADER_DIR="/home/tr16/COAWST_3.7/Projects/Sandy"'  ROMS/Nonlinear/Sediment/sed_fluxes.F > Build_roms/sed_fluxes.f90
ROMS/Bin/cpp_clean Build_roms/swmod1.f90
/usr/bin/cpp -P -traditional -w               -DMPI -DLINUX -DX86_64 -DGFORTRAN -D'ROOT_DIR="/home/tr16/COAWST_3.7"' -DSANDY -D'HEADER="sandy.h"' -D'ROMS_HEADER="/home/tr16/COAWST_3.7/Projects/Sandy/sandy.h"' -DNestedGrids= -D'ANALYTICAL_DIR="/home/tr16/COAWST_3.7/Projects/Sandy"' -D'MY_ANALYTICAL="on"' -D'SVN_URL=""' -D'SVN_REV=""' -IROMS/Include -I/home/tr16/COAWST_3.7/Projects/Sandy -IROMS/Nonlinear -IROMS/Nonlinear/Biology -IROMS/Nonlinear/Sediment -IROMS/Nonlinear/Wec -IROMS/Nonlinear/Vegetation -IROMS/Utility -IROMS/Drivers -IROMS/Functionals -I/home/tr16/COAWST_3.7/Projects/Sandy -ISWAN/Src -IMaster -ICompilers -D'HEADER_DIR="/home/tr16/COAWST_3.7/Projects/Sandy"'  ROMS/Nonlinear/Sediment/sed_settling.F > Build_roms/sed_settling.f90
/usr/bin/cpp -P -traditional -w               -DMPI -DLINUX -DX86_64 -DGFORTRAN -D'ROOT_DIR="/home/tr16/COAWST_3.7"' -DSANDY -D'HEADER="sandy.h"' -D'ROMS_HEADER="/home/tr16/COAWST_3.7/Projects/Sandy/sandy.h"' -DNestedGrids= -D'ANALYTICAL_DIR="/home/tr16/COAWST_3.7/Projects/Sandy"' -D'MY_ANALYTICAL="on"' -D'SVN_URL=""' -D'SVN_REV=""' -IROMS/Include -I/home/tr16/COAWST_3.7/Projects/Sandy -IROMS/Nonlinear -IROMS/Nonlinear/Biology -IROMS/Nonlinear/Sediment -IROMS/Nonlinear/Wec -IROMS/Nonlinear/Vegetation -IROMS/Utility -IROMS/Drivers -IROMS/Functionals -I/home/tr16/COAWST_3.7/Projects/Sandy -ISWAN/Src -IMaster -ICompilers -D'HEADER_DIR="/home/tr16/COAWST_3.7/Projects/Sandy"'  ROMS/Nonlinear/Sediment/sed_surface.F > Build_roms/sed_surface.f90
/usr/bin/cpp -P -traditional -w               -DMPI -DLINUX -DX86_64 -DGFORTRAN -D'ROOT_DIR="/home/tr16/COAWST_3.7"' -DSANDY -D'HEADER="sandy.h"' -D'ROMS_HEADER="/home/tr16/COAWST_3.7/Projects/Sandy/sandy.h"' -DNestedGrids= -D'ANALYTICAL_DIR="/home/tr16/COAWST_3.7/Projects/Sandy"' -D'MY_ANALYTICAL="on"' -D'SVN_URL=""' -D'SVN_REV=""' -IROMS/Include -I/home/tr16/COAWST_3.7/Projects/Sandy -IROMS/Nonlinear -IROMS/Nonlinear/Biology -IROMS/Nonlinear/Sediment -IROMS/Nonlinear/Wec -IROMS/Nonlinear/Vegetation -IROMS/Utility -IROMS/Drivers -IROMS/Functionals -I/home/tr16/COAWST_3.7/Projects/Sandy -ISWAN/Src -IMaster -ICompilers -D'HEADER_DIR="/home/tr16/COAWST_3.7/Projects/Sandy"'  ROMS/Nonlinear/Sediment/sedtr_decay.F > Build_roms/sedtr_decay.f90
/usr/bin/cpp -P -traditional -w               -DMPI -DLINUX -DX86_64 -DGFORTRAN -D'ROOT_DIR="/home/tr16/COAWST_3.7"' -DSANDY -D'HEADER="sandy.h"' -D'ROMS_HEADER="/home/tr16/COAWST_3.7/Projects/Sandy/sandy.h"' -DNestedGrids= -D'ANALYTICAL_DIR="/home/tr16/COAWST_3.7/Projects/Sandy"' -D'MY_ANALYTICAL="on"' -D'SVN_URL=""' -D'SVN_REV=""' -IROMS/Include -I/home/tr16/COAWST_3.7/Projects/Sandy -IROMS/Nonlinear -IROMS/Nonlinear/Biology -IROMS/Nonlinear/Sediment -IROMS/Nonlinear/Wec -IROMS/Nonlinear/Vegetation -IROMS/Utility -IROMS/Drivers -IROMS/Functionals -I/home/tr16/COAWST_3.7/Projects/Sandy -ISWAN/Src -IMaster -ICompilers -D'HEADER_DIR="/home/tr16/COAWST_3.7/Projects/Sandy"'  ROMS/Nonlinear/Sediment/sedtr_reactions_pom.F > Build_roms/sedtr_reactions_pom.f90
ROMS/Bin/cpp_clean Build_roms/radiation_stress.f90
/usr/bin/cpp -P -traditional -w               -DMPI -DLINUX -DX86_64 -DGFORTRAN -D'ROOT_DIR="/home/tr16/COAWST_3.7"' -DSANDY -D'HEADER="sandy.h"' -D'ROMS_HEADER="/home/tr16/COAWST_3.7/Projects/Sandy/sandy.h"' -DNestedGrids= -D'ANALYTICAL_DIR="/home/tr16/COAWST_3.7/Projects/Sandy"' -D'MY_ANALYTICAL="on"' -D'SVN_URL=""' -D'SVN_REV=""' -IROMS/Include -I/home/tr16/COAWST_3.7/Projects/Sandy -IROMS/Nonlinear -IROMS/Nonlinear/Biology -IROMS/Nonlinear/Sediment -IROMS/Nonlinear/Wec -IROMS/Nonlinear/Vegetation -IROMS/Utility -IROMS/Drivers -IROMS/Functionals -I/home/tr16/COAWST_3.7/Projects/Sandy -ISWAN/Src -IMaster -ICompilers -D'HEADER_DIR="/home/tr16/COAWST_3.7/Projects/Sandy"'  ROMS/Nonlinear/set_avg.F > Build_roms/set_avg.f90
/usr/bin/cpp -P -traditional -w               -DMPI -DLINUX -DX86_64 -DGFORTRAN -D'ROOT_DIR="/home/tr16/COAWST_3.7"' -DSANDY -D'HEADER="sandy.h"' -D'ROMS_HEADER="/home/tr16/COAWST_3.7/Projects/Sandy/sandy.h"' -DNestedGrids= -D'ANALYTICAL_DIR="/home/tr16/COAWST_3.7/Projects/Sandy"' -D'MY_ANALYTICAL="on"' -D'SVN_URL=""' -D'SVN_REV=""' -IROMS/Include -I/home/tr16/COAWST_3.7/Projects/Sandy -IROMS/Nonlinear -IROMS/Nonlinear/Biology -IROMS/Nonlinear/Sediment -IROMS/Nonlinear/Wec -IROMS/Nonlinear/Vegetation -IROMS/Utility -IROMS/Drivers -IROMS/Functionals -I/home/tr16/COAWST_3.7/Projects/Sandy -ISWAN/Src -IMaster -ICompilers -D'HEADER_DIR="/home/tr16/COAWST_3.7/Projects/Sandy"'  ROMS/Modules/mod_average.F > Build_roms/mod_average.f90
/usr/bin/cpp -P -traditional -w               -DMPI -DLINUX -DX86_64 -DGFORTRAN -D'ROOT_DIR="/home/tr16/COAWST_3.7"' -DSANDY -D'HEADER="sandy.h"' -D'ROMS_HEADER="/home/tr16/COAWST_3.7/Projects/Sandy/sandy.h"' -DNestedGrids= -D'ANALYTICAL_DIR="/home/tr16/COAWST_3.7/Projects/Sandy"' -D'MY_ANALYTICAL="on"' -D'SVN_URL=""' -D'SVN_REV=""' -IROMS/Include -I/home/tr16/COAWST_3.7/Projects/Sandy -IROMS/Nonlinear -IROMS/Nonlinear/Biology -IROMS/Nonlinear/Sediment -IROMS/Nonlinear/Wec -IROMS/Nonlinear/Vegetation -IROMS/Utility -IROMS/Drivers -IROMS/Functionals -I/home/tr16/COAWST_3.7/Projects/Sandy -ISWAN/Src -IMaster -ICompilers -D'HEADER_DIR="/home/tr16/COAWST_3.7/Projects/Sandy"'  ROMS/Utility/set_masks.F > Build_roms/set_masks.f90
ROMS/Bin/cpp_clean Build_roms/mod_eoscoef.f90
ROMS/Bin/cpp_clean Build_roms/rho_eos.f90
/usr/bin/cpp -P -traditional -w               -DMPI -DLINUX -DX86_64 -DGFORTRAN -D'ROOT_DIR="/home/tr16/COAWST_3.7"' -DSANDY -D'HEADER="sandy.h"' -D'ROMS_HEADER="/home/tr16/COAWST_3.7/Projects/Sandy/sandy.h"' -DNestedGrids= -D'ANALYTICAL_DIR="/home/tr16/COAWST_3.7/Projects/Sandy"' -D'MY_ANALYTICAL="on"' -D'SVN_URL=""' -D'SVN_REV=""' -IROMS/Include -I/home/tr16/COAWST_3.7/Projects/Sandy -IROMS/Nonlinear -IROMS/Nonlinear/Biology -IROMS/Nonlinear/Sediment -IROMS/Nonlinear/Wec -IROMS/Nonlinear/Vegetation -IROMS/Utility -IROMS/Drivers -IROMS/Functionals -I/home/tr16/COAWST_3.7/Projects/Sandy -ISWAN/Src -IMaster -ICompilers -D'HEADER_DIR="/home/tr16/COAWST_3.7/Projects/Sandy"'  ROMS/Utility/uv_rotate.F > Build_roms/uv_rotate.f90
/usr/bin/cpp -P -traditional -w               -DMPI -DLINUX -DX86_64 -DGFORTRAN -D'ROOT_DIR="/home/tr16/COAWST_3.7"' -DSANDY -D'HEADER="sandy.h"' -D'ROMS_HEADER="/home/tr16/COAWST_3.7/Projects/Sandy/sandy.h"' -DNestedGrids= -D'ANALYTICAL_DIR="/home/tr16/COAWST_3.7/Projects/Sandy"' -D'MY_ANALYTICAL="on"' -D'SVN_URL=""' -D'SVN_REV=""' -IROMS/Include -I/home/tr16/COAWST_3.7/Projects/Sandy -IROMS/Nonlinear -IROMS/Nonlinear/Biology -IROMS/Nonlinear/Sediment -IROMS/Nonlinear/Wec -IROMS/Nonlinear/Vegetation -IROMS/Utility -IROMS/Drivers -IROMS/Functionals -I/home/tr16/COAWST_3.7/Projects/Sandy -ISWAN/Src -IMaster -ICompilers -D'HEADER_DIR="/home/tr16/COAWST_3.7/Projects/Sandy"'  ROMS/Utility/vorticity.F > Build_roms/vorticity.f90
/usr/bin/cpp -P -traditional -w               -DMPI -DLINUX -DX86_64 -DGFORTRAN -D'ROOT_DIR="/home/tr16/COAWST_3.7"' -DSANDY -D'HEADER="sandy.h"' -D'ROMS_HEADER="/home/tr16/COAWST_3.7/Projects/Sandy/sandy.h"' -DNestedGrids= -D'ANALYTICAL_DIR="/home/tr16/COAWST_3.7/Projects/Sandy"' -D'MY_ANALYTICAL="on"' -D'SVN_URL=""' -D'SVN_REV=""' -IROMS/Include -I/home/tr16/COAWST_3.7/Projects/Sandy -IROMS/Nonlinear -IROMS/Nonlinear/Biology -IROMS/Nonlinear/Sediment -IROMS/Nonlinear/Wec -IROMS/Nonlinear/Vegetation -IROMS/Utility -IROMS/Drivers -IROMS/Functionals -I/home/tr16/COAWST_3.7/Projects/Sandy -ISWAN/Src -IMaster -ICompilers -D'HEADER_DIR="/home/tr16/COAWST_3.7/Projects/Sandy"'  ROMS/Nonlinear/set_massflux.F > Build_roms/set_massflux.f90
ROMS/Bin/cpp_clean Build_roms/pre_step3d.f90
ROMS/Bin/cpp_clean Build_roms/t3dmix.f90
ROMS/Bin/cpp_clean Build_roms/rhs3d.f90
/usr/bin/cpp -P -traditional -w               -DMPI -DLINUX -DX86_64 -DGFORTRAN -D'ROOT_DIR="/home/tr16/COAWST_3.7"' -DSANDY -D'HEADER="sandy.h"' -D'ROMS_HEADER="/home/tr16/COAWST_3.7/Projects/Sandy/sandy.h"' -DNestedGrids= -D'ANALYTICAL_DIR="/home/tr16/COAWST_3.7/Projects/Sandy"' -D'MY_ANALYTICAL="on"' -D'SVN_URL=""' -D'SVN_REV=""' -IROMS/Include -I/home/tr16/COAWST_3.7/Projects/Sandy -IROMS/Nonlinear -IROMS/Nonlinear/Biology -IROMS/Nonlinear/Sediment -IROMS/Nonlinear/Wec -IROMS/Nonlinear/Vegetation -IROMS/Utility -IROMS/Drivers -IROMS/Functionals -I/home/tr16/COAWST_3.7/Projects/Sandy -ISWAN/Src -IMaster -ICompilers -D'HEADER_DIR="/home/tr16/COAWST_3.7/Projects/Sandy"'  ROMS/Nonlinear/set_tides.F > Build_roms/set_tides.f90
ROMS/Bin/cpp_clean Build_roms/vegetation_stream.f90
ROMS/Bin/cpp_clean Build_roms/uv3dmix.f90
ROMS/Bin/cpp_clean Build_roms/wec_streaming.f90
/usr/bin/cpp -P -traditional -w               -DMPI -DLINUX -DX86_64 -DGFORTRAN -D'ROOT_DIR="/home/tr16/COAWST_3.7"' -DSANDY -D'HEADER="sandy.h"' -D'ROMS_HEADER="/home/tr16/COAWST_3.7/Projects/Sandy/sandy.h"' -DNestedGrids= -D'ANALYTICAL_DIR="/home/tr16/COAWST_3.7/Projects/Sandy"' -D'MY_ANALYTICAL="on"' -D'SVN_URL=""' -D'SVN_REV=""' -IROMS/Include -I/home/tr16/COAWST_3.7/Projects/Sandy -IROMS/Nonlinear -IROMS/Nonlinear/Biology -IROMS/Nonlinear/Sediment -IROMS/Nonlinear/Wec -IROMS/Nonlinear/Vegetation -IROMS/Utility -IROMS/Drivers -IROMS/Functionals -I/home/tr16/COAWST_3.7/Projects/Sandy -ISWAN/Src -IMaster -ICompilers -D'HEADER_DIR="/home/tr16/COAWST_3.7/Projects/Sandy"'  ROMS/Nonlinear/set_vbc.F > Build_roms/set_vbc.f90
ROMS/Bin/cpp_clean Build_roms/sediment.f90
ROMS/Bin/cpp_clean Build_roms/wec_vf.f90
/usr/bin/cpp -P -traditional -w               -DMPI -DLINUX -DX86_64 -DGFORTRAN -D'ROOT_DIR="/home/tr16/COAWST_3.7"' -DSANDY -D'HEADER="sandy.h"' -D'ROMS_HEADER="/home/tr16/COAWST_3.7/Projects/Sandy/sandy.h"' -DNestedGrids= -D'ANALYTICAL_DIR="/home/tr16/COAWST_3.7/Projects/Sandy"' -D'MY_ANALYTICAL="on"' -D'SVN_URL=""' -D'SVN_REV=""' -IROMS/Include -I/home/tr16/COAWST_3.7/Projects/Sandy -IROMS/Nonlinear -IROMS/Nonlinear/Biology -IROMS/Nonlinear/Sediment -IROMS/Nonlinear/Wec -IROMS/Nonlinear/Vegetation -IROMS/Utility -IROMS/Drivers -IROMS/Functionals -I/home/tr16/COAWST_3.7/Projects/Sandy -ISWAN/Src -IMaster -ICompilers -D'HEADER_DIR="/home/tr16/COAWST_3.7/Projects/Sandy"'  ROMS/Nonlinear/set_zeta.F > Build_roms/set_zeta.f90
ROMS/Bin/cpp_clean Build_roms/sed_bed.f90
/usr/bin/cpp -P -traditional -w               -DMPI -DLINUX -DX86_64 -DGFORTRAN -D'ROOT_DIR="/home/tr16/COAWST_3.7"' -DSANDY -D'HEADER="sandy.h"' -D'ROMS_HEADER="/home/tr16/COAWST_3.7/Projects/Sandy/sandy.h"' -DNestedGrids= -D'ANALYTICAL_DIR="/home/tr16/COAWST_3.7/Projects/Sandy"' -D'MY_ANALYTICAL="on"' -D'SVN_URL=""' -D'SVN_REV=""' -IROMS/Include -I/home/tr16/COAWST_3.7/Projects/Sandy -IROMS/Nonlinear -IROMS/Nonlinear/Biology -IROMS/Nonlinear/Sediment -IROMS/Nonlinear/Wec -IROMS/Nonlinear/Vegetation -IROMS/Utility -IROMS/Drivers -IROMS/Functionals -I/home/tr16/COAWST_3.7/Projects/Sandy -ISWAN/Src -IMaster -ICompilers -D'HEADER_DIR="/home/tr16/COAWST_3.7/Projects/Sandy"'  ROMS/Nonlinear/step2d.F > Build_roms/step2d.f90
ROMS/Bin/cpp_clean Build_roms/mod_vandera_funcs.f90
ROMS/Bin/cpp_clean Build_roms/sed_bed_cohesive.f90
ROMS/Bin/cpp_clean Build_roms/sed_bed2.f90
/usr/bin/cpp -P -traditional -w               -DMPI -DLINUX -DX86_64 -DGFORTRAN -D'ROOT_DIR="/home/tr16/COAWST_3.7"' -DSANDY -D'HEADER="sandy.h"' -D'ROMS_HEADER="/home/tr16/COAWST_3.7/Projects/Sandy/sandy.h"' -DNestedGrids= -D'ANALYTICAL_DIR="/home/tr16/COAWST_3.7/Projects/Sandy"' -D'MY_ANALYTICAL="on"' -D'SVN_URL=""' -D'SVN_REV=""' -IROMS/Include -I/home/tr16/COAWST_3.7/Projects/Sandy -IROMS/Nonlinear -IROMS/Nonlinear/Biology -IROMS/Nonlinear/Sediment -IROMS/Nonlinear/Wec -IROMS/Nonlinear/Vegetation -IROMS/Utility -IROMS/Drivers -IROMS/Functionals -I/home/tr16/COAWST_3.7/Projects/Sandy -ISWAN/Src -IMaster -ICompilers -D'HEADER_DIR="/home/tr16/COAWST_3.7/Projects/Sandy"'  ROMS/Nonlinear/obc_volcons.F > Build_roms/obc_volcons.f90
ROMS/Bin/cpp_clean Build_roms/sed_bedload.f90
ROMS/Bin/cpp_clean Build_roms/sed_biodiff.f90
/usr/bin/cpp -P -traditional -w               -DMPI -DLINUX -DX86_64 -DGFORTRAN -D'ROOT_DIR="/home/tr16/COAWST_3.7"' -DSANDY -D'HEADER="sandy.h"' -D'ROMS_HEADER="/home/tr16/COAWST_3.7/Projects/Sandy/sandy.h"' -DNestedGrids= -D'ANALYTICAL_DIR="/home/tr16/COAWST_3.7/Projects/Sandy"' -D'MY_ANALYTICAL="on"' -D'SVN_URL=""' -D'SVN_REV=""' -IROMS/Include -I/home/tr16/COAWST_3.7/Projects/Sandy -IROMS/Nonlinear -IROMS/Nonlinear/Biology -IROMS/Nonlinear/Sediment -IROMS/Nonlinear/Wec -IROMS/Nonlinear/Vegetation -IROMS/Utility -IROMS/Drivers -IROMS/Functionals -I/home/tr16/COAWST_3.7/Projects/Sandy -ISWAN/Src -IMaster -ICompilers -D'HEADER_DIR="/home/tr16/COAWST_3.7/Projects/Sandy"'  ROMS/Nonlinear/wetdry.F > Build_roms/wetdry.f90
ROMS/Bin/cpp_clean Build_roms/sed_bedload_vandera.f90
ROMS/Bin/cpp_clean Build_roms/sed_flocs.f90
ROMS/Bin/cpp_clean Build_roms/mod_sedflocs.f90
/usr/bin/cpp -P -traditional -w               -DMPI -DLINUX -DX86_64 -DGFORTRAN -D'ROOT_DIR="/home/tr16/COAWST_3.7"' -DSANDY -D'HEADER="sandy.h"' -D'ROMS_HEADER="/home/tr16/COAWST_3.7/Projects/Sandy/sandy.h"' -DNestedGrids= -D'ANALYTICAL_DIR="/home/tr16/COAWST_3.7/Projects/Sandy"' -D'MY_ANALYTICAL="on"' -D'SVN_URL=""' -D'SVN_REV=""' -IROMS/Include -I/home/tr16/COAWST_3.7/Projects/Sandy -IROMS/Nonlinear -IROMS/Nonlinear/Biology -IROMS/Nonlinear/Sediment -IROMS/Nonlinear/Wec -IROMS/Nonlinear/Vegetation -IROMS/Utility -IROMS/Drivers -IROMS/Functionals -I/home/tr16/COAWST_3.7/Projects/Sandy -ISWAN/Src -IMaster -ICompilers -D'HEADER_DIR="/home/tr16/COAWST_3.7/Projects/Sandy"'  ROMS/Nonlinear/step3d_t.F > Build_roms/step3d_t.f90
ROMS/Bin/cpp_clean Build_roms/sed_fluxes.f90
/usr/bin/cpp -P -traditional -w               -DMPI -DLINUX -DX86_64 -DGFORTRAN -D'ROOT_DIR="/home/tr16/COAWST_3.7"' -DSANDY -D'HEADER="sandy.h"' -D'ROMS_HEADER="/home/tr16/COAWST_3.7/Projects/Sandy/sandy.h"' -DNestedGrids= -D'ANALYTICAL_DIR="/home/tr16/COAWST_3.7/Projects/Sandy"' -D'MY_ANALYTICAL="on"' -D'SVN_URL=""' -D'SVN_REV=""' -IROMS/Include -I/home/tr16/COAWST_3.7/Projects/Sandy -IROMS/Nonlinear -IROMS/Nonlinear/Biology -IROMS/Nonlinear/Sediment -IROMS/Nonlinear/Wec -IROMS/Nonlinear/Vegetation -IROMS/Utility -IROMS/Drivers -IROMS/Functionals -I/home/tr16/COAWST_3.7/Projects/Sandy -ISWAN/Src -IMaster -ICompilers -D'HEADER_DIR="/home/tr16/COAWST_3.7/Projects/Sandy"'  ROMS/Modules/mod_trc_sources.F > Build_roms/mod_trc_sources.f90
/usr/bin/cpp -P -traditional -w               -DMPI -DLINUX -DX86_64 -DGFORTRAN -D'ROOT_DIR="/home/tr16/COAWST_3.7"' -DSANDY -D'HEADER="sandy.h"' -D'ROMS_HEADER="/home/tr16/COAWST_3.7/Projects/Sandy/sandy.h"' -DNestedGrids= -D'ANALYTICAL_DIR="/home/tr16/COAWST_3.7/Projects/Sandy"' -D'MY_ANALYTICAL="on"' -D'SVN_URL=""' -D'SVN_REV=""' -IROMS/Include -I/home/tr16/COAWST_3.7/Projects/Sandy -IROMS/Nonlinear -IROMS/Nonlinear/Biology -IROMS/Nonlinear/Sediment -IROMS/Nonlinear/Wec -IROMS/Nonlinear/Vegetation -IROMS/Utility -IROMS/Drivers -IROMS/Functionals -I/home/tr16/COAWST_3.7/Projects/Sandy -ISWAN/Src -IMaster -ICompilers -D'HEADER_DIR="/home/tr16/COAWST_3.7/Projects/Sandy"'  ROMS/Nonlinear/mpdata_adiff.F > Build_roms/mpdata_adiff.f90
ROMS/Bin/cpp_clean Build_roms/sedtr_decay.f90
/usr/bin/cpp -P -traditional -w               -DMPI -DLINUX -DX86_64 -DGFORTRAN -D'ROOT_DIR="/home/tr16/COAWST_3.7"' -DSANDY -D'HEADER="sandy.h"' -D'ROMS_HEADER="/home/tr16/COAWST_3.7/Projects/Sandy/sandy.h"' -DNestedGrids= -D'ANALYTICAL_DIR="/home/tr16/COAWST_3.7/Projects/Sandy"' -D'MY_ANALYTICAL="on"' -D'SVN_URL=""' -D'SVN_REV=""' -IROMS/Include -I/home/tr16/COAWST_3.7/Projects/Sandy -IROMS/Nonlinear -IROMS/Nonlinear/Biology -IROMS/Nonlinear/Sediment -IROMS/Nonlinear/Wec -IROMS/Nonlinear/Vegetation -IROMS/Utility -IROMS/Drivers -IROMS/Functionals -I/home/tr16/COAWST_3.7/Projects/Sandy -ISWAN/Src -IMaster -ICompilers -D'HEADER_DIR="/home/tr16/COAWST_3.7/Projects/Sandy"'  ROMS/Nonlinear/step3d_uv.F > Build_roms/step3d_uv.f90
ROMS/Bin/cpp_clean Build_roms/sed_surface.f90
ROMS/Bin/cpp_clean Build_roms/sed_settling.f90
ROMS/Bin/cpp_clean Build_roms/sedtr_reactions_pom.f90
/usr/bin/cpp -P -traditional -w               -DMPI -DLINUX -DX86_64 -DGFORTRAN -D'ROOT_DIR="/home/tr16/COAWST_3.7"' -DSANDY -D'HEADER="sandy.h"' -D'ROMS_HEADER="/home/tr16/COAWST_3.7/Projects/Sandy/sandy.h"' -DNestedGrids= -D'ANALYTICAL_DIR="/home/tr16/COAWST_3.7/Projects/Sandy"' -D'MY_ANALYTICAL="on"' -D'SVN_URL=""' -D'SVN_REV=""' -IROMS/Include -I/home/tr16/COAWST_3.7/Projects/Sandy -IROMS/Nonlinear -IROMS/Nonlinear/Biology -IROMS/Nonlinear/Sediment -IROMS/Nonlinear/Wec -IROMS/Nonlinear/Vegetation -IROMS/Utility -IROMS/Drivers -IROMS/Functionals -I/home/tr16/COAWST_3.7/Projects/Sandy -ISWAN/Src -IMaster -ICompilers -D'HEADER_DIR="/home/tr16/COAWST_3.7/Projects/Sandy"'  ROMS/Nonlinear/Wec/wec_dissip.F > Build_roms/wec_dissip.f90
/usr/bin/cpp -P -traditional -w               -DMPI -DLINUX -DX86_64 -DGFORTRAN -D'ROOT_DIR="/home/tr16/COAWST_3.7"' -DSANDY -D'HEADER="sandy.h"' -D'ROMS_HEADER="/home/tr16/COAWST_3.7/Projects/Sandy/sandy.h"' -DNestedGrids= -D'ANALYTICAL_DIR="/home/tr16/COAWST_3.7/Projects/Sandy"' -D'MY_ANALYTICAL="on"' -D'SVN_URL=""' -D'SVN_REV=""' -IROMS/Include -I/home/tr16/COAWST_3.7/Projects/Sandy -IROMS/Nonlinear -IROMS/Nonlinear/Biology -IROMS/Nonlinear/Sediment -IROMS/Nonlinear/Wec -IROMS/Nonlinear/Vegetation -IROMS/Utility -IROMS/Drivers -IROMS/Functionals -I/home/tr16/COAWST_3.7/Projects/Sandy -ISWAN/Src -IMaster -ICompilers -D'HEADER_DIR="/home/tr16/COAWST_3.7/Projects/Sandy"'  ROMS/Nonlinear/Wec/wec_roller.F > Build_roms/wec_roller.f90
/usr/bin/cpp -P -traditional -w               -DMPI -DLINUX -DX86_64 -DGFORTRAN -D'ROOT_DIR="/home/tr16/COAWST_3.7"' -DSANDY -D'HEADER="sandy.h"' -D'ROMS_HEADER="/home/tr16/COAWST_3.7/Projects/Sandy/sandy.h"' -DNestedGrids= -D'ANALYTICAL_DIR="/home/tr16/COAWST_3.7/Projects/Sandy"' -D'MY_ANALYTICAL="on"' -D'SVN_URL=""' -D'SVN_REV=""' -IROMS/Include -I/home/tr16/COAWST_3.7/Projects/Sandy -IROMS/Nonlinear -IROMS/Nonlinear/Biology -IROMS/Nonlinear/Sediment -IROMS/Nonlinear/Wec -IROMS/Nonlinear/Vegetation -IROMS/Utility -IROMS/Drivers -IROMS/Functionals -I/home/tr16/COAWST_3.7/Projects/Sandy -ISWAN/Src -IMaster -ICompilers -D'HEADER_DIR="/home/tr16/COAWST_3.7/Projects/Sandy"'  ROMS/Nonlinear/Wec/wec_stokes.F > Build_roms/wec_stokes.f90
ROMS/Bin/cpp_clean Build_roms/set_masks.f90
ROMS/Bin/cpp_clean Build_roms/mod_average.f90
/usr/bin/cpp -P -traditional -w               -DMPI -DLINUX -DX86_64 -DGFORTRAN -D'ROOT_DIR="/home/tr16/COAWST_3.7"' -DSANDY -D'HEADER="sandy.h"' -D'ROMS_HEADER="/home/tr16/COAWST_3.7/Projects/Sandy/sandy.h"' -DNestedGrids= -D'ANALYTICAL_DIR="/home/tr16/COAWST_3.7/Projects/Sandy"' -D'MY_ANALYTICAL="on"' -D'SVN_URL=""' -D'SVN_REV=""' -IROMS/Include -I/home/tr16/COAWST_3.7/Projects/Sandy -IROMS/Nonlinear -IROMS/Nonlinear/Biology -IROMS/Nonlinear/Sediment -IROMS/Nonlinear/Wec -IROMS/Nonlinear/Vegetation -IROMS/Utility -IROMS/Drivers -IROMS/Functionals -I/home/tr16/COAWST_3.7/Projects/Sandy -ISWAN/Src -IMaster -ICompilers -D'HEADER_DIR="/home/tr16/COAWST_3.7/Projects/Sandy"'  ROMS/Nonlinear/Wec/us2dbc_im.F > Build_roms/us2dbc_im.f90
ROMS/Bin/cpp_clean Build_roms/uv_rotate.f90
/usr/bin/cpp -P -traditional -w               -DMPI -DLINUX -DX86_64 -DGFORTRAN -D'ROOT_DIR="/home/tr16/COAWST_3.7"' -DSANDY -D'HEADER="sandy.h"' -D'ROMS_HEADER="/home/tr16/COAWST_3.7/Projects/Sandy/sandy.h"' -DNestedGrids= -D'ANALYTICAL_DIR="/home/tr16/COAWST_3.7/Projects/Sandy"' -D'MY_ANALYTICAL="on"' -D'SVN_URL=""' -D'SVN_REV=""' -IROMS/Include -I/home/tr16/COAWST_3.7/Projects/Sandy -IROMS/Nonlinear -IROMS/Nonlinear/Biology -IROMS/Nonlinear/Sediment -IROMS/Nonlinear/Wec -IROMS/Nonlinear/Vegetation -IROMS/Utility -IROMS/Drivers -IROMS/Functionals -I/home/tr16/COAWST_3.7/Projects/Sandy -ISWAN/Src -IMaster -ICompilers -D'HEADER_DIR="/home/tr16/COAWST_3.7/Projects/Sandy"'  ROMS/Nonlinear/Wec/us3dbc_im.F > Build_roms/us3dbc_im.f90
ROMS/Bin/cpp_clean Build_roms/set_avg.f90
ROMS/Bin/cpp_clean Build_roms/vorticity.f90
ROMS/Bin/cpp_clean Build_roms/set_massflux.f90
/usr/bin/cpp -P -traditional -w               -DMPI -DLINUX -DX86_64 -DGFORTRAN -D'ROOT_DIR="/home/tr16/COAWST_3.7"' -DSANDY -D'HEADER="sandy.h"' -D'ROMS_HEADER="/home/tr16/COAWST_3.7/Projects/Sandy/sandy.h"' -DNestedGrids= -D'ANALYTICAL_DIR="/home/tr16/COAWST_3.7/Projects/Sandy"' -D'MY_ANALYTICAL="on"' -D'SVN_URL=""' -D'SVN_REV=""' -IROMS/Include -I/home/tr16/COAWST_3.7/Projects/Sandy -IROMS/Nonlinear -IROMS/Nonlinear/Biology -IROMS/Nonlinear/Sediment -IROMS/Nonlinear/Wec -IROMS/Nonlinear/Vegetation -IROMS/Utility -IROMS/Drivers -IROMS/Functionals -I/home/tr16/COAWST_3.7/Projects/Sandy -ISWAN/Src -IMaster -ICompilers -D'HEADER_DIR="/home/tr16/COAWST_3.7/Projects/Sandy"'  ROMS/Nonlinear/Wec/vs2dbc_im.F > Build_roms/vs2dbc_im.f90
/usr/bin/cpp -P -traditional -w               -DMPI -DLINUX -DX86_64 -DGFORTRAN -D'ROOT_DIR="/home/tr16/COAWST_3.7"' -DSANDY -D'HEADER="sandy.h"' -D'ROMS_HEADER="/home/tr16/COAWST_3.7/Projects/Sandy/sandy.h"' -DNestedGrids= -D'ANALYTICAL_DIR="/home/tr16/COAWST_3.7/Projects/Sandy"' -D'MY_ANALYTICAL="on"' -D'SVN_URL=""' -D'SVN_REV=""' -IROMS/Include -I/home/tr16/COAWST_3.7/Projects/Sandy -IROMS/Nonlinear -IROMS/Nonlinear/Biology -IROMS/Nonlinear/Sediment -IROMS/Nonlinear/Wec -IROMS/Nonlinear/Vegetation -IROMS/Utility -IROMS/Drivers -IROMS/Functionals -I/home/tr16/COAWST_3.7/Projects/Sandy -ISWAN/Src -IMaster -ICompilers -D'HEADER_DIR="/home/tr16/COAWST_3.7/Projects/Sandy"'  ROMS/Nonlinear/Wec/vs3dbc_im.F > Build_roms/vs3dbc_im.f90
/usr/bin/cpp -P -traditional -w               -DMPI -DLINUX -DX86_64 -DGFORTRAN -D'ROOT_DIR="/home/tr16/COAWST_3.7"' -DSANDY -D'HEADER="sandy.h"' -D'ROMS_HEADER="/home/tr16/COAWST_3.7/Projects/Sandy/sandy.h"' -DNestedGrids= -D'ANALYTICAL_DIR="/home/tr16/COAWST_3.7/Projects/Sandy"' -D'MY_ANALYTICAL="on"' -D'SVN_URL=""' -D'SVN_REV=""' -IROMS/Include -I/home/tr16/COAWST_3.7/Projects/Sandy -IROMS/Nonlinear -IROMS/Nonlinear/Biology -IROMS/Nonlinear/Sediment -IROMS/Nonlinear/Wec -IROMS/Nonlinear/Vegetation -IROMS/Utility -IROMS/Drivers -IROMS/Functionals -I/home/tr16/COAWST_3.7/Projects/Sandy -ISWAN/Src -IMaster -ICompilers -D'HEADER_DIR="/home/tr16/COAWST_3.7/Projects/Sandy"'  ROMS/Nonlinear/Wec/wec_wave_mix.F > Build_roms/wec_wave_mix.f90
/usr/bin/cpp -P -traditional -w               -DMPI -DLINUX -DX86_64 -DGFORTRAN -D'ROOT_DIR="/home/tr16/COAWST_3.7"' -DSANDY -D'HEADER="sandy.h"' -D'ROMS_HEADER="/home/tr16/COAWST_3.7/Projects/Sandy/sandy.h"' -DNestedGrids= -D'ANALYTICAL_DIR="/home/tr16/COAWST_3.7/Projects/Sandy"' -D'MY_ANALYTICAL="on"' -D'SVN_URL=""' -D'SVN_REV=""' -IROMS/Include -I/home/tr16/COAWST_3.7/Projects/Sandy -IROMS/Nonlinear -IROMS/Nonlinear/Biology -IROMS/Nonlinear/Sediment -IROMS/Nonlinear/Wec -IROMS/Nonlinear/Vegetation -IROMS/Utility -IROMS/Drivers -IROMS/Functionals -I/home/tr16/COAWST_3.7/Projects/Sandy -ISWAN/Src -IMaster -ICompilers -D'HEADER_DIR="/home/tr16/COAWST_3.7/Projects/Sandy"'  ROMS/Nonlinear/Wec/wstvelocity.F > Build_roms/wstvelocity.f90
ROMS/Bin/cpp_clean Build_roms/set_tides.f90
/usr/bin/cpp -P -traditional -w               -DMPI -DLINUX -DX86_64 -DGFORTRAN -D'ROOT_DIR="/home/tr16/COAWST_3.7"' -DSANDY -D'HEADER="sandy.h"' -D'ROMS_HEADER="/home/tr16/COAWST_3.7/Projects/Sandy/sandy.h"' -DNestedGrids= -D'ANALYTICAL_DIR="/home/tr16/COAWST_3.7/Projects/Sandy"' -D'MY_ANALYTICAL="on"' -D'SVN_URL=""' -D'SVN_REV=""' -IROMS/Include -I/home/tr16/COAWST_3.7/Projects/Sandy -IROMS/Nonlinear -IROMS/Nonlinear/Biology -IROMS/Nonlinear/Sediment -IROMS/Nonlinear/Wec -IROMS/Nonlinear/Vegetation -IROMS/Utility -IROMS/Drivers -IROMS/Functionals -I/home/tr16/COAWST_3.7/Projects/Sandy -ISWAN/Src -IMaster -ICompilers -D'HEADER_DIR="/home/tr16/COAWST_3.7/Projects/Sandy"'  ROMS/Nonlinear/output.F > Build_roms/output.f90
/usr/bin/cpp -P -traditional -w               -DMPI -DLINUX -DX86_64 -DGFORTRAN -D'ROOT_DIR="/home/tr16/COAWST_3.7"' -DSANDY -D'HEADER="sandy.h"' -D'ROMS_HEADER="/home/tr16/COAWST_3.7/Projects/Sandy/sandy.h"' -DNestedGrids= -D'ANALYTICAL_DIR="/home/tr16/COAWST_3.7/Projects/Sandy"' -D'MY_ANALYTICAL="on"' -D'SVN_URL=""' -D'SVN_REV=""' -IROMS/Include -I/home/tr16/COAWST_3.7/Projects/Sandy -IROMS/Nonlinear -IROMS/Nonlinear/Biology -IROMS/Nonlinear/Sediment -IROMS/Nonlinear/Wec -IROMS/Nonlinear/Vegetation -IROMS/Utility -IROMS/Drivers -IROMS/Functionals -I/home/tr16/COAWST_3.7/Projects/Sandy -ISWAN/Src -IMaster -ICompilers -D'HEADER_DIR="/home/tr16/COAWST_3.7/Projects/Sandy"'  ROMS/Modules/mod_filter.F > Build_roms/mod_filter.f90
/usr/bin/cpp -P -traditional -w               -DMPI -DLINUX -DX86_64 -DGFORTRAN -D'ROOT_DIR="/home/tr16/COAWST_3.7"' -DSANDY -D'HEADER="sandy.h"' -D'ROMS_HEADER="/home/tr16/COAWST_3.7/Projects/Sandy/sandy.h"' -DNestedGrids= -D'ANALYTICAL_DIR="/home/tr16/COAWST_3.7/Projects/Sandy"' -D'MY_ANALYTICAL="on"' -D'SVN_URL=""' -D'SVN_REV=""' -IROMS/Include -I/home/tr16/COAWST_3.7/Projects/Sandy -IROMS/Nonlinear -IROMS/Nonlinear/Biology -IROMS/Nonlinear/Sediment -IROMS/Nonlinear/Wec -IROMS/Nonlinear/Vegetation -IROMS/Utility -IROMS/Drivers -IROMS/Functionals -I/home/tr16/COAWST_3.7/Projects/Sandy -ISWAN/Src -IMaster -ICompilers -D'HEADER_DIR="/home/tr16/COAWST_3.7/Projects/Sandy"'  ROMS/Nonlinear/conv_bry3d.F > Build_roms/conv_bry3d.f90
/usr/bin/cpp -P -traditional -w               -DMPI -DLINUX -DX86_64 -DGFORTRAN -D'ROOT_DIR="/home/tr16/COAWST_3.7"' -DSANDY -D'HEADER="sandy.h"' -D'ROMS_HEADER="/home/tr16/COAWST_3.7/Projects/Sandy/sandy.h"' -DNestedGrids= -D'ANALYTICAL_DIR="/home/tr16/COAWST_3.7/Projects/Sandy"' -D'MY_ANALYTICAL="on"' -D'SVN_URL=""' -D'SVN_REV=""' -IROMS/Include -I/home/tr16/COAWST_3.7/Projects/Sandy -IROMS/Nonlinear -IROMS/Nonlinear/Biology -IROMS/Nonlinear/Sediment -IROMS/Nonlinear/Wec -IROMS/Nonlinear/Vegetation -IROMS/Utility -IROMS/Drivers -IROMS/Functionals -I/home/tr16/COAWST_3.7/Projects/Sandy -ISWAN/Src -IMaster -ICompilers -D'HEADER_DIR="/home/tr16/COAWST_3.7/Projects/Sandy"'  ROMS/Nonlinear/initial.F > Build_roms/initial.f90
ROMS/Bin/cpp_clean Build_roms/set_vbc.f90
/usr/bin/cpp -P -traditional -w               -DMPI -DLINUX -DX86_64 -DGFORTRAN -D'ROOT_DIR="/home/tr16/COAWST_3.7"' -DSANDY -D'HEADER="sandy.h"' -D'ROMS_HEADER="/home/tr16/COAWST_3.7/Projects/Sandy/sandy.h"' -DNestedGrids= -D'ANALYTICAL_DIR="/home/tr16/COAWST_3.7/Projects/Sandy"' -D'MY_ANALYTICAL="on"' -D'SVN_URL=""' -D'SVN_REV=""' -IROMS/Include -I/home/tr16/COAWST_3.7/Projects/Sandy -IROMS/Nonlinear -IROMS/Nonlinear/Biology -IROMS/Nonlinear/Sediment -IROMS/Nonlinear/Wec -IROMS/Nonlinear/Vegetation -IROMS/Utility -IROMS/Drivers -IROMS/Functionals -I/home/tr16/COAWST_3.7/Projects/Sandy -ISWAN/Src -IMaster -ICompilers -D'HEADER_DIR="/home/tr16/COAWST_3.7/Projects/Sandy"'  ROMS/Utility/ini_adjust.F > Build_roms/ini_adjust.f90
ROMS/Bin/cpp_clean Build_roms/set_zeta.f90
/usr/bin/cpp -P -traditional -w               -DMPI -DLINUX -DX86_64 -DGFORTRAN -D'ROOT_DIR="/home/tr16/COAWST_3.7"' -DSANDY -D'HEADER="sandy.h"' -D'ROMS_HEADER="/home/tr16/COAWST_3.7/Projects/Sandy/sandy.h"' -DNestedGrids= -D'ANALYTICAL_DIR="/home/tr16/COAWST_3.7/Projects/Sandy"' -D'MY_ANALYTICAL="on"' -D'SVN_URL=""' -D'SVN_REV=""' -IROMS/Include -I/home/tr16/COAWST_3.7/Projects/Sandy -IROMS/Nonlinear -IROMS/Nonlinear/Biology -IROMS/Nonlinear/Sediment -IROMS/Nonlinear/Wec -IROMS/Nonlinear/Vegetation -IROMS/Utility -IROMS/Drivers -IROMS/Functionals -I/home/tr16/COAWST_3.7/Projects/Sandy -ISWAN/Src -IMaster -ICompilers -D'HEADER_DIR="/home/tr16/COAWST_3.7/Projects/Sandy"'  ROMS/Utility/state_addition.F > Build_roms/state_addition.f90
/usr/bin/cpp -P -traditional -w               -DMPI -DLINUX -DX86_64 -DGFORTRAN -D'ROOT_DIR="/home/tr16/COAWST_3.7"' -DSANDY -D'HEADER="sandy.h"' -D'ROMS_HEADER="/home/tr16/COAWST_3.7/Projects/Sandy/sandy.h"' -DNestedGrids= -D'ANALYTICAL_DIR="/home/tr16/COAWST_3.7/Projects/Sandy"' -D'MY_ANALYTICAL="on"' -D'SVN_URL=""' -D'SVN_REV=""' -IROMS/Include -I/home/tr16/COAWST_3.7/Projects/Sandy -IROMS/Nonlinear -IROMS/Nonlinear/Biology -IROMS/Nonlinear/Sediment -IROMS/Nonlinear/Wec -IROMS/Nonlinear/Vegetation -IROMS/Utility -IROMS/Drivers -IROMS/Functionals -I/home/tr16/COAWST_3.7/Projects/Sandy -ISWAN/Src -IMaster -ICompilers -D'HEADER_DIR="/home/tr16/COAWST_3.7/Projects/Sandy"'  ROMS/Utility/state_copy.F > Build_roms/state_copy.f90
/usr/bin/cpp -P -traditional -w               -DMPI -DLINUX -DX86_64 -DGFORTRAN -D'ROOT_DIR="/home/tr16/COAWST_3.7"' -DSANDY -D'HEADER="sandy.h"' -D'ROMS_HEADER="/home/tr16/COAWST_3.7/Projects/Sandy/sandy.h"' -DNestedGrids= -D'ANALYTICAL_DIR="/home/tr16/COAWST_3.7/Projects/Sandy"' -D'MY_ANALYTICAL="on"' -D'SVN_URL=""' -D'SVN_REV=""' -IROMS/Include -I/home/tr16/COAWST_3.7/Projects/Sandy -IROMS/Nonlinear -IROMS/Nonlinear/Biology -IROMS/Nonlinear/Sediment -IROMS/Nonlinear/Wec -IROMS/Nonlinear/Vegetation -IROMS/Utility -IROMS/Drivers -IROMS/Functionals -I/home/tr16/COAWST_3.7/Projects/Sandy -ISWAN/Src -IMaster -ICompilers -D'HEADER_DIR="/home/tr16/COAWST_3.7/Projects/Sandy"'  ROMS/Utility/ini_hmixcoef.F > Build_roms/ini_hmixcoef.f90
/usr/bin/cpp -P -traditional -w               -DMPI -DLINUX -DX86_64 -DGFORTRAN -D'ROOT_DIR="/home/tr16/COAWST_3.7"' -DSANDY -D'HEADER="sandy.h"' -D'ROMS_HEADER="/home/tr16/COAWST_3.7/Projects/Sandy/sandy.h"' -DNestedGrids= -D'ANALYTICAL_DIR="/home/tr16/COAWST_3.7/Projects/Sandy"' -D'MY_ANALYTICAL="on"' -D'SVN_URL=""' -D'SVN_REV=""' -IROMS/Include -I/home/tr16/COAWST_3.7/Projects/Sandy -IROMS/Nonlinear -IROMS/Nonlinear/Biology -IROMS/Nonlinear/Sediment -IROMS/Nonlinear/Wec -IROMS/Nonlinear/Vegetation -IROMS/Utility -IROMS/Drivers -IROMS/Functionals -I/home/tr16/COAWST_3.7/Projects/Sandy -ISWAN/Src -IMaster -ICompilers -D'HEADER_DIR="/home/tr16/COAWST_3.7/Projects/Sandy"'  ROMS/Utility/metrics.F > Build_roms/metrics.f90
/usr/bin/cpp -P -traditional -w               -DMPI -DLINUX -DX86_64 -DGFORTRAN -D'ROOT_DIR="/home/tr16/COAWST_3.7"' -DSANDY -D'HEADER="sandy.h"' -D'ROMS_HEADER="/home/tr16/COAWST_3.7/Projects/Sandy/sandy.h"' -DNestedGrids= -D'ANALYTICAL_DIR="/home/tr16/COAWST_3.7/Projects/Sandy"' -D'MY_ANALYTICAL="on"' -D'SVN_URL=""' -D'SVN_REV=""' -IROMS/Include -I/home/tr16/COAWST_3.7/Projects/Sandy -IROMS/Nonlinear -IROMS/Nonlinear/Biology -IROMS/Nonlinear/Sediment -IROMS/Nonlinear/Wec -IROMS/Nonlinear/Vegetation -IROMS/Utility -IROMS/Drivers -IROMS/Functionals -I/home/tr16/COAWST_3.7/Projects/Sandy -ISWAN/Src -IMaster -ICompilers -D'HEADER_DIR="/home/tr16/COAWST_3.7/Projects/Sandy"'  ROMS/Utility/stiffness.F > Build_roms/stiffness.f90
ROMS/Bin/cpp_clean Build_roms/step2d.f90
/usr/bin/cpp -P -traditional -w               -DMPI -DLINUX -DX86_64 -DGFORTRAN -D'ROOT_DIR="/home/tr16/COAWST_3.7"' -DSANDY -D'HEADER="sandy.h"' -D'ROMS_HEADER="/home/tr16/COAWST_3.7/Projects/Sandy/sandy.h"' -DNestedGrids= -D'ANALYTICAL_DIR="/home/tr16/COAWST_3.7/Projects/Sandy"' -D'MY_ANALYTICAL="on"' -D'SVN_URL=""' -D'SVN_REV=""' -IROMS/Include -I/home/tr16/COAWST_3.7/Projects/Sandy -IROMS/Nonlinear -IROMS/Nonlinear/Biology -IROMS/Nonlinear/Sediment -IROMS/Nonlinear/Wec -IROMS/Nonlinear/Vegetation -IROMS/Utility -IROMS/Drivers -IROMS/Functionals -I/home/tr16/COAWST_3.7/Projects/Sandy -ISWAN/Src -IMaster -ICompilers -D'HEADER_DIR="/home/tr16/COAWST_3.7/Projects/Sandy"'  ROMS/Utility/wpoints.F > Build_roms/wpoints.f90
ROMS/Bin/cpp_clean Build_roms/obc_volcons.f90
/usr/bin/cpp -P -traditional -w               -DMPI -DLINUX -DX86_64 -DGFORTRAN -D'ROOT_DIR="/home/tr16/COAWST_3.7"' -DSANDY -D'HEADER="sandy.h"' -D'ROMS_HEADER="/home/tr16/COAWST_3.7/Projects/Sandy/sandy.h"' -DNestedGrids= -D'ANALYTICAL_DIR="/home/tr16/COAWST_3.7/Projects/Sandy"' -D'MY_ANALYTICAL="on"' -D'SVN_URL=""' -D'SVN_REV=""' -IROMS/Include -I/home/tr16/COAWST_3.7/Projects/Sandy -IROMS/Nonlinear -IROMS/Nonlinear/Biology -IROMS/Nonlinear/Sediment -IROMS/Nonlinear/Wec -IROMS/Nonlinear/Vegetation -IROMS/Utility -IROMS/Drivers -IROMS/Functionals -I/home/tr16/COAWST_3.7/Projects/Sandy -ISWAN/Src -IMaster -ICompilers -D'HEADER_DIR="/home/tr16/COAWST_3.7/Projects/Sandy"'  ROMS/Modules/mod_storage.F > Build_roms/mod_storage.f90
ROMS/Bin/cpp_clean Build_roms/wetdry.f90
/usr/bin/cpp -P -traditional -w               -DMPI -DLINUX -DX86_64 -DGFORTRAN -D'ROOT_DIR="/home/tr16/COAWST_3.7"' -DSANDY -D'HEADER="sandy.h"' -D'ROMS_HEADER="/home/tr16/COAWST_3.7/Projects/Sandy/sandy.h"' -DNestedGrids= -D'ANALYTICAL_DIR="/home/tr16/COAWST_3.7/Projects/Sandy"' -D'MY_ANALYTICAL="on"' -D'SVN_URL=""' -D'SVN_REV=""' -IROMS/Include -I/home/tr16/COAWST_3.7/Projects/Sandy -IROMS/Nonlinear -IROMS/Nonlinear/Biology -IROMS/Nonlinear/Sediment -IROMS/Nonlinear/Wec -IROMS/Nonlinear/Vegetation -IROMS/Utility -IROMS/Drivers -IROMS/Functionals -I/home/tr16/COAWST_3.7/Projects/Sandy -ISWAN/Src -IMaster -ICompilers -D'HEADER_DIR="/home/tr16/COAWST_3.7/Projects/Sandy"'  ROMS/Nonlinear/get_data.F > Build_roms/get_data.f90
/usr/bin/cpp -P -traditional -w               -DMPI -DLINUX -DX86_64 -DGFORTRAN -D'ROOT_DIR="/home/tr16/COAWST_3.7"' -DSANDY -D'HEADER="sandy.h"' -D'ROMS_HEADER="/home/tr16/COAWST_3.7/Projects/Sandy/sandy.h"' -DNestedGrids= -D'ANALYTICAL_DIR="/home/tr16/COAWST_3.7/Projects/Sandy"' -D'MY_ANALYTICAL="on"' -D'SVN_URL=""' -D'SVN_REV=""' -IROMS/Include -I/home/tr16/COAWST_3.7/Projects/Sandy -IROMS/Nonlinear -IROMS/Nonlinear/Biology -IROMS/Nonlinear/Sediment -IROMS/Nonlinear/Wec -IROMS/Nonlinear/Vegetation -IROMS/Utility -IROMS/Drivers -IROMS/Functionals -I/home/tr16/COAWST_3.7/Projects/Sandy -ISWAN/Src -IMaster -ICompilers -D'HEADER_DIR="/home/tr16/COAWST_3.7/Projects/Sandy"'  ROMS/Nonlinear/set_data.F > Build_roms/set_data.f90
ROMS/Bin/cpp_clean Build_roms/mod_trc_sources.f90
/usr/bin/cpp -P -traditional -w               -DMPI -DLINUX -DX86_64 -DGFORTRAN -D'ROOT_DIR="/home/tr16/COAWST_3.7"' -DSANDY -D'HEADER="sandy.h"' -D'ROMS_HEADER="/home/tr16/COAWST_3.7/Projects/Sandy/sandy.h"' -DNestedGrids= -D'ANALYTICAL_DIR="/home/tr16/COAWST_3.7/Projects/Sandy"' -D'MY_ANALYTICAL="on"' -D'SVN_URL=""' -D'SVN_REV=""' -IROMS/Include -I/home/tr16/COAWST_3.7/Projects/Sandy -IROMS/Nonlinear -IROMS/Nonlinear/Biology -IROMS/Nonlinear/Sediment -IROMS/Nonlinear/Wec -IROMS/Nonlinear/Vegetation -IROMS/Utility -IROMS/Drivers -IROMS/Functionals -I/home/tr16/COAWST_3.7/Projects/Sandy -ISWAN/Src -IMaster -ICompilers -D'HEADER_DIR="/home/tr16/COAWST_3.7/Projects/Sandy"'  ROMS/Utility/set_2dfld.F > Build_roms/set_2dfld.f90
/usr/bin/cpp -P -traditional -w               -DMPI -DLINUX -DX86_64 -DGFORTRAN -D'ROOT_DIR="/home/tr16/COAWST_3.7"' -DSANDY -D'HEADER="sandy.h"' -D'ROMS_HEADER="/home/tr16/COAWST_3.7/Projects/Sandy/sandy.h"' -DNestedGrids= -D'ANALYTICAL_DIR="/home/tr16/COAWST_3.7/Projects/Sandy"' -D'MY_ANALYTICAL="on"' -D'SVN_URL=""' -D'SVN_REV=""' -IROMS/Include -I/home/tr16/COAWST_3.7/Projects/Sandy -IROMS/Nonlinear -IROMS/Nonlinear/Biology -IROMS/Nonlinear/Sediment -IROMS/Nonlinear/Wec -IROMS/Nonlinear/Vegetation -IROMS/Utility -IROMS/Drivers -IROMS/Functionals -I/home/tr16/COAWST_3.7/Projects/Sandy -ISWAN/Src -IMaster -ICompilers -D'HEADER_DIR="/home/tr16/COAWST_3.7/Projects/Sandy"'  ROMS/Utility/set_3dfld.F > Build_roms/set_3dfld.f90
ROMS/Bin/cpp_clean Build_roms/step3d_t.f90
ROMS/Bin/cpp_clean Build_roms/mpdata_adiff.f90
ROMS/Bin/cpp_clean Build_roms/step3d_uv.f90
ROMS/Bin/cpp_clean Build_roms/wec_dissip.f90
ROMS/Bin/cpp_clean Build_roms/wec_roller.f90
/usr/bin/cpp -P -traditional -w               -DMPI -DLINUX -DX86_64 -DGFORTRAN -D'ROOT_DIR="/home/tr16/COAWST_3.7"' -DSANDY -D'HEADER="sandy.h"' -D'ROMS_HEADER="/home/tr16/COAWST_3.7/Projects/Sandy/sandy.h"' -DNestedGrids= -D'ANALYTICAL_DIR="/home/tr16/COAWST_3.7/Projects/Sandy"' -D'MY_ANALYTICAL="on"' -D'SVN_URL=""' -D'SVN_REV=""' -IROMS/Include -I/home/tr16/COAWST_3.7/Projects/Sandy -IROMS/Nonlinear -IROMS/Nonlinear/Biology -IROMS/Nonlinear/Sediment -IROMS/Nonlinear/Wec -IROMS/Nonlinear/Vegetation -IROMS/Utility -IROMS/Drivers -IROMS/Functionals -I/home/tr16/COAWST_3.7/Projects/Sandy -ISWAN/Src -IMaster -ICompilers -D'HEADER_DIR="/home/tr16/COAWST_3.7/Projects/Sandy"'  ROMS/Nonlinear/get_idata.F > Build_roms/get_idata.f90
ROMS/Bin/cpp_clean Build_roms/wec_stokes.f90
/usr/bin/cpp -P -traditional -w               -DMPI -DLINUX -DX86_64 -DGFORTRAN -D'ROOT_DIR="/home/tr16/COAWST_3.7"' -DSANDY -D'HEADER="sandy.h"' -D'ROMS_HEADER="/home/tr16/COAWST_3.7/Projects/Sandy/sandy.h"' -DNestedGrids= -D'ANALYTICAL_DIR="/home/tr16/COAWST_3.7/Projects/Sandy"' -D'MY_ANALYTICAL="on"' -D'SVN_URL=""' -D'SVN_REV=""' -IROMS/Include -I/home/tr16/COAWST_3.7/Projects/Sandy -IROMS/Nonlinear -IROMS/Nonlinear/Biology -IROMS/Nonlinear/Sediment -IROMS/Nonlinear/Wec -IROMS/Nonlinear/Vegetation -IROMS/Utility -IROMS/Drivers -IROMS/Functionals -I/home/tr16/COAWST_3.7/Projects/Sandy -ISWAN/Src -IMaster -ICompilers -D'HEADER_DIR="/home/tr16/COAWST_3.7/Projects/Sandy"'  ROMS/Utility/nf_fread3d.F > Build_roms/nf_fread3d.f90
ROMS/Bin/cpp_clean Build_roms/us2dbc_im.f90
/usr/bin/cpp -P -traditional -w               -DMPI -DLINUX -DX86_64 -DGFORTRAN -D'ROOT_DIR="/home/tr16/COAWST_3.7"' -DSANDY -D'HEADER="sandy.h"' -D'ROMS_HEADER="/home/tr16/COAWST_3.7/Projects/Sandy/sandy.h"' -DNestedGrids= -D'ANALYTICAL_DIR="/home/tr16/COAWST_3.7/Projects/Sandy"' -D'MY_ANALYTICAL="on"' -D'SVN_URL=""' -D'SVN_REV=""' -IROMS/Include -I/home/tr16/COAWST_3.7/Projects/Sandy -IROMS/Nonlinear -IROMS/Nonlinear/Biology -IROMS/Nonlinear/Sediment -IROMS/Nonlinear/Wec -IROMS/Nonlinear/Vegetation -IROMS/Utility -IROMS/Drivers -IROMS/Functionals -I/home/tr16/COAWST_3.7/Projects/Sandy -ISWAN/Src -IMaster -ICompilers -D'HEADER_DIR="/home/tr16/COAWST_3.7/Projects/Sandy"'  ROMS/Utility/get_hash.F > Build_roms/get_hash.f90
ROMS/Bin/cpp_clean Build_roms/us3dbc_im.f90
/usr/bin/cpp -P -traditional -w               -DMPI -DLINUX -DX86_64 -DGFORTRAN -D'ROOT_DIR="/home/tr16/COAWST_3.7"' -DSANDY -D'HEADER="sandy.h"' -D'ROMS_HEADER="/home/tr16/COAWST_3.7/Projects/Sandy/sandy.h"' -DNestedGrids= -D'ANALYTICAL_DIR="/home/tr16/COAWST_3.7/Projects/Sandy"' -D'MY_ANALYTICAL="on"' -D'SVN_URL=""' -D'SVN_REV=""' -IROMS/Include -I/home/tr16/COAWST_3.7/Projects/Sandy -IROMS/Nonlinear -IROMS/Nonlinear/Biology -IROMS/Nonlinear/Sediment -IROMS/Nonlinear/Wec -IROMS/Nonlinear/Vegetation -IROMS/Utility -IROMS/Drivers -IROMS/Functionals -I/home/tr16/COAWST_3.7/Projects/Sandy -ISWAN/Src -IMaster -ICompilers -D'HEADER_DIR="/home/tr16/COAWST_3.7/Projects/Sandy"'  ROMS/Utility/nf_fread4d.F > Build_roms/nf_fread4d.f90
ROMS/Bin/cpp_clean Build_roms/vs2dbc_im.f90
ROMS/Bin/cpp_clean Build_roms/wec_wave_mix.f90
ROMS/Bin/cpp_clean Build_roms/wstvelocity.f90
ROMS/Bin/cpp_clean Build_roms/vs3dbc_im.f90
ROMS/Bin/cpp_clean Build_roms/output.f90
/usr/bin/cpp -P -traditional -w               -DMPI -DLINUX -DX86_64 -DGFORTRAN -D'ROOT_DIR="/home/tr16/COAWST_3.7"' -DSANDY -D'HEADER="sandy.h"' -D'ROMS_HEADER="/home/tr16/COAWST_3.7/Projects/Sandy/sandy.h"' -DNestedGrids= -D'ANALYTICAL_DIR="/home/tr16/COAWST_3.7/Projects/Sandy"' -D'MY_ANALYTICAL="on"' -D'SVN_URL=""' -D'SVN_REV=""' -IROMS/Include -I/home/tr16/COAWST_3.7/Projects/Sandy -IROMS/Nonlinear -IROMS/Nonlinear/Biology -IROMS/Nonlinear/Sediment -IROMS/Nonlinear/Wec -IROMS/Nonlinear/Vegetation -IROMS/Utility -IROMS/Drivers -IROMS/Functionals -I/home/tr16/COAWST_3.7/Projects/Sandy -ISWAN/Src -IMaster -ICompilers -D'HEADER_DIR="/home/tr16/COAWST_3.7/Projects/Sandy"'  ROMS/Nonlinear/bc_4d.F > Build_roms/bc_4d.f90
ROMS/Bin/cpp_clean Build_roms/conv_bry3d.f90
ROMS/Bin/cpp_clean Build_roms/mod_filter.f90
ROMS/Bin/cpp_clean Build_roms/initial.f90
/usr/bin/cpp -P -traditional -w               -DMPI -DLINUX -DX86_64 -DGFORTRAN -D'ROOT_DIR="/home/tr16/COAWST_3.7"' -DSANDY -D'HEADER="sandy.h"' -D'ROMS_HEADER="/home/tr16/COAWST_3.7/Projects/Sandy/sandy.h"' -DNestedGrids= -D'ANALYTICAL_DIR="/home/tr16/COAWST_3.7/Projects/Sandy"' -D'MY_ANALYTICAL="on"' -D'SVN_URL=""' -D'SVN_REV=""' -IROMS/Include -I/home/tr16/COAWST_3.7/Projects/Sandy -IROMS/Nonlinear -IROMS/Nonlinear/Biology -IROMS/Nonlinear/Sediment -IROMS/Nonlinear/Wec -IROMS/Nonlinear/Vegetation -IROMS/Utility -IROMS/Drivers -IROMS/Functionals -I/home/tr16/COAWST_3.7/Projects/Sandy -ISWAN/Src -IMaster -ICompilers -D'HEADER_DIR="/home/tr16/COAWST_3.7/Projects/Sandy"'  ROMS/Nonlinear/main2d.F > Build_roms/main2d.f90
/usr/bin/cpp -P -traditional -w               -DMPI -DLINUX -DX86_64 -DGFORTRAN -D'ROOT_DIR="/home/tr16/COAWST_3.7"' -DSANDY -D'HEADER="sandy.h"' -D'ROMS_HEADER="/home/tr16/COAWST_3.7/Projects/Sandy/sandy.h"' -DNestedGrids= -D'ANALYTICAL_DIR="/home/tr16/COAWST_3.7/Projects/Sandy"' -D'MY_ANALYTICAL="on"' -D'SVN_URL=""' -D'SVN_REV=""' -IROMS/Include -I/home/tr16/COAWST_3.7/Projects/Sandy -IROMS/Nonlinear -IROMS/Nonlinear/Biology -IROMS/Nonlinear/Sediment -IROMS/Nonlinear/Wec -IROMS/Nonlinear/Vegetation -IROMS/Utility -IROMS/Drivers -IROMS/Functionals -I/home/tr16/COAWST_3.7/Projects/Sandy -ISWAN/Src -IMaster -ICompilers -D'HEADER_DIR="/home/tr16/COAWST_3.7/Projects/Sandy"'  ROMS/Nonlinear/Sediment/sedtr_reactions_sed_decay.F > Build_roms/sedtr_reactions_sed_decay.f90
/usr/bin/cpp -P -traditional -w               -DMPI -DLINUX -DX86_64 -DGFORTRAN -D'ROOT_DIR="/home/tr16/COAWST_3.7"' -DSANDY -D'HEADER="sandy.h"' -D'ROMS_HEADER="/home/tr16/COAWST_3.7/Projects/Sandy/sandy.h"' -DNestedGrids= -D'ANALYTICAL_DIR="/home/tr16/COAWST_3.7/Projects/Sandy"' -D'MY_ANALYTICAL="on"' -D'SVN_URL=""' -D'SVN_REV=""' -IROMS/Include -I/home/tr16/COAWST_3.7/Projects/Sandy -IROMS/Nonlinear -IROMS/Nonlinear/Biology -IROMS/Nonlinear/Sediment -IROMS/Nonlinear/Wec -IROMS/Nonlinear/Vegetation -IROMS/Utility -IROMS/Drivers -IROMS/Functionals -I/home/tr16/COAWST_3.7/Projects/Sandy -ISWAN/Src -IMaster -ICompilers -D'HEADER_DIR="/home/tr16/COAWST_3.7/Projects/Sandy"'  ROMS/Nonlinear/Vegetation/vegetation_biomass.F > Build_roms/vegetation_biomass.f90
ROMS/Bin/cpp_clean Build_roms/state_copy.f90
ROMS/Bin/cpp_clean Build_roms/ini_adjust.f90
ROMS/Bin/cpp_clean Build_roms/state_addition.f90
ROMS/Bin/cpp_clean Build_roms/ini_hmixcoef.f90
ROMS/Bin/cpp_clean Build_roms/stiffness.f90
ROMS/Bin/cpp_clean Build_roms/metrics.f90
/usr/bin/cpp -P -traditional -w               -DMPI -DLINUX -DX86_64 -DGFORTRAN -D'ROOT_DIR="/home/tr16/COAWST_3.7"' -DSANDY -D'HEADER="sandy.h"' -D'ROMS_HEADER="/home/tr16/COAWST_3.7/Projects/Sandy/sandy.h"' -DNestedGrids= -D'ANALYTICAL_DIR="/home/tr16/COAWST_3.7/Projects/Sandy"' -D'MY_ANALYTICAL="on"' -D'SVN_URL=""' -D'SVN_REV=""' -IROMS/Include -I/home/tr16/COAWST_3.7/Projects/Sandy -IROMS/Nonlinear -IROMS/Nonlinear/Biology -IROMS/Nonlinear/Sediment -IROMS/Nonlinear/Wec -IROMS/Nonlinear/Vegetation -IROMS/Utility -IROMS/Drivers -IROMS/Functionals -I/home/tr16/COAWST_3.7/Projects/Sandy -ISWAN/Src -IMaster -ICompilers -D'HEADER_DIR="/home/tr16/COAWST_3.7/Projects/Sandy"'  ROMS/Utility/normalization.F > Build_roms/normalization.f90
ROMS/Bin/cpp_clean Build_roms/mod_storage.f90
/usr/bin/cpp -P -traditional -w               -DMPI -DLINUX -DX86_64 -DGFORTRAN -D'ROOT_DIR="/home/tr16/COAWST_3.7"' -DSANDY -D'HEADER="sandy.h"' -D'ROMS_HEADER="/home/tr16/COAWST_3.7/Projects/Sandy/sandy.h"' -DNestedGrids= -D'ANALYTICAL_DIR="/home/tr16/COAWST_3.7/Projects/Sandy"' -D'MY_ANALYTICAL="on"' -D'SVN_URL=""' -D'SVN_REV=""' -IROMS/Include -I/home/tr16/COAWST_3.7/Projects/Sandy -IROMS/Nonlinear -IROMS/Nonlinear/Biology -IROMS/Nonlinear/Sediment -IROMS/Nonlinear/Wec -IROMS/Nonlinear/Vegetation -IROMS/Utility -IROMS/Drivers -IROMS/Functionals -I/home/tr16/COAWST_3.7/Projects/Sandy -ISWAN/Src -IMaster -ICompilers -D'HEADER_DIR="/home/tr16/COAWST_3.7/Projects/Sandy"'  ROMS/Utility/nf_fwrite2d.F > Build_roms/nf_fwrite2d.f90
/usr/bin/cpp -P -traditional -w               -DMPI -DLINUX -DX86_64 -DGFORTRAN -D'ROOT_DIR="/home/tr16/COAWST_3.7"' -DSANDY -D'HEADER="sandy.h"' -D'ROMS_HEADER="/home/tr16/COAWST_3.7/Projects/Sandy/sandy.h"' -DNestedGrids= -D'ANALYTICAL_DIR="/home/tr16/COAWST_3.7/Projects/Sandy"' -D'MY_ANALYTICAL="on"' -D'SVN_URL=""' -D'SVN_REV=""' -IROMS/Include -I/home/tr16/COAWST_3.7/Projects/Sandy -IROMS/Nonlinear -IROMS/Nonlinear/Biology -IROMS/Nonlinear/Sediment -IROMS/Nonlinear/Wec -IROMS/Nonlinear/Vegetation -IROMS/Utility -IROMS/Drivers -IROMS/Functionals -I/home/tr16/COAWST_3.7/Projects/Sandy -ISWAN/Src -IMaster -ICompilers -D'HEADER_DIR="/home/tr16/COAWST_3.7/Projects/Sandy"'  ROMS/Utility/nf_fwrite3d.F > Build_roms/nf_fwrite3d.f90
/usr/bin/cpp -P -traditional -w               -DMPI -DLINUX -DX86_64 -DGFORTRAN -D'ROOT_DIR="/home/tr16/COAWST_3.7"' -DSANDY -D'HEADER="sandy.h"' -D'ROMS_HEADER="/home/tr16/COAWST_3.7/Projects/Sandy/sandy.h"' -DNestedGrids= -D'ANALYTICAL_DIR="/home/tr16/COAWST_3.7/Projects/Sandy"' -D'MY_ANALYTICAL="on"' -D'SVN_URL=""' -D'SVN_REV=""' -IROMS/Include -I/home/tr16/COAWST_3.7/Projects/Sandy -IROMS/Nonlinear -IROMS/Nonlinear/Biology -IROMS/Nonlinear/Sediment -IROMS/Nonlinear/Wec -IROMS/Nonlinear/Vegetation -IROMS/Utility -IROMS/Drivers -IROMS/Functionals -I/home/tr16/COAWST_3.7/Projects/Sandy -ISWAN/Src -IMaster -ICompilers -D'HEADER_DIR="/home/tr16/COAWST_3.7/Projects/Sandy"'  ROMS/Utility/white_noise.F > Build_roms/white_noise.f90
ROMS/Bin/cpp_clean Build_roms/get_data.f90
/usr/bin/cpp -P -traditional -w               -DMPI -DLINUX -DX86_64 -DGFORTRAN -D'ROOT_DIR="/home/tr16/COAWST_3.7"' -DSANDY -D'HEADER="sandy.h"' -D'ROMS_HEADER="/home/tr16/COAWST_3.7/Projects/Sandy/sandy.h"' -DNestedGrids= -D'ANALYTICAL_DIR="/home/tr16/COAWST_3.7/Projects/Sandy"' -D'MY_ANALYTICAL="on"' -D'SVN_URL=""' -D'SVN_REV=""' -IROMS/Include -I/home/tr16/COAWST_3.7/Projects/Sandy -IROMS/Nonlinear -IROMS/Nonlinear/Biology -IROMS/Nonlinear/Sediment -IROMS/Nonlinear/Wec -IROMS/Nonlinear/Vegetation -IROMS/Utility -IROMS/Drivers -IROMS/Functionals -I/home/tr16/COAWST_3.7/Projects/Sandy -ISWAN/Src -IMaster -ICompilers -D'HEADER_DIR="/home/tr16/COAWST_3.7/Projects/Sandy"'  ROMS/Utility/get_nudgcoef.F > Build_roms/get_nudgcoef.f90
ROMS/Bin/cpp_clean Build_roms/wpoints.f90
ROMS/Bin/cpp_clean Build_roms/set_data.f90
ROMS/Bin/cpp_clean Build_roms/set_2dfld.f90
ROMS/Bin/cpp_clean Build_roms/set_3dfld.f90
/usr/bin/cpp -P -traditional -w               -DMPI -DLINUX -DX86_64 -DGFORTRAN -D'ROOT_DIR="/home/tr16/COAWST_3.7"' -DSANDY -D'HEADER="sandy.h"' -D'ROMS_HEADER="/home/tr16/COAWST_3.7/Projects/Sandy/sandy.h"' -DNestedGrids= -D'ANALYTICAL_DIR="/home/tr16/COAWST_3.7/Projects/Sandy"' -D'MY_ANALYTICAL="on"' -D'SVN_URL=""' -D'SVN_REV=""' -IROMS/Include -I/home/tr16/COAWST_3.7/Projects/Sandy -IROMS/Nonlinear -IROMS/Nonlinear/Biology -IROMS/Nonlinear/Sediment -IROMS/Nonlinear/Wec -IROMS/Nonlinear/Vegetation -IROMS/Utility -IROMS/Drivers -IROMS/Functionals -I/home/tr16/COAWST_3.7/Projects/Sandy -ISWAN/Src -IMaster -ICompilers -D'HEADER_DIR="/home/tr16/COAWST_3.7/Projects/Sandy"'  ROMS/Utility/nf_fread2d.F > Build_roms/nf_fread2d.f90
/usr/bin/cpp -P -traditional -w               -DMPI -DLINUX -DX86_64 -DGFORTRAN -D'ROOT_DIR="/home/tr16/COAWST_3.7"' -DSANDY -D'HEADER="sandy.h"' -D'ROMS_HEADER="/home/tr16/COAWST_3.7/Projects/Sandy/sandy.h"' -DNestedGrids= -D'ANALYTICAL_DIR="/home/tr16/COAWST_3.7/Projects/Sandy"' -D'MY_ANALYTICAL="on"' -D'SVN_URL=""' -D'SVN_REV=""' -IROMS/Include -I/home/tr16/COAWST_3.7/Projects/Sandy -IROMS/Nonlinear -IROMS/Nonlinear/Biology -IROMS/Nonlinear/Sediment -IROMS/Nonlinear/Wec -IROMS/Nonlinear/Vegetation -IROMS/Utility -IROMS/Drivers -IROMS/Functionals -I/home/tr16/COAWST_3.7/Projects/Sandy -ISWAN/Src -IMaster -ICompilers -D'HEADER_DIR="/home/tr16/COAWST_3.7/Projects/Sandy"'  ROMS/Utility/zeta_balance.F > Build_roms/zeta_balance.f90
/usr/bin/cpp -P -traditional -w               -DMPI -DLINUX -DX86_64 -DGFORTRAN -D'ROOT_DIR="/home/tr16/COAWST_3.7"' -DSANDY -D'HEADER="sandy.h"' -D'ROMS_HEADER="/home/tr16/COAWST_3.7/Projects/Sandy/sandy.h"' -DNestedGrids= -D'ANALYTICAL_DIR="/home/tr16/COAWST_3.7/Projects/Sandy"' -D'MY_ANALYTICAL="on"' -D'SVN_URL=""' -D'SVN_REV=""' -IROMS/Include -I/home/tr16/COAWST_3.7/Projects/Sandy -IROMS/Nonlinear -IROMS/Nonlinear/Biology -IROMS/Nonlinear/Sediment -IROMS/Nonlinear/Wec -IROMS/Nonlinear/Vegetation -IROMS/Utility -IROMS/Drivers -IROMS/Functionals -I/home/tr16/COAWST_3.7/Projects/Sandy -ISWAN/Src -IMaster -ICompilers -D'HEADER_DIR="/home/tr16/COAWST_3.7/Projects/Sandy"'  ROMS/Utility/def_tides.F > Build_roms/def_tides.f90
/usr/bin/cpp -P -traditional -w               -DMPI -DLINUX -DX86_64 -DGFORTRAN -D'ROOT_DIR="/home/tr16/COAWST_3.7"' -DSANDY -D'HEADER="sandy.h"' -D'ROMS_HEADER="/home/tr16/COAWST_3.7/Projects/Sandy/sandy.h"' -DNestedGrids= -D'ANALYTICAL_DIR="/home/tr16/COAWST_3.7/Projects/Sandy"' -D'MY_ANALYTICAL="on"' -D'SVN_URL=""' -D'SVN_REV=""' -IROMS/Include -I/home/tr16/COAWST_3.7/Projects/Sandy -IROMS/Nonlinear -IROMS/Nonlinear/Biology -IROMS/Nonlinear/Sediment -IROMS/Nonlinear/Wec -IROMS/Nonlinear/Vegetation -IROMS/Utility -IROMS/Drivers -IROMS/Functionals -I/home/tr16/COAWST_3.7/Projects/Sandy -ISWAN/Src -IMaster -ICompilers -D'HEADER_DIR="/home/tr16/COAWST_3.7/Projects/Sandy"'  ROMS/Utility/def_var.F > Build_roms/def_var.f90
/usr/bin/cpp -P -traditional -w               -DMPI -DLINUX -DX86_64 -DGFORTRAN -D'ROOT_DIR="/home/tr16/COAWST_3.7"' -DSANDY -D'HEADER="sandy.h"' -D'ROMS_HEADER="/home/tr16/COAWST_3.7/Projects/Sandy/sandy.h"' -DNestedGrids= -D'ANALYTICAL_DIR="/home/tr16/COAWST_3.7/Projects/Sandy"' -D'MY_ANALYTICAL="on"' -D'SVN_URL=""' -D'SVN_REV=""' -IROMS/Include -I/home/tr16/COAWST_3.7/Projects/Sandy -IROMS/Nonlinear -IROMS/Nonlinear/Biology -IROMS/Nonlinear/Sediment -IROMS/Nonlinear/Wec -IROMS/Nonlinear/Vegetation -IROMS/Utility -IROMS/Drivers -IROMS/Functionals -I/home/tr16/COAWST_3.7/Projects/Sandy -ISWAN/Src -IMaster -ICompilers -D'HEADER_DIR="/home/tr16/COAWST_3.7/Projects/Sandy"'  ROMS/Utility/sqlq.F > Build_roms/sqlq.f90
ROMS/Bin/cpp_clean Build_roms/get_idata.f90
/usr/bin/cpp -P -traditional -w               -DMPI -DLINUX -DX86_64 -DGFORTRAN -D'ROOT_DIR="/home/tr16/COAWST_3.7"' -DSANDY -D'HEADER="sandy.h"' -D'ROMS_HEADER="/home/tr16/COAWST_3.7/Projects/Sandy/sandy.h"' -DNestedGrids= -D'ANALYTICAL_DIR="/home/tr16/COAWST_3.7/Projects/Sandy"' -D'MY_ANALYTICAL="on"' -D'SVN_URL=""' -D'SVN_REV=""' -IROMS/Include -I/home/tr16/COAWST_3.7/Projects/Sandy -IROMS/Nonlinear -IROMS/Nonlinear/Biology -IROMS/Nonlinear/Sediment -IROMS/Nonlinear/Wec -IROMS/Nonlinear/Vegetation -IROMS/Utility -IROMS/Drivers -IROMS/Functionals -I/home/tr16/COAWST_3.7/Projects/Sandy -ISWAN/Src -IMaster -ICompilers -D'HEADER_DIR="/home/tr16/COAWST_3.7/Projects/Sandy"'  ROMS/Utility/checkdefs.F > Build_roms/checkdefs.f90
ROMS/Bin/cpp_clean Build_roms/nf_fread3d.f90
ROMS/Bin/cpp_clean Build_roms/get_hash.f90
/usr/bin/cpp -P -traditional -w               -DMPI -DLINUX -DX86_64 -DGFORTRAN -D'ROOT_DIR="/home/tr16/COAWST_3.7"' -DSANDY -D'HEADER="sandy.h"' -D'ROMS_HEADER="/home/tr16/COAWST_3.7/Projects/Sandy/sandy.h"' -DNestedGrids= -D'ANALYTICAL_DIR="/home/tr16/COAWST_3.7/Projects/Sandy"' -D'MY_ANALYTICAL="on"' -D'SVN_URL=""' -D'SVN_REV=""' -IROMS/Include -I/home/tr16/COAWST_3.7/Projects/Sandy -IROMS/Nonlinear -IROMS/Nonlinear/Biology -IROMS/Nonlinear/Sediment -IROMS/Nonlinear/Wec -IROMS/Nonlinear/Vegetation -IROMS/Utility -IROMS/Drivers -IROMS/Functionals -I/home/tr16/COAWST_3.7/Projects/Sandy -ISWAN/Src -IMaster -ICompilers -D'HEADER_DIR="/home/tr16/COAWST_3.7/Projects/Sandy"'  ROMS/Utility/congrad.F > Build_roms/congrad.f90
/usr/bin/cpp -P -traditional -w               -DMPI -DLINUX -DX86_64 -DGFORTRAN -D'ROOT_DIR="/home/tr16/COAWST_3.7"' -DSANDY -D'HEADER="sandy.h"' -D'ROMS_HEADER="/home/tr16/COAWST_3.7/Projects/Sandy/sandy.h"' -DNestedGrids= -D'ANALYTICAL_DIR="/home/tr16/COAWST_3.7/Projects/Sandy"' -D'MY_ANALYTICAL="on"' -D'SVN_URL=""' -D'SVN_REV=""' -IROMS/Include -I/home/tr16/COAWST_3.7/Projects/Sandy -IROMS/Nonlinear -IROMS/Nonlinear/Biology -IROMS/Nonlinear/Sediment -IROMS/Nonlinear/Wec -IROMS/Nonlinear/Vegetation -IROMS/Utility -IROMS/Drivers -IROMS/Functionals -I/home/tr16/COAWST_3.7/Projects/Sandy -ISWAN/Src -IMaster -ICompilers -D'HEADER_DIR="/home/tr16/COAWST_3.7/Projects/Sandy"'  ROMS/Utility/wrt_gst.F > Build_roms/wrt_gst.f90
/usr/bin/cpp -P -traditional -w               -DMPI -DLINUX -DX86_64 -DGFORTRAN -D'ROOT_DIR="/home/tr16/COAWST_3.7"' -DSANDY -D'HEADER="sandy.h"' -D'ROMS_HEADER="/home/tr16/COAWST_3.7/Projects/Sandy/sandy.h"' -DNestedGrids= -D'ANALYTICAL_DIR="/home/tr16/COAWST_3.7/Projects/Sandy"' -D'MY_ANALYTICAL="on"' -D'SVN_URL=""' -D'SVN_REV=""' -IROMS/Include -I/home/tr16/COAWST_3.7/Projects/Sandy -IROMS/Nonlinear -IROMS/Nonlinear/Biology -IROMS/Nonlinear/Sediment -IROMS/Nonlinear/Wec -IROMS/Nonlinear/Vegetation -IROMS/Utility -IROMS/Drivers -IROMS/Functionals -I/home/tr16/COAWST_3.7/Projects/Sandy -ISWAN/Src -IMaster -ICompilers -D'HEADER_DIR="/home/tr16/COAWST_3.7/Projects/Sandy"'  ROMS/Utility/wrt_hessian.F > Build_roms/wrt_hessian.f90
ROMS/Bin/cpp_clean Build_roms/nf_fread4d.f90
/usr/bin/cpp -P -traditional -w               -DMPI -DLINUX -DX86_64 -DGFORTRAN -D'ROOT_DIR="/home/tr16/COAWST_3.7"' -DSANDY -D'HEADER="sandy.h"' -D'ROMS_HEADER="/home/tr16/COAWST_3.7/Projects/Sandy/sandy.h"' -DNestedGrids= -D'ANALYTICAL_DIR="/home/tr16/COAWST_3.7/Projects/Sandy"' -D'MY_ANALYTICAL="on"' -D'SVN_URL=""' -D'SVN_REV=""' -IROMS/Include -I/home/tr16/COAWST_3.7/Projects/Sandy -IROMS/Nonlinear -IROMS/Nonlinear/Biology -IROMS/Nonlinear/Sediment -IROMS/Nonlinear/Wec -IROMS/Nonlinear/Vegetation -IROMS/Utility -IROMS/Drivers -IROMS/Functionals -I/home/tr16/COAWST_3.7/Projects/Sandy -ISWAN/Src -IMaster -ICompilers -D'HEADER_DIR="/home/tr16/COAWST_3.7/Projects/Sandy"'  ROMS/Utility/nf_fwrite2d_bry.F > Build_roms/nf_fwrite2d_bry.f90
/usr/bin/cpp -P -traditional -w               -DMPI -DLINUX -DX86_64 -DGFORTRAN -D'ROOT_DIR="/home/tr16/COAWST_3.7"' -DSANDY -D'HEADER="sandy.h"' -D'ROMS_HEADER="/home/tr16/COAWST_3.7/Projects/Sandy/sandy.h"' -DNestedGrids= -D'ANALYTICAL_DIR="/home/tr16/COAWST_3.7/Projects/Sandy"' -D'MY_ANALYTICAL="on"' -D'SVN_URL=""' -D'SVN_REV=""' -IROMS/Include -I/home/tr16/COAWST_3.7/Projects/Sandy -IROMS/Nonlinear -IROMS/Nonlinear/Biology -IROMS/Nonlinear/Sediment -IROMS/Nonlinear/Wec -IROMS/Nonlinear/Vegetation -IROMS/Utility -IROMS/Drivers -IROMS/Functionals -I/home/tr16/COAWST_3.7/Projects/Sandy -ISWAN/Src -IMaster -ICompilers -D'HEADER_DIR="/home/tr16/COAWST_3.7/Projects/Sandy"'  ROMS/Utility/nf_fwrite3d_bry.F > Build_roms/nf_fwrite3d_bry.f90
/usr/bin/cpp -P -traditional -w               -DMPI -DLINUX -DX86_64 -DGFORTRAN -D'ROOT_DIR="/home/tr16/COAWST_3.7"' -DSANDY -D'HEADER="sandy.h"' -D'ROMS_HEADER="/home/tr16/COAWST_3.7/Projects/Sandy/sandy.h"' -DNestedGrids= -D'ANALYTICAL_DIR="/home/tr16/COAWST_3.7/Projects/Sandy"' -D'MY_ANALYTICAL="on"' -D'SVN_URL=""' -D'SVN_REV=""' -IROMS/Include -I/home/tr16/COAWST_3.7/Projects/Sandy -IROMS/Nonlinear -IROMS/Nonlinear/Biology -IROMS/Nonlinear/Sediment -IROMS/Nonlinear/Wec -IROMS/Nonlinear/Vegetation -IROMS/Utility -IROMS/Drivers -IROMS/Functionals -I/home/tr16/COAWST_3.7/Projects/Sandy -ISWAN/Src -IMaster -ICompilers -D'HEADER_DIR="/home/tr16/COAWST_3.7/Projects/Sandy"'  ROMS/Utility/get_bounds.F > Build_roms/get_bounds.f90
/usr/bin/cpp -P -traditional -w               -DMPI -DLINUX -DX86_64 -DGFORTRAN -D'ROOT_DIR="/home/tr16/COAWST_3.7"' -DSANDY -D'HEADER="sandy.h"' -D'ROMS_HEADER="/home/tr16/COAWST_3.7/Projects/Sandy/sandy.h"' -DNestedGrids= -D'ANALYTICAL_DIR="/home/tr16/COAWST_3.7/Projects/Sandy"' -D'MY_ANALYTICAL="on"' -D'SVN_URL=""' -D'SVN_REV=""' -IROMS/Include -I/home/tr16/COAWST_3.7/Projects/Sandy -IROMS/Nonlinear -IROMS/Nonlinear/Biology -IROMS/Nonlinear/Sediment -IROMS/Nonlinear/Wec -IROMS/Nonlinear/Vegetation -IROMS/Utility -IROMS/Drivers -IROMS/Functionals -I/home/tr16/COAWST_3.7/Projects/Sandy -ISWAN/Src -IMaster -ICompilers -D'HEADER_DIR="/home/tr16/COAWST_3.7/Projects/Sandy"'  ROMS/Utility/read_sedpar.F > Build_roms/read_sedpar.f90
/usr/bin/cpp -P -traditional -w               -DMPI -DLINUX -DX86_64 -DGFORTRAN -D'ROOT_DIR="/home/tr16/COAWST_3.7"' -DSANDY -D'HEADER="sandy.h"' -D'ROMS_HEADER="/home/tr16/COAWST_3.7/Projects/Sandy/sandy.h"' -DNestedGrids= -D'ANALYTICAL_DIR="/home/tr16/COAWST_3.7/Projects/Sandy"' -D'MY_ANALYTICAL="on"' -D'SVN_URL=""' -D'SVN_REV=""' -IROMS/Include -I/home/tr16/COAWST_3.7/Projects/Sandy -IROMS/Nonlinear -IROMS/Nonlinear/Biology -IROMS/Nonlinear/Sediment -IROMS/Nonlinear/Wec -IROMS/Nonlinear/Vegetation -IROMS/Utility -IROMS/Drivers -IROMS/Functionals -I/home/tr16/COAWST_3.7/Projects/Sandy -ISWAN/Src -IMaster -ICompilers -D'HEADER_DIR="/home/tr16/COAWST_3.7/Projects/Sandy"'  ROMS/Utility/inp_decode.F > Build_roms/inp_decode.f90
ROMS/Bin/cpp_clean Build_roms/bc_4d.f90
ROMS/Bin/cpp_clean Build_roms/main2d.f90
ROMS/Bin/cpp_clean Build_roms/sedtr_reactions_sed_decay.f90
ROMS/Bin/cpp_clean Build_roms/vegetation_biomass.f90
/usr/bin/cpp -P -traditional -w               -DMPI -DLINUX -DX86_64 -DGFORTRAN -D'ROOT_DIR="/home/tr16/COAWST_3.7"' -DSANDY -D'HEADER="sandy.h"' -D'ROMS_HEADER="/home/tr16/COAWST_3.7/Projects/Sandy/sandy.h"' -DNestedGrids= -D'ANALYTICAL_DIR="/home/tr16/COAWST_3.7/Projects/Sandy"' -D'MY_ANALYTICAL="on"' -D'SVN_URL=""' -D'SVN_REV=""' -IROMS/Include -I/home/tr16/COAWST_3.7/Projects/Sandy -IROMS/Nonlinear -IROMS/Nonlinear/Biology -IROMS/Nonlinear/Sediment -IROMS/Nonlinear/Wec -IROMS/Nonlinear/Vegetation -IROMS/Utility -IROMS/Drivers -IROMS/Functionals -I/home/tr16/COAWST_3.7/Projects/Sandy -ISWAN/Src -IMaster -ICompilers -D'HEADER_DIR="/home/tr16/COAWST_3.7/Projects/Sandy"'  ROMS/Utility/abort.F > Build_roms/abort.f90
/usr/bin/cpp -P -traditional -w               -DMPI -DLINUX -DX86_64 -DGFORTRAN -D'ROOT_DIR="/home/tr16/COAWST_3.7"' -DSANDY -D'HEADER="sandy.h"' -D'ROMS_HEADER="/home/tr16/COAWST_3.7/Projects/Sandy/sandy.h"' -DNestedGrids= -D'ANALYTICAL_DIR="/home/tr16/COAWST_3.7/Projects/Sandy"' -D'MY_ANALYTICAL="on"' -D'SVN_URL=""' -D'SVN_REV=""' -IROMS/Include -I/home/tr16/COAWST_3.7/Projects/Sandy -IROMS/Nonlinear -IROMS/Nonlinear/Biology -IROMS/Nonlinear/Sediment -IROMS/Nonlinear/Wec -IROMS/Nonlinear/Vegetation -IROMS/Utility -IROMS/Drivers -IROMS/Functionals -I/home/tr16/COAWST_3.7/Projects/Sandy -ISWAN/Src -IMaster -ICompilers -D'HEADER_DIR="/home/tr16/COAWST_3.7/Projects/Sandy"'  Master/ocean_control.F > Build_roms/ocean_control.f90
ROMS/Bin/cpp_clean Build_roms/nf_fwrite2d.f90
/usr/bin/cpp -P -traditional -w               -DMPI -DLINUX -DX86_64 -DGFORTRAN -D'ROOT_DIR="/home/tr16/COAWST_3.7"' -DSANDY -D'HEADER="sandy.h"' -D'ROMS_HEADER="/home/tr16/COAWST_3.7/Projects/Sandy/sandy.h"' -DNestedGrids= -D'ANALYTICAL_DIR="/home/tr16/COAWST_3.7/Projects/Sandy"' -D'MY_ANALYTICAL="on"' -D'SVN_URL=""' -D'SVN_REV=""' -IROMS/Include -I/home/tr16/COAWST_3.7/Projects/Sandy -IROMS/Nonlinear -IROMS/Nonlinear/Biology -IROMS/Nonlinear/Sediment -IROMS/Nonlinear/Wec -IROMS/Nonlinear/Vegetation -IROMS/Utility -IROMS/Drivers -IROMS/Functionals -I/home/tr16/COAWST_3.7/Projects/Sandy -ISWAN/Src -IMaster -ICompilers -D'HEADER_DIR="/home/tr16/COAWST_3.7/Projects/Sandy"'  ROMS/Utility/array_modes.F > Build_roms/array_modes.f90
ROMS/Bin/cpp_clean Build_roms/nf_fwrite3d.f90
ROMS/Bin/cpp_clean Build_roms/normalization.f90
ROMS/Bin/cpp_clean Build_roms/white_noise.f90
ROMS/Bin/cpp_clean Build_roms/get_nudgcoef.f90
/usr/bin/cpp -P -traditional -w               -DMPI -DLINUX -DX86_64 -DGFORTRAN -D'ROOT_DIR="/home/tr16/COAWST_3.7"' -DSANDY -D'HEADER="sandy.h"' -D'ROMS_HEADER="/home/tr16/COAWST_3.7/Projects/Sandy/sandy.h"' -DNestedGrids= -D'ANALYTICAL_DIR="/home/tr16/COAWST_3.7/Projects/Sandy"' -D'MY_ANALYTICAL="on"' -D'SVN_URL=""' -D'SVN_REV=""' -IROMS/Include -I/home/tr16/COAWST_3.7/Projects/Sandy -IROMS/Nonlinear -IROMS/Nonlinear/Biology -IROMS/Nonlinear/Sediment -IROMS/Nonlinear/Wec -IROMS/Nonlinear/Vegetation -IROMS/Utility -IROMS/Drivers -IROMS/Functionals -I/home/tr16/COAWST_3.7/Projects/Sandy -ISWAN/Src -IMaster -ICompilers -D'HEADER_DIR="/home/tr16/COAWST_3.7/Projects/Sandy"'  ROMS/Utility/convolve.F > Build_roms/convolve.f90
/usr/bin/cpp -P -traditional -w               -DMPI -DLINUX -DX86_64 -DGFORTRAN -D'ROOT_DIR="/home/tr16/COAWST_3.7"' -DSANDY -D'HEADER="sandy.h"' -D'ROMS_HEADER="/home/tr16/COAWST_3.7/Projects/Sandy/sandy.h"' -DNestedGrids= -D'ANALYTICAL_DIR="/home/tr16/COAWST_3.7/Projects/Sandy"' -D'MY_ANALYTICAL="on"' -D'SVN_URL=""' -D'SVN_REV=""' -IROMS/Include -I/home/tr16/COAWST_3.7/Projects/Sandy -IROMS/Nonlinear -IROMS/Nonlinear/Biology -IROMS/Nonlinear/Sediment -IROMS/Nonlinear/Wec -IROMS/Nonlinear/Vegetation -IROMS/Utility -IROMS/Drivers -IROMS/Functionals -I/home/tr16/COAWST_3.7/Projects/Sandy -ISWAN/Src -IMaster -ICompilers -D'HEADER_DIR="/home/tr16/COAWST_3.7/Projects/Sandy"'  ROMS/Utility/comp_Jb0.F > Build_roms/comp_Jb0.f90
/usr/bin/cpp -P -traditional -w               -DMPI -DLINUX -DX86_64 -DGFORTRAN -D'ROOT_DIR="/home/tr16/COAWST_3.7"' -DSANDY -D'HEADER="sandy.h"' -D'ROMS_HEADER="/home/tr16/COAWST_3.7/Projects/Sandy/sandy.h"' -DNestedGrids= -D'ANALYTICAL_DIR="/home/tr16/COAWST_3.7/Projects/Sandy"' -D'MY_ANALYTICAL="on"' -D'SVN_URL=""' -D'SVN_REV=""' -IROMS/Include -I/home/tr16/COAWST_3.7/Projects/Sandy -IROMS/Nonlinear -IROMS/Nonlinear/Biology -IROMS/Nonlinear/Sediment -IROMS/Nonlinear/Wec -IROMS/Nonlinear/Vegetation -IROMS/Utility -IROMS/Drivers -IROMS/Functionals -I/home/tr16/COAWST_3.7/Projects/Sandy -ISWAN/Src -IMaster -ICompilers -D'HEADER_DIR="/home/tr16/COAWST_3.7/Projects/Sandy"'  ROMS/Utility/state_dotprod.F > Build_roms/state_dotprod.f90
/usr/bin/cpp -P -traditional -w               -DMPI -DLINUX -DX86_64 -DGFORTRAN -D'ROOT_DIR="/home/tr16/COAWST_3.7"' -DSANDY -D'HEADER="sandy.h"' -D'ROMS_HEADER="/home/tr16/COAWST_3.7/Projects/Sandy/sandy.h"' -DNestedGrids= -D'ANALYTICAL_DIR="/home/tr16/COAWST_3.7/Projects/Sandy"' -D'MY_ANALYTICAL="on"' -D'SVN_URL=""' -D'SVN_REV=""' -IROMS/Include -I/home/tr16/COAWST_3.7/Projects/Sandy -IROMS/Nonlinear -IROMS/Nonlinear/Biology -IROMS/Nonlinear/Sediment -IROMS/Nonlinear/Wec -IROMS/Nonlinear/Vegetation -IROMS/Utility -IROMS/Drivers -IROMS/Functionals -I/home/tr16/COAWST_3.7/Projects/Sandy -ISWAN/Src -IMaster -ICompilers -D'HEADER_DIR="/home/tr16/COAWST_3.7/Projects/Sandy"'  ROMS/Utility/sum_grad.F > Build_roms/sum_grad.f90
ROMS/Bin/cpp_clean Build_roms/nf_fread2d.f90
/usr/bin/cpp -P -traditional -w               -DMPI -DLINUX -DX86_64 -DGFORTRAN -D'ROOT_DIR="/home/tr16/COAWST_3.7"' -DSANDY -D'HEADER="sandy.h"' -D'ROMS_HEADER="/home/tr16/COAWST_3.7/Projects/Sandy/sandy.h"' -DNestedGrids= -D'ANALYTICAL_DIR="/home/tr16/COAWST_3.7/Projects/Sandy"' -D'MY_ANALYTICAL="on"' -D'SVN_URL=""' -D'SVN_REV=""' -IROMS/Include -I/home/tr16/COAWST_3.7/Projects/Sandy -IROMS/Nonlinear -IROMS/Nonlinear/Biology -IROMS/Nonlinear/Sediment -IROMS/Nonlinear/Wec -IROMS/Nonlinear/Vegetation -IROMS/Utility -IROMS/Drivers -IROMS/Functionals -I/home/tr16/COAWST_3.7/Projects/Sandy -ISWAN/Src -IMaster -ICompilers -D'HEADER_DIR="/home/tr16/COAWST_3.7/Projects/Sandy"'  ROMS/Utility/wrt_ini.F > Build_roms/wrt_ini.f90
/usr/bin/cpp -P -traditional -w               -DMPI -DLINUX -DX86_64 -DGFORTRAN -D'ROOT_DIR="/home/tr16/COAWST_3.7"' -DSANDY -D'HEADER="sandy.h"' -D'ROMS_HEADER="/home/tr16/COAWST_3.7/Projects/Sandy/sandy.h"' -DNestedGrids= -D'ANALYTICAL_DIR="/home/tr16/COAWST_3.7/Projects/Sandy"' -D'MY_ANALYTICAL="on"' -D'SVN_URL=""' -D'SVN_REV=""' -IROMS/Include -I/home/tr16/COAWST_3.7/Projects/Sandy -IROMS/Nonlinear -IROMS/Nonlinear/Biology -IROMS/Nonlinear/Sediment -IROMS/Nonlinear/Wec -IROMS/Nonlinear/Vegetation -IROMS/Utility -IROMS/Drivers -IROMS/Functionals -I/home/tr16/COAWST_3.7/Projects/Sandy -ISWAN/Src -IMaster -ICompilers -D'HEADER_DIR="/home/tr16/COAWST_3.7/Projects/Sandy"'  ROMS/Drivers/i4dvar.F > Build_roms/i4dvar.f90
/usr/bin/cpp -P -traditional -w               -DMPI -DLINUX -DX86_64 -DGFORTRAN -D'ROOT_DIR="/home/tr16/COAWST_3.7"' -DSANDY -D'HEADER="sandy.h"' -D'ROMS_HEADER="/home/tr16/COAWST_3.7/Projects/Sandy/sandy.h"' -DNestedGrids= -D'ANALYTICAL_DIR="/home/tr16/COAWST_3.7/Projects/Sandy"' -D'MY_ANALYTICAL="on"' -D'SVN_URL=""' -D'SVN_REV=""' -IROMS/Include -I/home/tr16/COAWST_3.7/Projects/Sandy -IROMS/Nonlinear -IROMS/Nonlinear/Biology -IROMS/Nonlinear/Sediment -IROMS/Nonlinear/Wec -IROMS/Nonlinear/Vegetation -IROMS/Utility -IROMS/Drivers -IROMS/Functionals -I/home/tr16/COAWST_3.7/Projects/Sandy -ISWAN/Src -IMaster -ICompilers -D'HEADER_DIR="/home/tr16/COAWST_3.7/Projects/Sandy"'  ROMS/Utility/back_cost.F > Build_roms/back_cost.f90
ROMS/Bin/cpp_clean Build_roms/zeta_balance.f90
ROMS/Bin/cpp_clean Build_roms/def_tides.f90
ROMS/Bin/cpp_clean Build_roms/def_var.f90
ROMS/Bin/cpp_clean Build_roms/sqlq.f90
/usr/bin/cpp -P -traditional -w               -DMPI -DLINUX -DX86_64 -DGFORTRAN -D'ROOT_DIR="/home/tr16/COAWST_3.7"' -DSANDY -D'HEADER="sandy.h"' -D'ROMS_HEADER="/home/tr16/COAWST_3.7/Projects/Sandy/sandy.h"' -DNestedGrids= -D'ANALYTICAL_DIR="/home/tr16/COAWST_3.7/Projects/Sandy"' -D'MY_ANALYTICAL="on"' -D'SVN_URL=""' -D'SVN_REV=""' -IROMS/Include -I/home/tr16/COAWST_3.7/Projects/Sandy -IROMS/Nonlinear -IROMS/Nonlinear/Biology -IROMS/Nonlinear/Sediment -IROMS/Nonlinear/Wec -IROMS/Nonlinear/Vegetation -IROMS/Utility -IROMS/Drivers -IROMS/Functionals -I/home/tr16/COAWST_3.7/Projects/Sandy -ISWAN/Src -IMaster -ICompilers -D'HEADER_DIR="/home/tr16/COAWST_3.7/Projects/Sandy"'  ROMS/Utility/cgradient.F > Build_roms/cgradient.f90
/usr/bin/cpp -P -traditional -w               -DMPI -DLINUX -DX86_64 -DGFORTRAN -D'ROOT_DIR="/home/tr16/COAWST_3.7"' -DSANDY -D'HEADER="sandy.h"' -D'ROMS_HEADER="/home/tr16/COAWST_3.7/Projects/Sandy/sandy.h"' -DNestedGrids= -D'ANALYTICAL_DIR="/home/tr16/COAWST_3.7/Projects/Sandy"' -D'MY_ANALYTICAL="on"' -D'SVN_URL=""' -D'SVN_REV=""' -IROMS/Include -I/home/tr16/COAWST_3.7/Projects/Sandy -IROMS/Nonlinear -IROMS/Nonlinear/Biology -IROMS/Nonlinear/Sediment -IROMS/Nonlinear/Wec -IROMS/Nonlinear/Vegetation -IROMS/Utility -IROMS/Drivers -IROMS/Functionals -I/home/tr16/COAWST_3.7/Projects/Sandy -ISWAN/Src -IMaster -ICompilers -D'HEADER_DIR="/home/tr16/COAWST_3.7/Projects/Sandy"'  ROMS/Utility/nf_fread2d_bry.F > Build_roms/nf_fread2d_bry.f90
/usr/bin/cpp -P -traditional -w               -DMPI -DLINUX -DX86_64 -DGFORTRAN -D'ROOT_DIR="/home/tr16/COAWST_3.7"' -DSANDY -D'HEADER="sandy.h"' -D'ROMS_HEADER="/home/tr16/COAWST_3.7/Projects/Sandy/sandy.h"' -DNestedGrids= -D'ANALYTICAL_DIR="/home/tr16/COAWST_3.7/Projects/Sandy"' -D'MY_ANALYTICAL="on"' -D'SVN_URL=""' -D'SVN_REV=""' -IROMS/Include -I/home/tr16/COAWST_3.7/Projects/Sandy -IROMS/Nonlinear -IROMS/Nonlinear/Biology -IROMS/Nonlinear/Sediment -IROMS/Nonlinear/Wec -IROMS/Nonlinear/Vegetation -IROMS/Utility -IROMS/Drivers -IROMS/Functionals -I/home/tr16/COAWST_3.7/Projects/Sandy -ISWAN/Src -IMaster -ICompilers -D'HEADER_DIR="/home/tr16/COAWST_3.7/Projects/Sandy"'  ROMS/Utility/nf_fread3d_bry.F > Build_roms/nf_fread3d_bry.f90
/usr/bin/cpp -P -traditional -w               -DMPI -DLINUX -DX86_64 -DGFORTRAN -D'ROOT_DIR="/home/tr16/COAWST_3.7"' -DSANDY -D'HEADER="sandy.h"' -D'ROMS_HEADER="/home/tr16/COAWST_3.7/Projects/Sandy/sandy.h"' -DNestedGrids= -D'ANALYTICAL_DIR="/home/tr16/COAWST_3.7/Projects/Sandy"' -D'MY_ANALYTICAL="on"' -D'SVN_URL=""' -D'SVN_REV=""' -IROMS/Include -I/home/tr16/COAWST_3.7/Projects/Sandy -IROMS/Nonlinear -IROMS/Nonlinear/Biology -IROMS/Nonlinear/Sediment -IROMS/Nonlinear/Wec -IROMS/Nonlinear/Vegetation -IROMS/Utility -IROMS/Drivers -IROMS/Functionals -I/home/tr16/COAWST_3.7/Projects/Sandy -ISWAN/Src -IMaster -ICompilers -D'HEADER_DIR="/home/tr16/COAWST_3.7/Projects/Sandy"'  ROMS/Utility/state_initialize.F > Build_roms/state_initialize.f90
/usr/bin/cpp -P -traditional -w               -DMPI -DLINUX -DX86_64 -DGFORTRAN -D'ROOT_DIR="/home/tr16/COAWST_3.7"' -DSANDY -D'HEADER="sandy.h"' -D'ROMS_HEADER="/home/tr16/COAWST_3.7/Projects/Sandy/sandy.h"' -DNestedGrids= -D'ANALYTICAL_DIR="/home/tr16/COAWST_3.7/Projects/Sandy"' -D'MY_ANALYTICAL="on"' -D'SVN_URL=""' -D'SVN_REV=""' -IROMS/Include -I/home/tr16/COAWST_3.7/Projects/Sandy -IROMS/Nonlinear -IROMS/Nonlinear/Biology -IROMS/Nonlinear/Sediment -IROMS/Nonlinear/Wec -IROMS/Nonlinear/Vegetation -IROMS/Utility -IROMS/Drivers -IROMS/Functionals -I/home/tr16/COAWST_3.7/Projects/Sandy -ISWAN/Src -IMaster -ICompilers -D'HEADER_DIR="/home/tr16/COAWST_3.7/Projects/Sandy"'  ROMS/Utility/state_scale.F > Build_roms/state_scale.f90
ROMS/Bin/cpp_clean Build_roms/checkdefs.f90
/usr/bin/cpp -P -traditional -w               -DMPI -DLINUX -DX86_64 -DGFORTRAN -D'ROOT_DIR="/home/tr16/COAWST_3.7"' -DSANDY -D'HEADER="sandy.h"' -D'ROMS_HEADER="/home/tr16/COAWST_3.7/Projects/Sandy/sandy.h"' -DNestedGrids= -D'ANALYTICAL_DIR="/home/tr16/COAWST_3.7/Projects/Sandy"' -D'MY_ANALYTICAL="on"' -D'SVN_URL=""' -D'SVN_REV=""' -IROMS/Include -I/home/tr16/COAWST_3.7/Projects/Sandy -IROMS/Nonlinear -IROMS/Nonlinear/Biology -IROMS/Nonlinear/Sediment -IROMS/Nonlinear/Wec -IROMS/Nonlinear/Vegetation -IROMS/Utility -IROMS/Drivers -IROMS/Functionals -I/home/tr16/COAWST_3.7/Projects/Sandy -ISWAN/Src -IMaster -ICompilers -D'HEADER_DIR="/home/tr16/COAWST_3.7/Projects/Sandy"'  ROMS/Utility/cost_grad.F > Build_roms/cost_grad.f90
ROMS/Bin/cpp_clean Build_roms/congrad.f90
ROMS/Bin/cpp_clean Build_roms/wrt_gst.f90
ROMS/Bin/cpp_clean Build_roms/wrt_hessian.f90
/usr/bin/cpp -P -traditional -w               -DMPI -DLINUX -DX86_64 -DGFORTRAN -D'ROOT_DIR="/home/tr16/COAWST_3.7"' -DSANDY -D'HEADER="sandy.h"' -D'ROMS_HEADER="/home/tr16/COAWST_3.7/Projects/Sandy/sandy.h"' -DNestedGrids= -D'ANALYTICAL_DIR="/home/tr16/COAWST_3.7/Projects/Sandy"' -D'MY_ANALYTICAL="on"' -D'SVN_URL=""' -D'SVN_REV=""' -IROMS/Include -I/home/tr16/COAWST_3.7/Projects/Sandy -IROMS/Nonlinear -IROMS/Nonlinear/Biology -IROMS/Nonlinear/Sediment -IROMS/Nonlinear/Wec -IROMS/Nonlinear/Vegetation -IROMS/Utility -IROMS/Drivers -IROMS/Functionals -I/home/tr16/COAWST_3.7/Projects/Sandy -ISWAN/Src -IMaster -ICompilers -D'HEADER_DIR="/home/tr16/COAWST_3.7/Projects/Sandy"'  ROMS/Utility/inp_par.F > Build_roms/inp_par.f90
ROMS/Bin/cpp_clean Build_roms/nf_fwrite2d_bry.f90
ROMS/Bin/cpp_clean Build_roms/nf_fwrite3d_bry.f90
/usr/bin/cpp -P -traditional -w               -DMPI -DLINUX -DX86_64 -DGFORTRAN -D'ROOT_DIR="/home/tr16/COAWST_3.7"' -DSANDY -D'HEADER="sandy.h"' -D'ROMS_HEADER="/home/tr16/COAWST_3.7/Projects/Sandy/sandy.h"' -DNestedGrids= -D'ANALYTICAL_DIR="/home/tr16/COAWST_3.7/Projects/Sandy"' -D'MY_ANALYTICAL="on"' -D'SVN_URL=""' -D'SVN_REV=""' -IROMS/Include -I/home/tr16/COAWST_3.7/Projects/Sandy -IROMS/Nonlinear -IROMS/Nonlinear/Biology -IROMS/Nonlinear/Sediment -IROMS/Nonlinear/Wec -IROMS/Nonlinear/Vegetation -IROMS/Utility -IROMS/Drivers -IROMS/Functionals -I/home/tr16/COAWST_3.7/Projects/Sandy -ISWAN/Src -IMaster -ICompilers -D'HEADER_DIR="/home/tr16/COAWST_3.7/Projects/Sandy"'  ROMS/Utility/ran_state.F > Build_roms/ran_state.f90
/usr/bin/cpp -P -traditional -w               -DMPI -DLINUX -DX86_64 -DGFORTRAN -D'ROOT_DIR="/home/tr16/COAWST_3.7"' -DSANDY -D'HEADER="sandy.h"' -D'ROMS_HEADER="/home/tr16/COAWST_3.7/Projects/Sandy/sandy.h"' -DNestedGrids= -D'ANALYTICAL_DIR="/home/tr16/COAWST_3.7/Projects/Sandy"' -D'MY_ANALYTICAL="on"' -D'SVN_URL=""' -D'SVN_REV=""' -IROMS/Include -I/home/tr16/COAWST_3.7/Projects/Sandy -IROMS/Nonlinear -IROMS/Nonlinear/Biology -IROMS/Nonlinear/Sediment -IROMS/Nonlinear/Wec -IROMS/Nonlinear/Vegetation -IROMS/Utility -IROMS/Drivers -IROMS/Functionals -I/home/tr16/COAWST_3.7/Projects/Sandy -ISWAN/Src -IMaster -ICompilers -D'HEADER_DIR="/home/tr16/COAWST_3.7/Projects/Sandy"'  ROMS/Utility/packing.F > Build_roms/packing.f90
ROMS/Bin/cpp_clean Build_roms/get_bounds.f90
ROMS/Bin/cpp_clean Build_roms/read_sedpar.f90
/usr/bin/cpp -P -traditional -w               -DMPI -DLINUX -DX86_64 -DGFORTRAN -D'ROOT_DIR="/home/tr16/COAWST_3.7"' -DSANDY -D'HEADER="sandy.h"' -D'ROMS_HEADER="/home/tr16/COAWST_3.7/Projects/Sandy/sandy.h"' -DNestedGrids= -D'ANALYTICAL_DIR="/home/tr16/COAWST_3.7/Projects/Sandy"' -D'MY_ANALYTICAL="on"' -D'SVN_URL=""' -D'SVN_REV=""' -IROMS/Include -I/home/tr16/COAWST_3.7/Projects/Sandy -IROMS/Nonlinear -IROMS/Nonlinear/Biology -IROMS/Nonlinear/Sediment -IROMS/Nonlinear/Wec -IROMS/Nonlinear/Vegetation -IROMS/Utility -IROMS/Drivers -IROMS/Functionals -I/home/tr16/COAWST_3.7/Projects/Sandy -ISWAN/Src -IMaster -ICompilers -D'HEADER_DIR="/home/tr16/COAWST_3.7/Projects/Sandy"'  Master/propagator.F > Build_roms/propagator.f90
ROMS/Bin/cpp_clean Build_roms/inp_decode.f90
ROMS/Bin/cpp_clean Build_roms/abort.f90
/usr/bin/cpp -P -traditional -w               -DMPI -DLINUX -DX86_64 -DGFORTRAN -D'ROOT_DIR="/home/tr16/COAWST_3.7"' -DSANDY -D'HEADER="sandy.h"' -D'ROMS_HEADER="/home/tr16/COAWST_3.7/Projects/Sandy/sandy.h"' -DNestedGrids= -D'ANALYTICAL_DIR="/home/tr16/COAWST_3.7/Projects/Sandy"' -D'MY_ANALYTICAL="on"' -D'SVN_URL=""' -D'SVN_REV=""' -IROMS/Include -I/home/tr16/COAWST_3.7/Projects/Sandy -IROMS/Nonlinear -IROMS/Nonlinear/Biology -IROMS/Nonlinear/Sediment -IROMS/Nonlinear/Wec -IROMS/Nonlinear/Vegetation -IROMS/Utility -IROMS/Drivers -IROMS/Functionals -I/home/tr16/COAWST_3.7/Projects/Sandy -ISWAN/Src -IMaster -ICompilers -D'HEADER_DIR="/home/tr16/COAWST_3.7/Projects/Sandy"'  ROMS/Utility/inner2state.F > Build_roms/inner2state.f90
/usr/bin/cpp -P -traditional -w               -DMPI -DLINUX -DX86_64 -DGFORTRAN -D'ROOT_DIR="/home/tr16/COAWST_3.7"' -DSANDY -D'HEADER="sandy.h"' -D'ROMS_HEADER="/home/tr16/COAWST_3.7/Projects/Sandy/sandy.h"' -DNestedGrids= -D'ANALYTICAL_DIR="/home/tr16/COAWST_3.7/Projects/Sandy"' -D'MY_ANALYTICAL="on"' -D'SVN_URL=""' -D'SVN_REV=""' -IROMS/Include -I/home/tr16/COAWST_3.7/Projects/Sandy -IROMS/Nonlinear -IROMS/Nonlinear/Biology -IROMS/Nonlinear/Sediment -IROMS/Nonlinear/Wec -IROMS/Nonlinear/Vegetation -IROMS/Utility -IROMS/Drivers -IROMS/Functionals -I/home/tr16/COAWST_3.7/Projects/Sandy -ISWAN/Src -IMaster -ICompilers -D'HEADER_DIR="/home/tr16/COAWST_3.7/Projects/Sandy"'  ROMS/Drivers/r4dvar.F > Build_roms/r4dvar.f90
/usr/bin/cpp -P -traditional -w               -DMPI -DLINUX -DX86_64 -DGFORTRAN -D'ROOT_DIR="/home/tr16/COAWST_3.7"' -DSANDY -D'HEADER="sandy.h"' -D'ROMS_HEADER="/home/tr16/COAWST_3.7/Projects/Sandy/sandy.h"' -DNestedGrids= -D'ANALYTICAL_DIR="/home/tr16/COAWST_3.7/Projects/Sandy"' -D'MY_ANALYTICAL="on"' -D'SVN_URL=""' -D'SVN_REV=""' -IROMS/Include -I/home/tr16/COAWST_3.7/Projects/Sandy -IROMS/Nonlinear -IROMS/Nonlinear/Biology -IROMS/Nonlinear/Sediment -IROMS/Nonlinear/Wec -IROMS/Nonlinear/Vegetation -IROMS/Utility -IROMS/Drivers -IROMS/Functionals -I/home/tr16/COAWST_3.7/Projects/Sandy -ISWAN/Src -IMaster -ICompilers -D'HEADER_DIR="/home/tr16/COAWST_3.7/Projects/Sandy"'  ROMS/Utility/posterior.F > Build_roms/posterior.f90
/usr/bin/cpp -P -traditional -w               -DMPI -DLINUX -DX86_64 -DGFORTRAN -D'ROOT_DIR="/home/tr16/COAWST_3.7"' -DSANDY -D'HEADER="sandy.h"' -D'ROMS_HEADER="/home/tr16/COAWST_3.7/Projects/Sandy/sandy.h"' -DNestedGrids= -D'ANALYTICAL_DIR="/home/tr16/COAWST_3.7/Projects/Sandy"' -D'MY_ANALYTICAL="on"' -D'SVN_URL=""' -D'SVN_REV=""' -IROMS/Include -I/home/tr16/COAWST_3.7/Projects/Sandy -IROMS/Nonlinear -IROMS/Nonlinear/Biology -IROMS/Nonlinear/Sediment -IROMS/Nonlinear/Wec -IROMS/Nonlinear/Vegetation -IROMS/Utility -IROMS/Drivers -IROMS/Functionals -I/home/tr16/COAWST_3.7/Projects/Sandy -ISWAN/Src -IMaster -ICompilers -D'HEADER_DIR="/home/tr16/COAWST_3.7/Projects/Sandy"'  ROMS/Utility/posterior_var.F > Build_roms/posterior_var.f90
/usr/bin/cpp -P -traditional -w               -DMPI -DLINUX -DX86_64 -DGFORTRAN -D'ROOT_DIR="/home/tr16/COAWST_3.7"' -DSANDY -D'HEADER="sandy.h"' -D'ROMS_HEADER="/home/tr16/COAWST_3.7/Projects/Sandy/sandy.h"' -DNestedGrids= -D'ANALYTICAL_DIR="/home/tr16/COAWST_3.7/Projects/Sandy"' -D'MY_ANALYTICAL="on"' -D'SVN_URL=""' -D'SVN_REV=""' -IROMS/Include -I/home/tr16/COAWST_3.7/Projects/Sandy -IROMS/Nonlinear -IROMS/Nonlinear/Biology -IROMS/Nonlinear/Sediment -IROMS/Nonlinear/Wec -IROMS/Nonlinear/Vegetation -IROMS/Utility -IROMS/Drivers -IROMS/Functionals -I/home/tr16/COAWST_3.7/Projects/Sandy -ISWAN/Src -IMaster -ICompilers -D'HEADER_DIR="/home/tr16/COAWST_3.7/Projects/Sandy"'  ROMS/Utility/state_product.F > Build_roms/state_product.f90
ROMS/Bin/cpp_clean Build_roms/ocean_control.f90
/usr/bin/cpp -P -traditional -w               -DMPI -DLINUX -DX86_64 -DGFORTRAN -D'ROOT_DIR="/home/tr16/COAWST_3.7"' -DSANDY -D'HEADER="sandy.h"' -D'ROMS_HEADER="/home/tr16/COAWST_3.7/Projects/Sandy/sandy.h"' -DNestedGrids= -D'ANALYTICAL_DIR="/home/tr16/COAWST_3.7/Projects/Sandy"' -D'MY_ANALYTICAL="on"' -D'SVN_URL=""' -D'SVN_REV=""' -IROMS/Include -I/home/tr16/COAWST_3.7/Projects/Sandy -IROMS/Nonlinear -IROMS/Nonlinear/Biology -IROMS/Nonlinear/Sediment -IROMS/Nonlinear/Wec -IROMS/Nonlinear/Vegetation -IROMS/Utility -IROMS/Drivers -IROMS/Functionals -I/home/tr16/COAWST_3.7/Projects/Sandy -ISWAN/Src -IMaster -ICompilers -D'HEADER_DIR="/home/tr16/COAWST_3.7/Projects/Sandy"'  ROMS/Utility/random_ic.F > Build_roms/random_ic.f90
/usr/bin/cpp -P -traditional -w               -DMPI -DLINUX -DX86_64 -DGFORTRAN -D'ROOT_DIR="/home/tr16/COAWST_3.7"' -DSANDY -D'HEADER="sandy.h"' -D'ROMS_HEADER="/home/tr16/COAWST_3.7/Projects/Sandy/sandy.h"' -DNestedGrids= -D'ANALYTICAL_DIR="/home/tr16/COAWST_3.7/Projects/Sandy"' -D'MY_ANALYTICAL="on"' -D'SVN_URL=""' -D'SVN_REV=""' -IROMS/Include -I/home/tr16/COAWST_3.7/Projects/Sandy -IROMS/Nonlinear -IROMS/Nonlinear/Biology -IROMS/Nonlinear/Sediment -IROMS/Nonlinear/Wec -IROMS/Nonlinear/Vegetation -IROMS/Utility -IROMS/Drivers -IROMS/Functionals -I/home/tr16/COAWST_3.7/Projects/Sandy -ISWAN/Src -IMaster -ICompilers -D'HEADER_DIR="/home/tr16/COAWST_3.7/Projects/Sandy"'  ROMS/Drivers/rbl4dvar.F > Build_roms/rbl4dvar.f90
ROMS/Bin/cpp_clean Build_roms/array_modes.f90
/usr/bin/cpp -P -traditional -w               -DMPI -DLINUX -DX86_64 -DGFORTRAN -D'ROOT_DIR="/home/tr16/COAWST_3.7"' -DSANDY -D'HEADER="sandy.h"' -D'ROMS_HEADER="/home/tr16/COAWST_3.7/Projects/Sandy/sandy.h"' -DNestedGrids= -D'ANALYTICAL_DIR="/home/tr16/COAWST_3.7/Projects/Sandy"' -D'MY_ANALYTICAL="on"' -D'SVN_URL=""' -D'SVN_REV=""' -IROMS/Include -I/home/tr16/COAWST_3.7/Projects/Sandy -IROMS/Nonlinear -IROMS/Nonlinear/Biology -IROMS/Nonlinear/Sediment -IROMS/Nonlinear/Wec -IROMS/Nonlinear/Vegetation -IROMS/Utility -IROMS/Drivers -IROMS/Functionals -I/home/tr16/COAWST_3.7/Projects/Sandy -ISWAN/Src -IMaster -ICompilers -D'HEADER_DIR="/home/tr16/COAWST_3.7/Projects/Sandy"'  ROMS/Utility/rpcg_lanczos.F > Build_roms/rpcg_lanczos.f90
/usr/bin/cpp -P -traditional -w               -DMPI -DLINUX -DX86_64 -DGFORTRAN -D'ROOT_DIR="/home/tr16/COAWST_3.7"' -DSANDY -D'HEADER="sandy.h"' -D'ROMS_HEADER="/home/tr16/COAWST_3.7/Projects/Sandy/sandy.h"' -DNestedGrids= -D'ANALYTICAL_DIR="/home/tr16/COAWST_3.7/Projects/Sandy"' -D'MY_ANALYTICAL="on"' -D'SVN_URL=""' -D'SVN_REV=""' -IROMS/Include -I/home/tr16/COAWST_3.7/Projects/Sandy -IROMS/Nonlinear -IROMS/Nonlinear/Biology -IROMS/Nonlinear/Sediment -IROMS/Nonlinear/Wec -IROMS/Nonlinear/Vegetation -IROMS/Utility -IROMS/Drivers -IROMS/Functionals -I/home/tr16/COAWST_3.7/Projects/Sandy -ISWAN/Src -IMaster -ICompilers -D'HEADER_DIR="/home/tr16/COAWST_3.7/Projects/Sandy"'  ROMS/Utility/sum_imp.F > Build_roms/sum_imp.f90
/usr/bin/cpp -P -traditional -w               -DMPI -DLINUX -DX86_64 -DGFORTRAN -D'ROOT_DIR="/home/tr16/COAWST_3.7"' -DSANDY -D'HEADER="sandy.h"' -D'ROMS_HEADER="/home/tr16/COAWST_3.7/Projects/Sandy/sandy.h"' -DNestedGrids= -D'ANALYTICAL_DIR="/home/tr16/COAWST_3.7/Projects/Sandy"' -D'MY_ANALYTICAL="on"' -D'SVN_URL=""' -D'SVN_REV=""' -IROMS/Include -I/home/tr16/COAWST_3.7/Projects/Sandy -IROMS/Nonlinear -IROMS/Nonlinear/Biology -IROMS/Nonlinear/Sediment -IROMS/Nonlinear/Wec -IROMS/Nonlinear/Vegetation -IROMS/Utility -IROMS/Drivers -IROMS/Functionals -I/home/tr16/COAWST_3.7/Projects/Sandy -ISWAN/Src -IMaster -ICompilers -D'HEADER_DIR="/home/tr16/COAWST_3.7/Projects/Sandy"'  ROMS/Utility/stdinp_mod.F > Build_roms/stdinp_mod.f90
ROMS/Bin/cpp_clean Build_roms/convolve.f90
ROMS/Bin/cpp_clean Build_roms/comp_Jb0.f90
ROMS/Bin/cpp_clean Build_roms/state_dotprod.f90
ROMS/Bin/cpp_clean Build_roms/sum_grad.f90
/usr/bin/cpp -P -traditional -w               -DMPI -DLINUX -DX86_64 -DGFORTRAN -D'ROOT_DIR="/home/tr16/COAWST_3.7"' -DSANDY -D'HEADER="sandy.h"' -D'ROMS_HEADER="/home/tr16/COAWST_3.7/Projects/Sandy/sandy.h"' -DNestedGrids= -D'ANALYTICAL_DIR="/home/tr16/COAWST_3.7/Projects/Sandy"' -D'MY_ANALYTICAL="on"' -D'SVN_URL=""' -D'SVN_REV=""' -IROMS/Include -I/home/tr16/COAWST_3.7/Projects/Sandy -IROMS/Nonlinear -IROMS/Nonlinear/Biology -IROMS/Nonlinear/Sediment -IROMS/Nonlinear/Wec -IROMS/Nonlinear/Vegetation -IROMS/Utility -IROMS/Drivers -IROMS/Functionals -I/home/tr16/COAWST_3.7/Projects/Sandy -ISWAN/Src -IMaster -ICompilers -D'HEADER_DIR="/home/tr16/COAWST_3.7/Projects/Sandy"'  ROMS/Utility/def_gst.F > Build_roms/def_gst.f90
ROMS/Bin/cpp_clean Build_roms/wrt_ini.f90
/usr/bin/cpp -P -traditional -w               -DMPI -DLINUX -DX86_64 -DGFORTRAN -D'ROOT_DIR="/home/tr16/COAWST_3.7"' -DSANDY -D'HEADER="sandy.h"' -D'ROMS_HEADER="/home/tr16/COAWST_3.7/Projects/Sandy/sandy.h"' -DNestedGrids= -D'ANALYTICAL_DIR="/home/tr16/COAWST_3.7/Projects/Sandy"' -D'MY_ANALYTICAL="on"' -D'SVN_URL=""' -D'SVN_REV=""' -IROMS/Include -I/home/tr16/COAWST_3.7/Projects/Sandy -IROMS/Nonlinear -IROMS/Nonlinear/Biology -IROMS/Nonlinear/Sediment -IROMS/Nonlinear/Wec -IROMS/Nonlinear/Vegetation -IROMS/Utility -IROMS/Drivers -IROMS/Functionals -I/home/tr16/COAWST_3.7/Projects/Sandy -ISWAN/Src -IMaster -ICompilers -D'HEADER_DIR="/home/tr16/COAWST_3.7/Projects/Sandy"'  ROMS/Utility/regrid.F > Build_roms/regrid.f90
ROMS/Bin/cpp_clean Build_roms/back_cost.f90
/usr/bin/cpp -P -traditional -w               -DMPI -DLINUX -DX86_64 -DGFORTRAN -D'ROOT_DIR="/home/tr16/COAWST_3.7"' -DSANDY -D'HEADER="sandy.h"' -D'ROMS_HEADER="/home/tr16/COAWST_3.7/Projects/Sandy/sandy.h"' -DNestedGrids= -D'ANALYTICAL_DIR="/home/tr16/COAWST_3.7/Projects/Sandy"' -D'MY_ANALYTICAL="on"' -D'SVN_URL=""' -D'SVN_REV=""' -IROMS/Include -I/home/tr16/COAWST_3.7/Projects/Sandy -IROMS/Nonlinear -IROMS/Nonlinear/Biology -IROMS/Nonlinear/Sediment -IROMS/Nonlinear/Wec -IROMS/Nonlinear/Vegetation -IROMS/Utility -IROMS/Drivers -IROMS/Functionals -I/home/tr16/COAWST_3.7/Projects/Sandy -ISWAN/Src -IMaster -ICompilers -D'HEADER_DIR="/home/tr16/COAWST_3.7/Projects/Sandy"'  ROMS/Utility/interpolate.F > Build_roms/interpolate.f90
ROMS/Bin/cpp_clean Build_roms/i4dvar.f90
/usr/bin/cpp -P -traditional -w               -DMPI -DLINUX -DX86_64 -DGFORTRAN -D'ROOT_DIR="/home/tr16/COAWST_3.7"' -DSANDY -D'HEADER="sandy.h"' -D'ROMS_HEADER="/home/tr16/COAWST_3.7/Projects/Sandy/sandy.h"' -DNestedGrids= -D'ANALYTICAL_DIR="/home/tr16/COAWST_3.7/Projects/Sandy"' -D'MY_ANALYTICAL="on"' -D'SVN_URL=""' -D'SVN_REV=""' -IROMS/Include -I/home/tr16/COAWST_3.7/Projects/Sandy -IROMS/Nonlinear -IROMS/Nonlinear/Biology -IROMS/Nonlinear/Sediment -IROMS/Nonlinear/Wec -IROMS/Nonlinear/Vegetation -IROMS/Utility -IROMS/Drivers -IROMS/Functionals -I/home/tr16/COAWST_3.7/Projects/Sandy -ISWAN/Src -IMaster -ICompilers -D'HEADER_DIR="/home/tr16/COAWST_3.7/Projects/Sandy"'  ROMS/Utility/def_lanczos.F > Build_roms/def_lanczos.f90
ROMS/Bin/cpp_clean Build_roms/nf_fread2d_bry.f90
ROMS/Bin/cpp_clean Build_roms/nf_fread3d_bry.f90
ROMS/Bin/cpp_clean Build_roms/state_scale.f90
ROMS/Bin/cpp_clean Build_roms/state_initialize.f90
/usr/bin/cpp -P -traditional -w               -DMPI -DLINUX -DX86_64 -DGFORTRAN -D'ROOT_DIR="/home/tr16/COAWST_3.7"' -DSANDY -D'HEADER="sandy.h"' -D'ROMS_HEADER="/home/tr16/COAWST_3.7/Projects/Sandy/sandy.h"' -DNestedGrids= -D'ANALYTICAL_DIR="/home/tr16/COAWST_3.7/Projects/Sandy"' -D'MY_ANALYTICAL="on"' -D'SVN_URL=""' -D'SVN_REV=""' -IROMS/Include -I/home/tr16/COAWST_3.7/Projects/Sandy -IROMS/Nonlinear -IROMS/Nonlinear/Biology -IROMS/Nonlinear/Sediment -IROMS/Nonlinear/Wec -IROMS/Nonlinear/Vegetation -IROMS/Utility -IROMS/Drivers -IROMS/Functionals -I/home/tr16/COAWST_3.7/Projects/Sandy -ISWAN/Src -IMaster -ICompilers -D'HEADER_DIR="/home/tr16/COAWST_3.7/Projects/Sandy"'  ROMS/Utility/set_weights.F > Build_roms/set_weights.f90
ROMS/Bin/cpp_clean Build_roms/cgradient.f90
ROMS/Bin/cpp_clean Build_roms/cost_grad.f90
ROMS/Bin/cpp_clean Build_roms/ran_state.f90
ROMS/Bin/cpp_clean Build_roms/inp_par.f90
/usr/bin/cpp -P -traditional -w               -DMPI -DLINUX -DX86_64 -DGFORTRAN -D'ROOT_DIR="/home/tr16/COAWST_3.7"' -DSANDY -D'HEADER="sandy.h"' -D'ROMS_HEADER="/home/tr16/COAWST_3.7/Projects/Sandy/sandy.h"' -DNestedGrids= -D'ANALYTICAL_DIR="/home/tr16/COAWST_3.7/Projects/Sandy"' -D'MY_ANALYTICAL="on"' -D'SVN_URL=""' -D'SVN_REV=""' -IROMS/Include -I/home/tr16/COAWST_3.7/Projects/Sandy -IROMS/Nonlinear -IROMS/Nonlinear/Biology -IROMS/Nonlinear/Sediment -IROMS/Nonlinear/Wec -IROMS/Nonlinear/Vegetation -IROMS/Utility -IROMS/Drivers -IROMS/Functionals -I/home/tr16/COAWST_3.7/Projects/Sandy -ISWAN/Src -IMaster -ICompilers -D'HEADER_DIR="/home/tr16/COAWST_3.7/Projects/Sandy"'  ROMS/Utility/wrt_info.F > Build_roms/wrt_info.f90
/usr/bin/cpp -P -traditional -w               -DMPI -DLINUX -DX86_64 -DGFORTRAN -D'ROOT_DIR="/home/tr16/COAWST_3.7"' -DSANDY -D'HEADER="sandy.h"' -D'ROMS_HEADER="/home/tr16/COAWST_3.7/Projects/Sandy/sandy.h"' -DNestedGrids= -D'ANALYTICAL_DIR="/home/tr16/COAWST_3.7/Projects/Sandy"' -D'MY_ANALYTICAL="on"' -D'SVN_URL=""' -D'SVN_REV=""' -IROMS/Include -I/home/tr16/COAWST_3.7/Projects/Sandy -IROMS/Nonlinear -IROMS/Nonlinear/Biology -IROMS/Nonlinear/Sediment -IROMS/Nonlinear/Wec -IROMS/Nonlinear/Vegetation -IROMS/Utility -IROMS/Drivers -IROMS/Functionals -I/home/tr16/COAWST_3.7/Projects/Sandy -ISWAN/Src -IMaster -ICompilers -D'HEADER_DIR="/home/tr16/COAWST_3.7/Projects/Sandy"'  ROMS/Utility/extract_sta.F > Build_roms/extract_sta.f90
/usr/bin/cpp -P -traditional -w               -DMPI -DLINUX -DX86_64 -DGFORTRAN -D'ROOT_DIR="/home/tr16/COAWST_3.7"' -DSANDY -D'HEADER="sandy.h"' -D'ROMS_HEADER="/home/tr16/COAWST_3.7/Projects/Sandy/sandy.h"' -DNestedGrids= -D'ANALYTICAL_DIR="/home/tr16/COAWST_3.7/Projects/Sandy"' -D'MY_ANALYTICAL="on"' -D'SVN_URL=""' -D'SVN_REV=""' -IROMS/Include -I/home/tr16/COAWST_3.7/Projects/Sandy -IROMS/Nonlinear -IROMS/Nonlinear/Biology -IROMS/Nonlinear/Sediment -IROMS/Nonlinear/Wec -IROMS/Nonlinear/Vegetation -IROMS/Utility -IROMS/Drivers -IROMS/Functionals -I/home/tr16/COAWST_3.7/Projects/Sandy -ISWAN/Src -IMaster -ICompilers -D'HEADER_DIR="/home/tr16/COAWST_3.7/Projects/Sandy"'  ROMS/Utility/wrt_floats.F > Build_roms/wrt_floats.f90
/usr/bin/cpp -P -traditional -w               -DMPI -DLINUX -DX86_64 -DGFORTRAN -D'ROOT_DIR="/home/tr16/COAWST_3.7"' -DSANDY -D'HEADER="sandy.h"' -D'ROMS_HEADER="/home/tr16/COAWST_3.7/Projects/Sandy/sandy.h"' -DNestedGrids= -D'ANALYTICAL_DIR="/home/tr16/COAWST_3.7/Projects/Sandy"' -D'MY_ANALYTICAL="on"' -D'SVN_URL=""' -D'SVN_REV=""' -IROMS/Include -I/home/tr16/COAWST_3.7/Projects/Sandy -IROMS/Nonlinear -IROMS/Nonlinear/Biology -IROMS/Nonlinear/Sediment -IROMS/Nonlinear/Wec -IROMS/Nonlinear/Vegetation -IROMS/Utility -IROMS/Drivers -IROMS/Functionals -I/home/tr16/COAWST_3.7/Projects/Sandy -ISWAN/Src -IMaster -ICompilers -D'HEADER_DIR="/home/tr16/COAWST_3.7/Projects/Sandy"'  ROMS/Utility/lubksb.F > Build_roms/lubksb.f90
/usr/bin/cpp -P -traditional -w               -DMPI -DLINUX -DX86_64 -DGFORTRAN -D'ROOT_DIR="/home/tr16/COAWST_3.7"' -DSANDY -D'HEADER="sandy.h"' -D'ROMS_HEADER="/home/tr16/COAWST_3.7/Projects/Sandy/sandy.h"' -DNestedGrids= -D'ANALYTICAL_DIR="/home/tr16/COAWST_3.7/Projects/Sandy"' -D'MY_ANALYTICAL="on"' -D'SVN_URL=""' -D'SVN_REV=""' -IROMS/Include -I/home/tr16/COAWST_3.7/Projects/Sandy -IROMS/Nonlinear -IROMS/Nonlinear/Biology -IROMS/Nonlinear/Sediment -IROMS/Nonlinear/Wec -IROMS/Nonlinear/Vegetation -IROMS/Utility -IROMS/Drivers -IROMS/Functionals -I/home/tr16/COAWST_3.7/Projects/Sandy -ISWAN/Src -IMaster -ICompilers -D'HEADER_DIR="/home/tr16/COAWST_3.7/Projects/Sandy"'  ROMS/Utility/obs_k2z.F > Build_roms/obs_k2z.f90
ROMS/Bin/cpp_clean Build_roms/propagator.f90
/usr/bin/cpp -P -traditional -w               -DMPI -DLINUX -DX86_64 -DGFORTRAN -D'ROOT_DIR="/home/tr16/COAWST_3.7"' -DSANDY -D'HEADER="sandy.h"' -D'ROMS_HEADER="/home/tr16/COAWST_3.7/Projects/Sandy/sandy.h"' -DNestedGrids= -D'ANALYTICAL_DIR="/home/tr16/COAWST_3.7/Projects/Sandy"' -D'MY_ANALYTICAL="on"' -D'SVN_URL=""' -D'SVN_REV=""' -IROMS/Include -I/home/tr16/COAWST_3.7/Projects/Sandy -IROMS/Nonlinear -IROMS/Nonlinear/Biology -IROMS/Nonlinear/Sediment -IROMS/Nonlinear/Wec -IROMS/Nonlinear/Vegetation -IROMS/Utility -IROMS/Drivers -IROMS/Functionals -I/home/tr16/COAWST_3.7/Projects/Sandy -ISWAN/Src -IMaster -ICompilers -D'HEADER_DIR="/home/tr16/COAWST_3.7/Projects/Sandy"'  ROMS/Utility/get_cycle.F > Build_roms/get_cycle.f90
/usr/bin/cpp -P -traditional -w               -DMPI -DLINUX -DX86_64 -DGFORTRAN -D'ROOT_DIR="/home/tr16/COAWST_3.7"' -DSANDY -D'HEADER="sandy.h"' -D'ROMS_HEADER="/home/tr16/COAWST_3.7/Projects/Sandy/sandy.h"' -DNestedGrids= -D'ANALYTICAL_DIR="/home/tr16/COAWST_3.7/Projects/Sandy"' -D'MY_ANALYTICAL="on"' -D'SVN_URL=""' -D'SVN_REV=""' -IROMS/Include -I/home/tr16/COAWST_3.7/Projects/Sandy -IROMS/Nonlinear -IROMS/Nonlinear/Biology -IROMS/Nonlinear/Sediment -IROMS/Nonlinear/Wec -IROMS/Nonlinear/Vegetation -IROMS/Utility -IROMS/Drivers -IROMS/Functionals -I/home/tr16/COAWST_3.7/Projects/Sandy -ISWAN/Src -IMaster -ICompilers -D'HEADER_DIR="/home/tr16/COAWST_3.7/Projects/Sandy"'  ROMS/Utility/stats_modobs.F > Build_roms/stats_modobs.f90
ROMS/Bin/cpp_clean Build_roms/packing.f90
/usr/bin/cpp -P -traditional -w               -DMPI -DLINUX -DX86_64 -DGFORTRAN -D'ROOT_DIR="/home/tr16/COAWST_3.7"' -DSANDY -D'HEADER="sandy.h"' -D'ROMS_HEADER="/home/tr16/COAWST_3.7/Projects/Sandy/sandy.h"' -DNestedGrids= -D'ANALYTICAL_DIR="/home/tr16/COAWST_3.7/Projects/Sandy"' -D'MY_ANALYTICAL="on"' -D'SVN_URL=""' -D'SVN_REV=""' -IROMS/Include -I/home/tr16/COAWST_3.7/Projects/Sandy -IROMS/Nonlinear -IROMS/Nonlinear/Biology -IROMS/Nonlinear/Sediment -IROMS/Nonlinear/Wec -IROMS/Nonlinear/Vegetation -IROMS/Utility -IROMS/Drivers -IROMS/Functionals -I/home/tr16/COAWST_3.7/Projects/Sandy -ISWAN/Src -IMaster -ICompilers -D'HEADER_DIR="/home/tr16/COAWST_3.7/Projects/Sandy"'  ROMS/Utility/wrt_state.F > Build_roms/wrt_state.f90
/usr/bin/cpp -P -traditional -w               -DMPI -DLINUX -DX86_64 -DGFORTRAN -D'ROOT_DIR="/home/tr16/COAWST_3.7"' -DSANDY -D'HEADER="sandy.h"' -D'ROMS_HEADER="/home/tr16/COAWST_3.7/Projects/Sandy/sandy.h"' -DNestedGrids= -D'ANALYTICAL_DIR="/home/tr16/COAWST_3.7/Projects/Sandy"' -D'MY_ANALYTICAL="on"' -D'SVN_URL=""' -D'SVN_REV=""' -IROMS/Include -I/home/tr16/COAWST_3.7/Projects/Sandy -IROMS/Nonlinear -IROMS/Nonlinear/Biology -IROMS/Nonlinear/Sediment -IROMS/Nonlinear/Wec -IROMS/Nonlinear/Vegetation -IROMS/Utility -IROMS/Drivers -IROMS/Functionals -I/home/tr16/COAWST_3.7/Projects/Sandy -ISWAN/Src -IMaster -ICompilers -D'HEADER_DIR="/home/tr16/COAWST_3.7/Projects/Sandy"'  ROMS/Utility/checkadj.F > Build_roms/checkadj.f90
/usr/bin/cpp -P -traditional -w               -DMPI -DLINUX -DX86_64 -DGFORTRAN -D'ROOT_DIR="/home/tr16/COAWST_3.7"' -DSANDY -D'HEADER="sandy.h"' -D'ROMS_HEADER="/home/tr16/COAWST_3.7/Projects/Sandy/sandy.h"' -DNestedGrids= -D'ANALYTICAL_DIR="/home/tr16/COAWST_3.7/Projects/Sandy"' -D'MY_ANALYTICAL="on"' -D'SVN_URL=""' -D'SVN_REV=""' -IROMS/Include -I/home/tr16/COAWST_3.7/Projects/Sandy -IROMS/Nonlinear -IROMS/Nonlinear/Biology -IROMS/Nonlinear/Sediment -IROMS/Nonlinear/Wec -IROMS/Nonlinear/Vegetation -IROMS/Utility -IROMS/Drivers -IROMS/Functionals -I/home/tr16/COAWST_3.7/Projects/Sandy -ISWAN/Src -IMaster -ICompilers -D'HEADER_DIR="/home/tr16/COAWST_3.7/Projects/Sandy"'  ROMS/Utility/timers.F > Build_roms/timers.f90
ROMS/Bin/cpp_clean Build_roms/inner2state.f90
ROMS/Bin/cpp_clean Build_roms/r4dvar.f90
ROMS/Bin/cpp_clean Build_roms/posterior_var.f90
ROMS/Bin/cpp_clean Build_roms/state_product.f90
ROMS/Bin/cpp_clean Build_roms/random_ic.f90
ROMS/Bin/cpp_clean Build_roms/posterior.f90
ROMS/Bin/cpp_clean Build_roms/rpcg_lanczos.f90
ROMS/Bin/cpp_clean Build_roms/rbl4dvar.f90
ROMS/Bin/cpp_clean Build_roms/sum_imp.f90
ROMS/Bin/cpp_clean Build_roms/stdinp_mod.f90
/usr/bin/cpp -P -traditional -w               -DMPI -DLINUX -DX86_64 -DGFORTRAN -D'ROOT_DIR="/home/tr16/COAWST_3.7"' -DSANDY -D'HEADER="sandy.h"' -D'ROMS_HEADER="/home/tr16/COAWST_3.7/Projects/Sandy/sandy.h"' -DNestedGrids= -D'ANALYTICAL_DIR="/home/tr16/COAWST_3.7/Projects/Sandy"' -D'MY_ANALYTICAL="on"' -D'SVN_URL=""' -D'SVN_REV=""' -IROMS/Include -I/home/tr16/COAWST_3.7/Projects/Sandy -IROMS/Nonlinear -IROMS/Nonlinear/Biology -IROMS/Nonlinear/Sediment -IROMS/Nonlinear/Wec -IROMS/Nonlinear/Vegetation -IROMS/Utility -IROMS/Drivers -IROMS/Functionals -I/home/tr16/COAWST_3.7/Projects/Sandy -ISWAN/Src -IMaster -ICompilers -D'HEADER_DIR="/home/tr16/COAWST_3.7/Projects/Sandy"'  ROMS/Utility/read_biopar.F > Build_roms/read_biopar.f90
/usr/bin/cpp -P -traditional -w               -DMPI -DLINUX -DX86_64 -DGFORTRAN -D'ROOT_DIR="/home/tr16/COAWST_3.7"' -DSANDY -D'HEADER="sandy.h"' -D'ROMS_HEADER="/home/tr16/COAWST_3.7/Projects/Sandy/sandy.h"' -DNestedGrids= -D'ANALYTICAL_DIR="/home/tr16/COAWST_3.7/Projects/Sandy"' -D'MY_ANALYTICAL="on"' -D'SVN_URL=""' -D'SVN_REV=""' -IROMS/Include -I/home/tr16/COAWST_3.7/Projects/Sandy -IROMS/Nonlinear -IROMS/Nonlinear/Biology -IROMS/Nonlinear/Sediment -IROMS/Nonlinear/Wec -IROMS/Nonlinear/Vegetation -IROMS/Utility -IROMS/Drivers -IROMS/Functionals -I/home/tr16/COAWST_3.7/Projects/Sandy -ISWAN/Src -IMaster -ICompilers -D'HEADER_DIR="/home/tr16/COAWST_3.7/Projects/Sandy"'  ROMS/Utility/set_grid.F > Build_roms/set_grid.f90
/usr/bin/cpp -P -traditional -w               -DMPI -DLINUX -DX86_64 -DGFORTRAN -D'ROOT_DIR="/home/tr16/COAWST_3.7"' -DSANDY -D'HEADER="sandy.h"' -D'ROMS_HEADER="/home/tr16/COAWST_3.7/Projects/Sandy/sandy.h"' -DNestedGrids= -D'ANALYTICAL_DIR="/home/tr16/COAWST_3.7/Projects/Sandy"' -D'MY_ANALYTICAL="on"' -D'SVN_URL=""' -D'SVN_REV=""' -IROMS/Include -I/home/tr16/COAWST_3.7/Projects/Sandy -IROMS/Nonlinear -IROMS/Nonlinear/Biology -IROMS/Nonlinear/Sediment -IROMS/Nonlinear/Wec -IROMS/Nonlinear/Vegetation -IROMS/Utility -IROMS/Drivers -IROMS/Functionals -I/home/tr16/COAWST_3.7/Projects/Sandy -ISWAN/Src -IMaster -ICompilers -D'HEADER_DIR="/home/tr16/COAWST_3.7/Projects/Sandy"'  ROMS/Utility/obs_read.F > Build_roms/obs_read.f90
ROMS/Bin/cpp_clean Build_roms/def_gst.f90
/usr/bin/cpp -P -traditional -w               -DMPI -DLINUX -DX86_64 -DGFORTRAN -D'ROOT_DIR="/home/tr16/COAWST_3.7"' -DSANDY -D'HEADER="sandy.h"' -D'ROMS_HEADER="/home/tr16/COAWST_3.7/Projects/Sandy/sandy.h"' -DNestedGrids= -D'ANALYTICAL_DIR="/home/tr16/COAWST_3.7/Projects/Sandy"' -D'MY_ANALYTICAL="on"' -D'SVN_URL=""' -D'SVN_REV=""' -IROMS/Include -I/home/tr16/COAWST_3.7/Projects/Sandy -IROMS/Nonlinear -IROMS/Nonlinear/Biology -IROMS/Nonlinear/Sediment -IROMS/Nonlinear/Wec -IROMS/Nonlinear/Vegetation -IROMS/Utility -IROMS/Drivers -IROMS/Functionals -I/home/tr16/COAWST_3.7/Projects/Sandy -ISWAN/Src -IMaster -ICompilers -D'HEADER_DIR="/home/tr16/COAWST_3.7/Projects/Sandy"'  ROMS/Utility/def_state.F > Build_roms/def_state.f90
ROMS/Bin/cpp_clean Build_roms/regrid.f90
/usr/bin/cpp -P -traditional -w               -DMPI -DLINUX -DX86_64 -DGFORTRAN -D'ROOT_DIR="/home/tr16/COAWST_3.7"' -DSANDY -D'HEADER="sandy.h"' -D'ROMS_HEADER="/home/tr16/COAWST_3.7/Projects/Sandy/sandy.h"' -DNestedGrids= -D'ANALYTICAL_DIR="/home/tr16/COAWST_3.7/Projects/Sandy"' -D'MY_ANALYTICAL="on"' -D'SVN_URL=""' -D'SVN_REV=""' -IROMS/Include -I/home/tr16/COAWST_3.7/Projects/Sandy -IROMS/Nonlinear -IROMS/Nonlinear/Biology -IROMS/Nonlinear/Sediment -IROMS/Nonlinear/Wec -IROMS/Nonlinear/Vegetation -IROMS/Utility -IROMS/Drivers -IROMS/Functionals -I/home/tr16/COAWST_3.7/Projects/Sandy -ISWAN/Src -IMaster -ICompilers -D'HEADER_DIR="/home/tr16/COAWST_3.7/Projects/Sandy"'  ROMS/Utility/ini_lanczos.F > Build_roms/ini_lanczos.f90
/usr/bin/cpp -P -traditional -w               -DMPI -DLINUX -DX86_64 -DGFORTRAN -D'ROOT_DIR="/home/tr16/COAWST_3.7"' -DSANDY -D'HEADER="sandy.h"' -D'ROMS_HEADER="/home/tr16/COAWST_3.7/Projects/Sandy/sandy.h"' -DNestedGrids= -D'ANALYTICAL_DIR="/home/tr16/COAWST_3.7/Projects/Sandy"' -D'MY_ANALYTICAL="on"' -D'SVN_URL=""' -D'SVN_REV=""' -IROMS/Include -I/home/tr16/COAWST_3.7/Projects/Sandy -IROMS/Nonlinear -IROMS/Nonlinear/Biology -IROMS/Nonlinear/Sediment -IROMS/Nonlinear/Wec -IROMS/Nonlinear/Vegetation -IROMS/Utility -IROMS/Drivers -IROMS/Functionals -I/home/tr16/COAWST_3.7/Projects/Sandy -ISWAN/Src -IMaster -ICompilers -D'HEADER_DIR="/home/tr16/COAWST_3.7/Projects/Sandy"'  ROMS/Utility/def_mod.F > Build_roms/def_mod.f90
/usr/bin/cpp -P -traditional -w               -DMPI -DLINUX -DX86_64 -DGFORTRAN -D'ROOT_DIR="/home/tr16/COAWST_3.7"' -DSANDY -D'HEADER="sandy.h"' -D'ROMS_HEADER="/home/tr16/COAWST_3.7/Projects/Sandy/sandy.h"' -DNestedGrids= -D'ANALYTICAL_DIR="/home/tr16/COAWST_3.7/Projects/Sandy"' -D'MY_ANALYTICAL="on"' -D'SVN_URL=""' -D'SVN_REV=""' -IROMS/Include -I/home/tr16/COAWST_3.7/Projects/Sandy -IROMS/Nonlinear -IROMS/Nonlinear/Biology -IROMS/Nonlinear/Sediment -IROMS/Nonlinear/Wec -IROMS/Nonlinear/Vegetation -IROMS/Utility -IROMS/Drivers -IROMS/Functionals -I/home/tr16/COAWST_3.7/Projects/Sandy -ISWAN/Src -IMaster -ICompilers -D'HEADER_DIR="/home/tr16/COAWST_3.7/Projects/Sandy"'  ROMS/Utility/ludcmp.F > Build_roms/ludcmp.f90
ROMS/Bin/cpp_clean Build_roms/interpolate.f90
/usr/bin/cpp -P -traditional -w               -DMPI -DLINUX -DX86_64 -DGFORTRAN -D'ROOT_DIR="/home/tr16/COAWST_3.7"' -DSANDY -D'HEADER="sandy.h"' -D'ROMS_HEADER="/home/tr16/COAWST_3.7/Projects/Sandy/sandy.h"' -DNestedGrids= -D'ANALYTICAL_DIR="/home/tr16/COAWST_3.7/Projects/Sandy"' -D'MY_ANALYTICAL="on"' -D'SVN_URL=""' -D'SVN_REV=""' -IROMS/Include -I/home/tr16/COAWST_3.7/Projects/Sandy -IROMS/Nonlinear -IROMS/Nonlinear/Biology -IROMS/Nonlinear/Sediment -IROMS/Nonlinear/Wec -IROMS/Nonlinear/Vegetation -IROMS/Utility -IROMS/Drivers -IROMS/Functionals -I/home/tr16/COAWST_3.7/Projects/Sandy -ISWAN/Src -IMaster -ICompilers -D'HEADER_DIR="/home/tr16/COAWST_3.7/Projects/Sandy"'  ROMS/Utility/memory.F > Build_roms/memory.f90
ROMS/Bin/cpp_clean Build_roms/def_lanczos.f90
ROMS/Bin/cpp_clean Build_roms/set_weights.f90
/usr/bin/cpp -P -traditional -w               -DMPI -DLINUX -DX86_64 -DGFORTRAN -D'ROOT_DIR="/home/tr16/COAWST_3.7"' -DSANDY -D'HEADER="sandy.h"' -D'ROMS_HEADER="/home/tr16/COAWST_3.7/Projects/Sandy/sandy.h"' -DNestedGrids= -D'ANALYTICAL_DIR="/home/tr16/COAWST_3.7/Projects/Sandy"' -D'MY_ANALYTICAL="on"' -D'SVN_URL=""' -D'SVN_REV=""' -IROMS/Include -I/home/tr16/COAWST_3.7/Projects/Sandy -IROMS/Nonlinear -IROMS/Nonlinear/Biology -IROMS/Nonlinear/Sediment -IROMS/Nonlinear/Wec -IROMS/Nonlinear/Vegetation -IROMS/Utility -IROMS/Drivers -IROMS/Functionals -I/home/tr16/COAWST_3.7/Projects/Sandy -ISWAN/Src -IMaster -ICompilers -D'HEADER_DIR="/home/tr16/COAWST_3.7/Projects/Sandy"'  ROMS/Utility/get_3dfld.F > Build_roms/get_3dfld.f90
/usr/bin/cpp -P -traditional -w               -DMPI -DLINUX -DX86_64 -DGFORTRAN -D'ROOT_DIR="/home/tr16/COAWST_3.7"' -DSANDY -D'HEADER="sandy.h"' -D'ROMS_HEADER="/home/tr16/COAWST_3.7/Projects/Sandy/sandy.h"' -DNestedGrids= -D'ANALYTICAL_DIR="/home/tr16/COAWST_3.7/Projects/Sandy"' -D'MY_ANALYTICAL="on"' -D'SVN_URL=""' -D'SVN_REV=""' -IROMS/Include -I/home/tr16/COAWST_3.7/Projects/Sandy -IROMS/Nonlinear -IROMS/Nonlinear/Biology -IROMS/Nonlinear/Sediment -IROMS/Nonlinear/Wec -IROMS/Nonlinear/Vegetation -IROMS/Utility -IROMS/Drivers -IROMS/Functionals -I/home/tr16/COAWST_3.7/Projects/Sandy -ISWAN/Src -IMaster -ICompilers -D'HEADER_DIR="/home/tr16/COAWST_3.7/Projects/Sandy"'  ROMS/Utility/read_phypar.F > Build_roms/read_phypar.f90
/usr/bin/cpp -P -traditional -w               -DMPI -DLINUX -DX86_64 -DGFORTRAN -D'ROOT_DIR="/home/tr16/COAWST_3.7"' -DSANDY -D'HEADER="sandy.h"' -D'ROMS_HEADER="/home/tr16/COAWST_3.7/Projects/Sandy/sandy.h"' -DNestedGrids= -D'ANALYTICAL_DIR="/home/tr16/COAWST_3.7/Projects/Sandy"' -D'MY_ANALYTICAL="on"' -D'SVN_URL=""' -D'SVN_REV=""' -IROMS/Include -I/home/tr16/COAWST_3.7/Projects/Sandy -IROMS/Nonlinear -IROMS/Nonlinear/Biology -IROMS/Nonlinear/Sediment -IROMS/Nonlinear/Wec -IROMS/Nonlinear/Vegetation -IROMS/Utility -IROMS/Drivers -IROMS/Functionals -I/home/tr16/COAWST_3.7/Projects/Sandy -ISWAN/Src -IMaster -ICompilers -D'HEADER_DIR="/home/tr16/COAWST_3.7/Projects/Sandy"'  ROMS/Utility/def_hessian.F > Build_roms/def_hessian.f90
/usr/bin/cpp -P -traditional -w               -DMPI -DLINUX -DX86_64 -DGFORTRAN -D'ROOT_DIR="/home/tr16/COAWST_3.7"' -DSANDY -D'HEADER="sandy.h"' -D'ROMS_HEADER="/home/tr16/COAWST_3.7/Projects/Sandy/sandy.h"' -DNestedGrids= -D'ANALYTICAL_DIR="/home/tr16/COAWST_3.7/Projects/Sandy"' -D'MY_ANALYTICAL="on"' -D'SVN_URL=""' -D'SVN_REV=""' -IROMS/Include -I/home/tr16/COAWST_3.7/Projects/Sandy -IROMS/Nonlinear -IROMS/Nonlinear/Biology -IROMS/Nonlinear/Sediment -IROMS/Nonlinear/Wec -IROMS/Nonlinear/Vegetation -IROMS/Utility -IROMS/Drivers -IROMS/Functionals -I/home/tr16/COAWST_3.7/Projects/Sandy -ISWAN/Src -IMaster -ICompilers -D'HEADER_DIR="/home/tr16/COAWST_3.7/Projects/Sandy"'  ROMS/Utility/read_asspar.F > Build_roms/read_asspar.f90
/usr/bin/cpp -P -traditional -w               -DMPI -DLINUX -DX86_64 -DGFORTRAN -D'ROOT_DIR="/home/tr16/COAWST_3.7"' -DSANDY -D'HEADER="sandy.h"' -D'ROMS_HEADER="/home/tr16/COAWST_3.7/Projects/Sandy/sandy.h"' -DNestedGrids= -D'ANALYTICAL_DIR="/home/tr16/COAWST_3.7/Projects/Sandy"' -D'MY_ANALYTICAL="on"' -D'SVN_URL=""' -D'SVN_REV=""' -IROMS/Include -I/home/tr16/COAWST_3.7/Projects/Sandy -IROMS/Nonlinear -IROMS/Nonlinear/Biology -IROMS/Nonlinear/Sediment -IROMS/Nonlinear/Wec -IROMS/Nonlinear/Vegetation -IROMS/Utility -IROMS/Drivers -IROMS/Functionals -I/home/tr16/COAWST_3.7/Projects/Sandy -ISWAN/Src -IMaster -ICompilers -D'HEADER_DIR="/home/tr16/COAWST_3.7/Projects/Sandy"'  ROMS/Utility/tides_date.F > Build_roms/tides_date.f90
ROMS/Bin/cpp_clean Build_roms/extract_sta.f90
ROMS/Bin/cpp_clean Build_roms/wrt_floats.f90
ROMS/Bin/cpp_clean Build_roms/wrt_info.f90
ROMS/Bin/cpp_clean Build_roms/lubksb.f90
ROMS/Bin/cpp_clean Build_roms/obs_k2z.f90
ROMS/Bin/cpp_clean Build_roms/get_cycle.f90
/usr/bin/cpp -P -traditional -w               -DMPI -DLINUX -DX86_64 -DGFORTRAN -D'ROOT_DIR="/home/tr16/COAWST_3.7"' -DSANDY -D'HEADER="sandy.h"' -D'ROMS_HEADER="/home/tr16/COAWST_3.7/Projects/Sandy/sandy.h"' -DNestedGrids= -D'ANALYTICAL_DIR="/home/tr16/COAWST_3.7/Projects/Sandy"' -D'MY_ANALYTICAL="on"' -D'SVN_URL=""' -D'SVN_REV=""' -IROMS/Include -I/home/tr16/COAWST_3.7/Projects/Sandy -IROMS/Nonlinear -IROMS/Nonlinear/Biology -IROMS/Nonlinear/Sediment -IROMS/Nonlinear/Wec -IROMS/Nonlinear/Vegetation -IROMS/Utility -IROMS/Drivers -IROMS/Functionals -I/home/tr16/COAWST_3.7/Projects/Sandy -ISWAN/Src -IMaster -ICompilers -D'HEADER_DIR="/home/tr16/COAWST_3.7/Projects/Sandy"'  ROMS/Utility/get_ngfld.F > Build_roms/get_ngfld.f90
/usr/bin/cpp -P -traditional -w               -DMPI -DLINUX -DX86_64 -DGFORTRAN -D'ROOT_DIR="/home/tr16/COAWST_3.7"' -DSANDY -D'HEADER="sandy.h"' -D'ROMS_HEADER="/home/tr16/COAWST_3.7/Projects/Sandy/sandy.h"' -DNestedGrids= -D'ANALYTICAL_DIR="/home/tr16/COAWST_3.7/Projects/Sandy"' -D'MY_ANALYTICAL="on"' -D'SVN_URL=""' -D'SVN_REV=""' -IROMS/Include -I/home/tr16/COAWST_3.7/Projects/Sandy -IROMS/Nonlinear -IROMS/Nonlinear/Biology -IROMS/Nonlinear/Sediment -IROMS/Nonlinear/Wec -IROMS/Nonlinear/Vegetation -IROMS/Utility -IROMS/Drivers -IROMS/Functionals -I/home/tr16/COAWST_3.7/Projects/Sandy -ISWAN/Src -IMaster -ICompilers -D'HEADER_DIR="/home/tr16/COAWST_3.7/Projects/Sandy"'  ROMS/Utility/set_filter.F > Build_roms/set_filter.f90
ROMS/Bin/cpp_clean Build_roms/stats_modobs.f90
/usr/bin/cpp -P -traditional -w               -DMPI -DLINUX -DX86_64 -DGFORTRAN -D'ROOT_DIR="/home/tr16/COAWST_3.7"' -DSANDY -D'HEADER="sandy.h"' -D'ROMS_HEADER="/home/tr16/COAWST_3.7/Projects/Sandy/sandy.h"' -DNestedGrids= -D'ANALYTICAL_DIR="/home/tr16/COAWST_3.7/Projects/Sandy"' -D'MY_ANALYTICAL="on"' -D'SVN_URL=""' -D'SVN_REV=""' -IROMS/Include -I/home/tr16/COAWST_3.7/Projects/Sandy -IROMS/Nonlinear -IROMS/Nonlinear/Biology -IROMS/Nonlinear/Sediment -IROMS/Nonlinear/Wec -IROMS/Nonlinear/Vegetation -IROMS/Utility -IROMS/Drivers -IROMS/Functionals -I/home/tr16/COAWST_3.7/Projects/Sandy -ISWAN/Src -IMaster -ICompilers -D'HEADER_DIR="/home/tr16/COAWST_3.7/Projects/Sandy"'  ROMS/Utility/get_2dfld.F > Build_roms/get_2dfld.f90
ROMS/Bin/cpp_clean Build_roms/checkadj.f90
ROMS/Bin/cpp_clean Build_roms/wrt_state.f90
/usr/bin/cpp -P -traditional -w               -DMPI -DLINUX -DX86_64 -DGFORTRAN -D'ROOT_DIR="/home/tr16/COAWST_3.7"' -DSANDY -D'HEADER="sandy.h"' -D'ROMS_HEADER="/home/tr16/COAWST_3.7/Projects/Sandy/sandy.h"' -DNestedGrids= -D'ANALYTICAL_DIR="/home/tr16/COAWST_3.7/Projects/Sandy"' -D'MY_ANALYTICAL="on"' -D'SVN_URL=""' -D'SVN_REV=""' -IROMS/Include -I/home/tr16/COAWST_3.7/Projects/Sandy -IROMS/Nonlinear -IROMS/Nonlinear/Biology -IROMS/Nonlinear/Sediment -IROMS/Nonlinear/Wec -IROMS/Nonlinear/Vegetation -IROMS/Utility -IROMS/Drivers -IROMS/Functionals -I/home/tr16/COAWST_3.7/Projects/Sandy -ISWAN/Src -IMaster -ICompilers -D'HEADER_DIR="/home/tr16/COAWST_3.7/Projects/Sandy"'  ROMS/Utility/state_read.F > Build_roms/state_read.f90
ROMS/Bin/cpp_clean Build_roms/timers.f90
/usr/bin/cpp -P -traditional -w               -DMPI -DLINUX -DX86_64 -DGFORTRAN -D'ROOT_DIR="/home/tr16/COAWST_3.7"' -DSANDY -D'HEADER="sandy.h"' -D'ROMS_HEADER="/home/tr16/COAWST_3.7/Projects/Sandy/sandy.h"' -DNestedGrids= -D'ANALYTICAL_DIR="/home/tr16/COAWST_3.7/Projects/Sandy"' -D'MY_ANALYTICAL="on"' -D'SVN_URL=""' -D'SVN_REV=""' -IROMS/Include -I/home/tr16/COAWST_3.7/Projects/Sandy -IROMS/Nonlinear -IROMS/Nonlinear/Biology -IROMS/Nonlinear/Sediment -IROMS/Nonlinear/Wec -IROMS/Nonlinear/Vegetation -IROMS/Utility -IROMS/Drivers -IROMS/Functionals -I/home/tr16/COAWST_3.7/Projects/Sandy -ISWAN/Src -IMaster -ICompilers -D'HEADER_DIR="/home/tr16/COAWST_3.7/Projects/Sandy"'  ROMS/Utility/read_fltbiopar.F > Build_roms/read_fltbiopar.f90
/usr/bin/cpp -P -traditional -w               -DMPI -DLINUX -DX86_64 -DGFORTRAN -D'ROOT_DIR="/home/tr16/COAWST_3.7"' -DSANDY -D'HEADER="sandy.h"' -D'ROMS_HEADER="/home/tr16/COAWST_3.7/Projects/Sandy/sandy.h"' -DNestedGrids= -D'ANALYTICAL_DIR="/home/tr16/COAWST_3.7/Projects/Sandy"' -D'MY_ANALYTICAL="on"' -D'SVN_URL=""' -D'SVN_REV=""' -IROMS/Include -I/home/tr16/COAWST_3.7/Projects/Sandy -IROMS/Nonlinear -IROMS/Nonlinear/Biology -IROMS/Nonlinear/Sediment -IROMS/Nonlinear/Wec -IROMS/Nonlinear/Vegetation -IROMS/Utility -IROMS/Drivers -IROMS/Functionals -I/home/tr16/COAWST_3.7/Projects/Sandy -ISWAN/Src -IMaster -ICompilers -D'HEADER_DIR="/home/tr16/COAWST_3.7/Projects/Sandy"'  ROMS/Utility/wrt_diags.F > Build_roms/wrt_diags.f90
/usr/bin/cpp -P -traditional -w               -DMPI -DLINUX -DX86_64 -DGFORTRAN -D'ROOT_DIR="/home/tr16/COAWST_3.7"' -DSANDY -D'HEADER="sandy.h"' -D'ROMS_HEADER="/home/tr16/COAWST_3.7/Projects/Sandy/sandy.h"' -DNestedGrids= -D'ANALYTICAL_DIR="/home/tr16/COAWST_3.7/Projects/Sandy"' -D'MY_ANALYTICAL="on"' -D'SVN_URL=""' -D'SVN_REV=""' -IROMS/Include -I/home/tr16/COAWST_3.7/Projects/Sandy -IROMS/Nonlinear -IROMS/Nonlinear/Biology -IROMS/Nonlinear/Sediment -IROMS/Nonlinear/Wec -IROMS/Nonlinear/Vegetation -IROMS/Utility -IROMS/Drivers -IROMS/Functionals -I/home/tr16/COAWST_3.7/Projects/Sandy -ISWAN/Src -IMaster -ICompilers -D'HEADER_DIR="/home/tr16/COAWST_3.7/Projects/Sandy"'  ROMS/Utility/nf_fwrite4d.F > Build_roms/nf_fwrite4d.f90
/usr/bin/cpp -P -traditional -w               -DMPI -DLINUX -DX86_64 -DGFORTRAN -D'ROOT_DIR="/home/tr16/COAWST_3.7"' -DSANDY -D'HEADER="sandy.h"' -D'ROMS_HEADER="/home/tr16/COAWST_3.7/Projects/Sandy/sandy.h"' -DNestedGrids= -D'ANALYTICAL_DIR="/home/tr16/COAWST_3.7/Projects/Sandy"' -D'MY_ANALYTICAL="on"' -D'SVN_URL=""' -D'SVN_REV=""' -IROMS/Include -I/home/tr16/COAWST_3.7/Projects/Sandy -IROMS/Nonlinear -IROMS/Nonlinear/Biology -IROMS/Nonlinear/Sediment -IROMS/Nonlinear/Wec -IROMS/Nonlinear/Vegetation -IROMS/Utility -IROMS/Drivers -IROMS/Functionals -I/home/tr16/COAWST_3.7/Projects/Sandy -ISWAN/Src -IMaster -ICompilers -D'HEADER_DIR="/home/tr16/COAWST_3.7/Projects/Sandy"'  ROMS/Utility/def_diags.F > Build_roms/def_diags.f90
/usr/bin/cpp -P -traditional -w               -DMPI -DLINUX -DX86_64 -DGFORTRAN -D'ROOT_DIR="/home/tr16/COAWST_3.7"' -DSANDY -D'HEADER="sandy.h"' -D'ROMS_HEADER="/home/tr16/COAWST_3.7/Projects/Sandy/sandy.h"' -DNestedGrids= -D'ANALYTICAL_DIR="/home/tr16/COAWST_3.7/Projects/Sandy"' -D'MY_ANALYTICAL="on"' -D'SVN_URL=""' -D'SVN_REV=""' -IROMS/Include -I/home/tr16/COAWST_3.7/Projects/Sandy -IROMS/Nonlinear -IROMS/Nonlinear/Biology -IROMS/Nonlinear/Sediment -IROMS/Nonlinear/Wec -IROMS/Nonlinear/Vegetation -IROMS/Utility -IROMS/Drivers -IROMS/Functionals -I/home/tr16/COAWST_3.7/Projects/Sandy -ISWAN/Src -IMaster -ICompilers -D'HEADER_DIR="/home/tr16/COAWST_3.7/Projects/Sandy"'  ROMS/Utility/extract_obs.F > Build_roms/extract_obs.f90
/usr/bin/cpp -P -traditional -w               -DMPI -DLINUX -DX86_64 -DGFORTRAN -D'ROOT_DIR="/home/tr16/COAWST_3.7"' -DSANDY -D'HEADER="sandy.h"' -D'ROMS_HEADER="/home/tr16/COAWST_3.7/Projects/Sandy/sandy.h"' -DNestedGrids= -D'ANALYTICAL_DIR="/home/tr16/COAWST_3.7/Projects/Sandy"' -D'MY_ANALYTICAL="on"' -D'SVN_URL=""' -D'SVN_REV=""' -IROMS/Include -I/home/tr16/COAWST_3.7/Projects/Sandy -IROMS/Nonlinear -IROMS/Nonlinear/Biology -IROMS/Nonlinear/Sediment -IROMS/Nonlinear/Wec -IROMS/Nonlinear/Vegetation -IROMS/Utility -IROMS/Drivers -IROMS/Functionals -I/home/tr16/COAWST_3.7/Projects/Sandy -ISWAN/Src -IMaster -ICompilers -D'HEADER_DIR="/home/tr16/COAWST_3.7/Projects/Sandy"'  ROMS/Utility/tadv.F > Build_roms/tadv.f90
ROMS/Bin/cpp_clean Build_roms/read_biopar.f90
/usr/bin/cpp -P -traditional -w               -DMPI -DLINUX -DX86_64 -DGFORTRAN -D'ROOT_DIR="/home/tr16/COAWST_3.7"' -DSANDY -D'HEADER="sandy.h"' -D'ROMS_HEADER="/home/tr16/COAWST_3.7/Projects/Sandy/sandy.h"' -DNestedGrids= -D'ANALYTICAL_DIR="/home/tr16/COAWST_3.7/Projects/Sandy"' -D'MY_ANALYTICAL="on"' -D'SVN_URL=""' -D'SVN_REV=""' -IROMS/Include -I/home/tr16/COAWST_3.7/Projects/Sandy -IROMS/Nonlinear -IROMS/Nonlinear/Biology -IROMS/Nonlinear/Sediment -IROMS/Nonlinear/Wec -IROMS/Nonlinear/Vegetation -IROMS/Utility -IROMS/Drivers -IROMS/Functionals -I/home/tr16/COAWST_3.7/Projects/Sandy -ISWAN/Src -IMaster -ICompilers -D'HEADER_DIR="/home/tr16/COAWST_3.7/Projects/Sandy"'  ROMS/Utility/set_ngfldr.F > Build_roms/set_ngfldr.f90
/usr/bin/cpp -P -traditional -w               -DMPI -DLINUX -DX86_64 -DGFORTRAN -D'ROOT_DIR="/home/tr16/COAWST_3.7"' -DSANDY -D'HEADER="sandy.h"' -D'ROMS_HEADER="/home/tr16/COAWST_3.7/Projects/Sandy/sandy.h"' -DNestedGrids= -D'ANALYTICAL_DIR="/home/tr16/COAWST_3.7/Projects/Sandy"' -D'MY_ANALYTICAL="on"' -D'SVN_URL=""' -D'SVN_REV=""' -IROMS/Include -I/home/tr16/COAWST_3.7/Projects/Sandy -IROMS/Nonlinear -IROMS/Nonlinear/Biology -IROMS/Nonlinear/Sediment -IROMS/Nonlinear/Wec -IROMS/Nonlinear/Vegetation -IROMS/Utility -IROMS/Drivers -IROMS/Functionals -I/home/tr16/COAWST_3.7/Projects/Sandy -ISWAN/Src -IMaster -ICompilers -D'HEADER_DIR="/home/tr16/COAWST_3.7/Projects/Sandy"'  ROMS/Utility/wrt_rst.F > Build_roms/wrt_rst.f90
ROMS/Bin/cpp_clean Build_roms/set_grid.f90
ROMS/Bin/cpp_clean Build_roms/obs_read.f90
/usr/bin/cpp -P -traditional -w               -DMPI -DLINUX -DX86_64 -DGFORTRAN -D'ROOT_DIR="/home/tr16/COAWST_3.7"' -DSANDY -D'HEADER="sandy.h"' -D'ROMS_HEADER="/home/tr16/COAWST_3.7/Projects/Sandy/sandy.h"' -DNestedGrids= -D'ANALYTICAL_DIR="/home/tr16/COAWST_3.7/Projects/Sandy"' -D'MY_ANALYTICAL="on"' -D'SVN_URL=""' -D'SVN_REV=""' -IROMS/Include -I/home/tr16/COAWST_3.7/Projects/Sandy -IROMS/Nonlinear -IROMS/Nonlinear/Biology -IROMS/Nonlinear/Sediment -IROMS/Nonlinear/Wec -IROMS/Nonlinear/Vegetation -IROMS/Utility -IROMS/Drivers -IROMS/Functionals -I/home/tr16/COAWST_3.7/Projects/Sandy -ISWAN/Src -IMaster -ICompilers -D'HEADER_DIR="/home/tr16/COAWST_3.7/Projects/Sandy"'  ROMS/Utility/set_ngfld.F > Build_roms/set_ngfld.f90
/usr/bin/cpp -P -traditional -w               -DMPI -DLINUX -DX86_64 -DGFORTRAN -D'ROOT_DIR="/home/tr16/COAWST_3.7"' -DSANDY -D'HEADER="sandy.h"' -D'ROMS_HEADER="/home/tr16/COAWST_3.7/Projects/Sandy/sandy.h"' -DNestedGrids= -D'ANALYTICAL_DIR="/home/tr16/COAWST_3.7/Projects/Sandy"' -D'MY_ANALYTICAL="on"' -D'SVN_URL=""' -D'SVN_REV=""' -IROMS/Include -I/home/tr16/COAWST_3.7/Projects/Sandy -IROMS/Nonlinear -IROMS/Nonlinear/Biology -IROMS/Nonlinear/Sediment -IROMS/Nonlinear/Wec -IROMS/Nonlinear/Vegetation -IROMS/Utility -IROMS/Drivers -IROMS/Functionals -I/home/tr16/COAWST_3.7/Projects/Sandy -ISWAN/Src -IMaster -ICompilers -D'HEADER_DIR="/home/tr16/COAWST_3.7/Projects/Sandy"'  ROMS/Utility/def_station.F > Build_roms/def_station.f90
ROMS/Bin/cpp_clean Build_roms/def_state.f90
ROMS/Bin/cpp_clean Build_roms/ini_lanczos.f90
ROMS/Bin/cpp_clean Build_roms/ludcmp.f90
/usr/bin/cpp -P -traditional -w               -DMPI -DLINUX -DX86_64 -DGFORTRAN -D'ROOT_DIR="/home/tr16/COAWST_3.7"' -DSANDY -D'HEADER="sandy.h"' -D'ROMS_HEADER="/home/tr16/COAWST_3.7/Projects/Sandy/sandy.h"' -DNestedGrids= -D'ANALYTICAL_DIR="/home/tr16/COAWST_3.7/Projects/Sandy"' -D'MY_ANALYTICAL="on"' -D'SVN_URL=""' -D'SVN_REV=""' -IROMS/Include -I/home/tr16/COAWST_3.7/Projects/Sandy -IROMS/Nonlinear -IROMS/Nonlinear/Biology -IROMS/Nonlinear/Sediment -IROMS/Nonlinear/Wec -IROMS/Nonlinear/Vegetation -IROMS/Utility -IROMS/Drivers -IROMS/Functionals -I/home/tr16/COAWST_3.7/Projects/Sandy -ISWAN/Src -IMaster -ICompilers -D'HEADER_DIR="/home/tr16/COAWST_3.7/Projects/Sandy"'  ROMS/Utility/obs_initial.F > Build_roms/obs_initial.f90
ROMS/Bin/cpp_clean Build_roms/def_mod.f90
/usr/bin/cpp -P -traditional -w               -DMPI -DLINUX -DX86_64 -DGFORTRAN -D'ROOT_DIR="/home/tr16/COAWST_3.7"' -DSANDY -D'HEADER="sandy.h"' -D'ROMS_HEADER="/home/tr16/COAWST_3.7/Projects/Sandy/sandy.h"' -DNestedGrids= -D'ANALYTICAL_DIR="/home/tr16/COAWST_3.7/Projects/Sandy"' -D'MY_ANALYTICAL="on"' -D'SVN_URL=""' -D'SVN_REV=""' -IROMS/Include -I/home/tr16/COAWST_3.7/Projects/Sandy -IROMS/Nonlinear -IROMS/Nonlinear/Biology -IROMS/Nonlinear/Sediment -IROMS/Nonlinear/Wec -IROMS/Nonlinear/Vegetation -IROMS/Utility -IROMS/Drivers -IROMS/Functionals -I/home/tr16/COAWST_3.7/Projects/Sandy -ISWAN/Src -IMaster -ICompilers -D'HEADER_DIR="/home/tr16/COAWST_3.7/Projects/Sandy"'  ROMS/Utility/wrt_evolved.F > Build_roms/wrt_evolved.f90
/usr/bin/cpp -P -traditional -w               -DMPI -DLINUX -DX86_64 -DGFORTRAN -D'ROOT_DIR="/home/tr16/COAWST_3.7"' -DSANDY -D'HEADER="sandy.h"' -D'ROMS_HEADER="/home/tr16/COAWST_3.7/Projects/Sandy/sandy.h"' -DNestedGrids= -D'ANALYTICAL_DIR="/home/tr16/COAWST_3.7/Projects/Sandy"' -D'MY_ANALYTICAL="on"' -D'SVN_URL=""' -D'SVN_REV=""' -IROMS/Include -I/home/tr16/COAWST_3.7/Projects/Sandy -IROMS/Nonlinear -IROMS/Nonlinear/Biology -IROMS/Nonlinear/Sediment -IROMS/Nonlinear/Wec -IROMS/Nonlinear/Vegetation -IROMS/Utility -IROMS/Drivers -IROMS/Functionals -I/home/tr16/COAWST_3.7/Projects/Sandy -ISWAN/Src -IMaster -ICompilers -D'HEADER_DIR="/home/tr16/COAWST_3.7/Projects/Sandy"'  ROMS/Utility/set_diags.F > Build_roms/set_diags.f90
/usr/bin/cpp -P -traditional -w               -DMPI -DLINUX -DX86_64 -DGFORTRAN -D'ROOT_DIR="/home/tr16/COAWST_3.7"' -DSANDY -D'HEADER="sandy.h"' -D'ROMS_HEADER="/home/tr16/COAWST_3.7/Projects/Sandy/sandy.h"' -DNestedGrids= -D'ANALYTICAL_DIR="/home/tr16/COAWST_3.7/Projects/Sandy"' -D'MY_ANALYTICAL="on"' -D'SVN_URL=""' -D'SVN_REV=""' -IROMS/Include -I/home/tr16/COAWST_3.7/Projects/Sandy -IROMS/Nonlinear -IROMS/Nonlinear/Biology -IROMS/Nonlinear/Sediment -IROMS/Nonlinear/Wec -IROMS/Nonlinear/Vegetation -IROMS/Utility -IROMS/Drivers -IROMS/Functionals -I/home/tr16/COAWST_3.7/Projects/Sandy -ISWAN/Src -IMaster -ICompilers -D'HEADER_DIR="/home/tr16/COAWST_3.7/Projects/Sandy"'  ROMS/Utility/wrt_impulse.F > Build_roms/wrt_impulse.f90
ROMS/Bin/cpp_clean Build_roms/memory.f90
/usr/bin/cpp -P -traditional -w               -DMPI -DLINUX -DX86_64 -DGFORTRAN -D'ROOT_DIR="/home/tr16/COAWST_3.7"' -DSANDY -D'HEADER="sandy.h"' -D'ROMS_HEADER="/home/tr16/COAWST_3.7/Projects/Sandy/sandy.h"' -DNestedGrids= -D'ANALYTICAL_DIR="/home/tr16/COAWST_3.7/Projects/Sandy"' -D'MY_ANALYTICAL="on"' -D'SVN_URL=""' -D'SVN_REV=""' -IROMS/Include -I/home/tr16/COAWST_3.7/Projects/Sandy -IROMS/Nonlinear -IROMS/Nonlinear/Biology -IROMS/Nonlinear/Sediment -IROMS/Nonlinear/Wec -IROMS/Nonlinear/Vegetation -IROMS/Utility -IROMS/Drivers -IROMS/Functionals -I/home/tr16/COAWST_3.7/Projects/Sandy -ISWAN/Src -IMaster -ICompilers -D'HEADER_DIR="/home/tr16/COAWST_3.7/Projects/Sandy"'  ROMS/Utility/set_3dfldr.F > Build_roms/set_3dfldr.f90
/usr/bin/cpp -P -traditional -w               -DMPI -DLINUX -DX86_64 -DGFORTRAN -D'ROOT_DIR="/home/tr16/COAWST_3.7"' -DSANDY -D'HEADER="sandy.h"' -D'ROMS_HEADER="/home/tr16/COAWST_3.7/Projects/Sandy/sandy.h"' -DNestedGrids= -D'ANALYTICAL_DIR="/home/tr16/COAWST_3.7/Projects/Sandy"' -D'MY_ANALYTICAL="on"' -D'SVN_URL=""' -D'SVN_REV=""' -IROMS/Include -I/home/tr16/COAWST_3.7/Projects/Sandy -IROMS/Nonlinear -IROMS/Nonlinear/Biology -IROMS/Nonlinear/Sediment -IROMS/Nonlinear/Wec -IROMS/Nonlinear/Vegetation -IROMS/Utility -IROMS/Drivers -IROMS/Functionals -I/home/tr16/COAWST_3.7/Projects/Sandy -ISWAN/Src -IMaster -ICompilers -D'HEADER_DIR="/home/tr16/COAWST_3.7/Projects/Sandy"'  ROMS/Utility/read_couplepar.F > Build_roms/read_couplepar.f90
ROMS/Bin/cpp_clean Build_roms/get_3dfld.f90
/usr/bin/cpp -P -traditional -w               -DMPI -DLINUX -DX86_64 -DGFORTRAN -D'ROOT_DIR="/home/tr16/COAWST_3.7"' -DSANDY -D'HEADER="sandy.h"' -D'ROMS_HEADER="/home/tr16/COAWST_3.7/Projects/Sandy/sandy.h"' -DNestedGrids= -D'ANALYTICAL_DIR="/home/tr16/COAWST_3.7/Projects/Sandy"' -D'MY_ANALYTICAL="on"' -D'SVN_URL=""' -D'SVN_REV=""' -IROMS/Include -I/home/tr16/COAWST_3.7/Projects/Sandy -IROMS/Nonlinear -IROMS/Nonlinear/Biology -IROMS/Nonlinear/Sediment -IROMS/Nonlinear/Wec -IROMS/Nonlinear/Vegetation -IROMS/Utility -IROMS/Drivers -IROMS/Functionals -I/home/tr16/COAWST_3.7/Projects/Sandy -ISWAN/Src -IMaster -ICompilers -D'HEADER_DIR="/home/tr16/COAWST_3.7/Projects/Sandy"'  ROMS/Utility/wrt_quick.F > Build_roms/wrt_quick.f90
/usr/bin/cpp -P -traditional -w               -DMPI -DLINUX -DX86_64 -DGFORTRAN -D'ROOT_DIR="/home/tr16/COAWST_3.7"' -DSANDY -D'HEADER="sandy.h"' -D'ROMS_HEADER="/home/tr16/COAWST_3.7/Projects/Sandy/sandy.h"' -DNestedGrids= -D'ANALYTICAL_DIR="/home/tr16/COAWST_3.7/Projects/Sandy"' -D'MY_ANALYTICAL="on"' -D'SVN_URL=""' -D'SVN_REV=""' -IROMS/Include -I/home/tr16/COAWST_3.7/Projects/Sandy -IROMS/Nonlinear -IROMS/Nonlinear/Biology -IROMS/Nonlinear/Sediment -IROMS/Nonlinear/Wec -IROMS/Nonlinear/Vegetation -IROMS/Utility -IROMS/Drivers -IROMS/Functionals -I/home/tr16/COAWST_3.7/Projects/Sandy -ISWAN/Src -IMaster -ICompilers -D'HEADER_DIR="/home/tr16/COAWST_3.7/Projects/Sandy"'  ROMS/Utility/grid_coords.F > Build_roms/grid_coords.f90
ROMS/Bin/cpp_clean Build_roms/def_hessian.f90
/usr/bin/cpp -P -traditional -w               -DMPI -DLINUX -DX86_64 -DGFORTRAN -D'ROOT_DIR="/home/tr16/COAWST_3.7"' -DSANDY -D'HEADER="sandy.h"' -D'ROMS_HEADER="/home/tr16/COAWST_3.7/Projects/Sandy/sandy.h"' -DNestedGrids= -D'ANALYTICAL_DIR="/home/tr16/COAWST_3.7/Projects/Sandy"' -D'MY_ANALYTICAL="on"' -D'SVN_URL=""' -D'SVN_REV=""' -IROMS/Include -I/home/tr16/COAWST_3.7/Projects/Sandy -IROMS/Nonlinear -IROMS/Nonlinear/Biology -IROMS/Nonlinear/Sediment -IROMS/Nonlinear/Wec -IROMS/Nonlinear/Vegetation -IROMS/Utility -IROMS/Drivers -IROMS/Functionals -I/home/tr16/COAWST_3.7/Projects/Sandy -ISWAN/Src -IMaster -ICompilers -D'HEADER_DIR="/home/tr16/COAWST_3.7/Projects/Sandy"'  ROMS/Utility/get_2dfldr.F > Build_roms/get_2dfldr.f90
ROMS/Bin/cpp_clean Build_roms/tides_date.f90
ROMS/Bin/cpp_clean Build_roms/read_asspar.f90
/usr/bin/cpp -P -traditional -w               -DMPI -DLINUX -DX86_64 -DGFORTRAN -D'ROOT_DIR="/home/tr16/COAWST_3.7"' -DSANDY -D'HEADER="sandy.h"' -D'ROMS_HEADER="/home/tr16/COAWST_3.7/Projects/Sandy/sandy.h"' -DNestedGrids= -D'ANALYTICAL_DIR="/home/tr16/COAWST_3.7/Projects/Sandy"' -D'MY_ANALYTICAL="on"' -D'SVN_URL=""' -D'SVN_REV=""' -IROMS/Include -I/home/tr16/COAWST_3.7/Projects/Sandy -IROMS/Nonlinear -IROMS/Nonlinear/Biology -IROMS/Nonlinear/Sediment -IROMS/Nonlinear/Wec -IROMS/Nonlinear/Vegetation -IROMS/Utility -IROMS/Drivers -IROMS/Functionals -I/home/tr16/COAWST_3.7/Projects/Sandy -ISWAN/Src -IMaster -ICompilers -D'HEADER_DIR="/home/tr16/COAWST_3.7/Projects/Sandy"'  ROMS/Utility/mp_routines.F > Build_roms/mp_routines.f90
/usr/bin/cpp -P -traditional -w               -DMPI -DLINUX -DX86_64 -DGFORTRAN -D'ROOT_DIR="/home/tr16/COAWST_3.7"' -DSANDY -D'HEADER="sandy.h"' -D'ROMS_HEADER="/home/tr16/COAWST_3.7/Projects/Sandy/sandy.h"' -DNestedGrids= -D'ANALYTICAL_DIR="/home/tr16/COAWST_3.7/Projects/Sandy"' -D'MY_ANALYTICAL="on"' -D'SVN_URL=""' -D'SVN_REV=""' -IROMS/Include -I/home/tr16/COAWST_3.7/Projects/Sandy -IROMS/Nonlinear -IROMS/Nonlinear/Biology -IROMS/Nonlinear/Sediment -IROMS/Nonlinear/Wec -IROMS/Nonlinear/Vegetation -IROMS/Utility -IROMS/Drivers -IROMS/Functionals -I/home/tr16/COAWST_3.7/Projects/Sandy -ISWAN/Src -IMaster -ICompilers -D'HEADER_DIR="/home/tr16/COAWST_3.7/Projects/Sandy"'  ROMS/Utility/get_gst.F > Build_roms/get_gst.f90
/usr/bin/cpp -P -traditional -w               -DMPI -DLINUX -DX86_64 -DGFORTRAN -D'ROOT_DIR="/home/tr16/COAWST_3.7"' -DSANDY -D'HEADER="sandy.h"' -D'ROMS_HEADER="/home/tr16/COAWST_3.7/Projects/Sandy/sandy.h"' -DNestedGrids= -D'ANALYTICAL_DIR="/home/tr16/COAWST_3.7/Projects/Sandy"' -D'MY_ANALYTICAL="on"' -D'SVN_URL=""' -D'SVN_REV=""' -IROMS/Include -I/home/tr16/COAWST_3.7/Projects/Sandy -IROMS/Nonlinear -IROMS/Nonlinear/Biology -IROMS/Nonlinear/Sediment -IROMS/Nonlinear/Wec -IROMS/Nonlinear/Vegetation -IROMS/Utility -IROMS/Drivers -IROMS/Functionals -I/home/tr16/COAWST_3.7/Projects/Sandy -ISWAN/Src -IMaster -ICompilers -D'HEADER_DIR="/home/tr16/COAWST_3.7/Projects/Sandy"'  ROMS/Utility/wrt_his.F > Build_roms/wrt_his.f90
ROMS/Bin/cpp_clean Build_roms/get_ngfld.f90
ROMS/Bin/cpp_clean Build_roms/read_phypar.f90
ROMS/Bin/cpp_clean Build_roms/set_filter.f90
/usr/bin/cpp -P -traditional -w               -DMPI -DLINUX -DX86_64 -DGFORTRAN -D'ROOT_DIR="/home/tr16/COAWST_3.7"' -DSANDY -D'HEADER="sandy.h"' -D'ROMS_HEADER="/home/tr16/COAWST_3.7/Projects/Sandy/sandy.h"' -DNestedGrids= -D'ANALYTICAL_DIR="/home/tr16/COAWST_3.7/Projects/Sandy"' -D'MY_ANALYTICAL="on"' -D'SVN_URL=""' -D'SVN_REV=""' -IROMS/Include -I/home/tr16/COAWST_3.7/Projects/Sandy -IROMS/Nonlinear -IROMS/Nonlinear/Biology -IROMS/Nonlinear/Sediment -IROMS/Nonlinear/Wec -IROMS/Nonlinear/Vegetation -IROMS/Utility -IROMS/Drivers -IROMS/Functionals -I/home/tr16/COAWST_3.7/Projects/Sandy -ISWAN/Src -IMaster -ICompilers -D'HEADER_DIR="/home/tr16/COAWST_3.7/Projects/Sandy"'  ROMS/Utility/def_floats.F > Build_roms/def_floats.f90
ROMS/Bin/cpp_clean Build_roms/get_2dfld.f90
ROMS/Bin/cpp_clean Build_roms/state_read.f90
/usr/bin/cpp -P -traditional -w               -DMPI -DLINUX -DX86_64 -DGFORTRAN -D'ROOT_DIR="/home/tr16/COAWST_3.7"' -DSANDY -D'HEADER="sandy.h"' -D'ROMS_HEADER="/home/tr16/COAWST_3.7/Projects/Sandy/sandy.h"' -DNestedGrids= -D'ANALYTICAL_DIR="/home/tr16/COAWST_3.7/Projects/Sandy"' -D'MY_ANALYTICAL="on"' -D'SVN_URL=""' -D'SVN_REV=""' -IROMS/Include -I/home/tr16/COAWST_3.7/Projects/Sandy -IROMS/Nonlinear -IROMS/Nonlinear/Biology -IROMS/Nonlinear/Sediment -IROMS/Nonlinear/Wec -IROMS/Nonlinear/Vegetation -IROMS/Utility -IROMS/Drivers -IROMS/Functionals -I/home/tr16/COAWST_3.7/Projects/Sandy -ISWAN/Src -IMaster -ICompilers -D'HEADER_DIR="/home/tr16/COAWST_3.7/Projects/Sandy"'  ROMS/Utility/def_his.F > Build_roms/def_his.f90
ROMS/Bin/cpp_clean Build_roms/read_fltbiopar.f90
ROMS/Bin/cpp_clean Build_roms/wrt_diags.f90
ROMS/Bin/cpp_clean Build_roms/nf_fwrite4d.f90
/usr/bin/cpp -P -traditional -w               -DMPI -DLINUX -DX86_64 -DGFORTRAN -D'ROOT_DIR="/home/tr16/COAWST_3.7"' -DSANDY -D'HEADER="sandy.h"' -D'ROMS_HEADER="/home/tr16/COAWST_3.7/Projects/Sandy/sandy.h"' -DNestedGrids= -D'ANALYTICAL_DIR="/home/tr16/COAWST_3.7/Projects/Sandy"' -D'MY_ANALYTICAL="on"' -D'SVN_URL=""' -D'SVN_REV=""' -IROMS/Include -I/home/tr16/COAWST_3.7/Projects/Sandy -IROMS/Nonlinear -IROMS/Nonlinear/Biology -IROMS/Nonlinear/Sediment -IROMS/Nonlinear/Wec -IROMS/Nonlinear/Vegetation -IROMS/Utility -IROMS/Drivers -IROMS/Functionals -I/home/tr16/COAWST_3.7/Projects/Sandy -ISWAN/Src -IMaster -ICompilers -D'HEADER_DIR="/home/tr16/COAWST_3.7/Projects/Sandy"'  ROMS/Utility/lbc.F > Build_roms/lbc.f90
ROMS/Bin/cpp_clean Build_roms/def_diags.f90
ROMS/Bin/cpp_clean Build_roms/extract_obs.f90
/usr/bin/cpp -P -traditional -w               -DMPI -DLINUX -DX86_64 -DGFORTRAN -D'ROOT_DIR="/home/tr16/COAWST_3.7"' -DSANDY -D'HEADER="sandy.h"' -D'ROMS_HEADER="/home/tr16/COAWST_3.7/Projects/Sandy/sandy.h"' -DNestedGrids= -D'ANALYTICAL_DIR="/home/tr16/COAWST_3.7/Projects/Sandy"' -D'MY_ANALYTICAL="on"' -D'SVN_URL=""' -D'SVN_REV=""' -IROMS/Include -I/home/tr16/COAWST_3.7/Projects/Sandy -IROMS/Nonlinear -IROMS/Nonlinear/Biology -IROMS/Nonlinear/Sediment -IROMS/Nonlinear/Wec -IROMS/Nonlinear/Vegetation -IROMS/Utility -IROMS/Drivers -IROMS/Functionals -I/home/tr16/COAWST_3.7/Projects/Sandy -ISWAN/Src -IMaster -ICompilers -D'HEADER_DIR="/home/tr16/COAWST_3.7/Projects/Sandy"'  ROMS/Utility/set_contact.F > Build_roms/set_contact.f90
ROMS/Bin/cpp_clean Build_roms/tadv.f90
ROMS/Bin/cpp_clean Build_roms/set_ngfldr.f90
/usr/bin/cpp -P -traditional -w               -DMPI -DLINUX -DX86_64 -DGFORTRAN -D'ROOT_DIR="/home/tr16/COAWST_3.7"' -DSANDY -D'HEADER="sandy.h"' -D'ROMS_HEADER="/home/tr16/COAWST_3.7/Projects/Sandy/sandy.h"' -DNestedGrids= -D'ANALYTICAL_DIR="/home/tr16/COAWST_3.7/Projects/Sandy"' -D'MY_ANALYTICAL="on"' -D'SVN_URL=""' -D'SVN_REV=""' -IROMS/Include -I/home/tr16/COAWST_3.7/Projects/Sandy -IROMS/Nonlinear -IROMS/Nonlinear/Biology -IROMS/Nonlinear/Sediment -IROMS/Nonlinear/Wec -IROMS/Nonlinear/Vegetation -IROMS/Utility -IROMS/Drivers -IROMS/Functionals -I/home/tr16/COAWST_3.7/Projects/Sandy -ISWAN/Src -IMaster -ICompilers -D'HEADER_DIR="/home/tr16/COAWST_3.7/Projects/Sandy"'  ROMS/Utility/def_info.F > Build_roms/def_info.f90
ROMS/Bin/cpp_clean Build_roms/wrt_rst.f90
ROMS/Bin/cpp_clean Build_roms/set_ngfld.f90
/usr/bin/cpp -P -traditional -w               -DMPI -DLINUX -DX86_64 -DGFORTRAN -D'ROOT_DIR="/home/tr16/COAWST_3.7"' -DSANDY -D'HEADER="sandy.h"' -D'ROMS_HEADER="/home/tr16/COAWST_3.7/Projects/Sandy/sandy.h"' -DNestedGrids= -D'ANALYTICAL_DIR="/home/tr16/COAWST_3.7/Projects/Sandy"' -D'MY_ANALYTICAL="on"' -D'SVN_URL=""' -D'SVN_REV=""' -IROMS/Include -I/home/tr16/COAWST_3.7/Projects/Sandy -IROMS/Nonlinear -IROMS/Nonlinear/Biology -IROMS/Nonlinear/Sediment -IROMS/Nonlinear/Wec -IROMS/Nonlinear/Vegetation -IROMS/Utility -IROMS/Drivers -IROMS/Functionals -I/home/tr16/COAWST_3.7/Projects/Sandy -ISWAN/Src -IMaster -ICompilers -D'HEADER_DIR="/home/tr16/COAWST_3.7/Projects/Sandy"'  ROMS/Utility/checkerror.F > Build_roms/checkerror.f90
/usr/bin/cpp -P -traditional -w               -DMPI -DLINUX -DX86_64 -DGFORTRAN -D'ROOT_DIR="/home/tr16/COAWST_3.7"' -DSANDY -D'HEADER="sandy.h"' -D'ROMS_HEADER="/home/tr16/COAWST_3.7/Projects/Sandy/sandy.h"' -DNestedGrids= -D'ANALYTICAL_DIR="/home/tr16/COAWST_3.7/Projects/Sandy"' -D'MY_ANALYTICAL="on"' -D'SVN_URL=""' -D'SVN_REV=""' -IROMS/Include -I/home/tr16/COAWST_3.7/Projects/Sandy -IROMS/Nonlinear -IROMS/Nonlinear/Biology -IROMS/Nonlinear/Sediment -IROMS/Nonlinear/Wec -IROMS/Nonlinear/Vegetation -IROMS/Utility -IROMS/Drivers -IROMS/Functionals -I/home/tr16/COAWST_3.7/Projects/Sandy -ISWAN/Src -IMaster -ICompilers -D'HEADER_DIR="/home/tr16/COAWST_3.7/Projects/Sandy"'  ROMS/Utility/edit_multifile.F > Build_roms/edit_multifile.f90
/usr/bin/cpp -P -traditional -w               -DMPI -DLINUX -DX86_64 -DGFORTRAN -D'ROOT_DIR="/home/tr16/COAWST_3.7"' -DSANDY -D'HEADER="sandy.h"' -D'ROMS_HEADER="/home/tr16/COAWST_3.7/Projects/Sandy/sandy.h"' -DNestedGrids= -D'ANALYTICAL_DIR="/home/tr16/COAWST_3.7/Projects/Sandy"' -D'MY_ANALYTICAL="on"' -D'SVN_URL=""' -D'SVN_REV=""' -IROMS/Include -I/home/tr16/COAWST_3.7/Projects/Sandy -IROMS/Nonlinear -IROMS/Nonlinear/Biology -IROMS/Nonlinear/Sediment -IROMS/Nonlinear/Wec -IROMS/Nonlinear/Vegetation -IROMS/Utility -IROMS/Drivers -IROMS/Functionals -I/home/tr16/COAWST_3.7/Projects/Sandy -ISWAN/Src -IMaster -ICompilers -D'HEADER_DIR="/home/tr16/COAWST_3.7/Projects/Sandy"'  ROMS/Utility/def_norm.F > Build_roms/def_norm.f90
/usr/bin/cpp -P -traditional -w               -DMPI -DLINUX -DX86_64 -DGFORTRAN -D'ROOT_DIR="/home/tr16/COAWST_3.7"' -DSANDY -D'HEADER="sandy.h"' -D'ROMS_HEADER="/home/tr16/COAWST_3.7/Projects/Sandy/sandy.h"' -DNestedGrids= -D'ANALYTICAL_DIR="/home/tr16/COAWST_3.7/Projects/Sandy"' -D'MY_ANALYTICAL="on"' -D'SVN_URL=""' -D'SVN_REV=""' -IROMS/Include -I/home/tr16/COAWST_3.7/Projects/Sandy -IROMS/Nonlinear -IROMS/Nonlinear/Biology -IROMS/Nonlinear/Sediment -IROMS/Nonlinear/Wec -IROMS/Nonlinear/Vegetation -IROMS/Utility -IROMS/Drivers -IROMS/Functionals -I/home/tr16/COAWST_3.7/Projects/Sandy -ISWAN/Src -IMaster -ICompilers -D'HEADER_DIR="/home/tr16/COAWST_3.7/Projects/Sandy"'  ROMS/Utility/def_rst.F > Build_roms/def_rst.f90
ROMS/Bin/cpp_clean Build_roms/def_station.f90
ROMS/Bin/cpp_clean Build_roms/obs_initial.f90
ROMS/Bin/cpp_clean Build_roms/wrt_evolved.f90
ROMS/Bin/cpp_clean Build_roms/set_diags.f90
ROMS/Bin/cpp_clean Build_roms/set_3dfldr.f90
/usr/bin/cpp -P -traditional -w               -DMPI -DLINUX -DX86_64 -DGFORTRAN -D'ROOT_DIR="/home/tr16/COAWST_3.7"' -DSANDY -D'HEADER="sandy.h"' -D'ROMS_HEADER="/home/tr16/COAWST_3.7/Projects/Sandy/sandy.h"' -DNestedGrids= -D'ANALYTICAL_DIR="/home/tr16/COAWST_3.7/Projects/Sandy"' -D'MY_ANALYTICAL="on"' -D'SVN_URL=""' -D'SVN_REV=""' -IROMS/Include -I/home/tr16/COAWST_3.7/Projects/Sandy -IROMS/Nonlinear -IROMS/Nonlinear/Biology -IROMS/Nonlinear/Sediment -IROMS/Nonlinear/Wec -IROMS/Nonlinear/Vegetation -IROMS/Utility -IROMS/Drivers -IROMS/Functionals -I/home/tr16/COAWST_3.7/Projects/Sandy -ISWAN/Src -IMaster -ICompilers -D'HEADER_DIR="/home/tr16/COAWST_3.7/Projects/Sandy"'  ROMS/Utility/wrt_avg.F > Build_roms/wrt_avg.f90
ROMS/Bin/cpp_clean Build_roms/wrt_impulse.f90
/usr/bin/cpp -P -traditional -w               -DMPI -DLINUX -DX86_64 -DGFORTRAN -D'ROOT_DIR="/home/tr16/COAWST_3.7"' -DSANDY -D'HEADER="sandy.h"' -D'ROMS_HEADER="/home/tr16/COAWST_3.7/Projects/Sandy/sandy.h"' -DNestedGrids= -D'ANALYTICAL_DIR="/home/tr16/COAWST_3.7/Projects/Sandy"' -D'MY_ANALYTICAL="on"' -D'SVN_URL=""' -D'SVN_REV=""' -IROMS/Include -I/home/tr16/COAWST_3.7/Projects/Sandy -IROMS/Nonlinear -IROMS/Nonlinear/Biology -IROMS/Nonlinear/Sediment -IROMS/Nonlinear/Wec -IROMS/Nonlinear/Vegetation -IROMS/Utility -IROMS/Drivers -IROMS/Functionals -I/home/tr16/COAWST_3.7/Projects/Sandy -ISWAN/Src -IMaster -ICompilers -D'HEADER_DIR="/home/tr16/COAWST_3.7/Projects/Sandy"'  ROMS/Utility/wrt_error.F > Build_roms/wrt_error.f90
ROMS/Bin/cpp_clean Build_roms/read_couplepar.f90
/usr/bin/cpp -P -traditional -w               -DMPI -DLINUX -DX86_64 -DGFORTRAN -D'ROOT_DIR="/home/tr16/COAWST_3.7"' -DSANDY -D'HEADER="sandy.h"' -D'ROMS_HEADER="/home/tr16/COAWST_3.7/Projects/Sandy/sandy.h"' -DNestedGrids= -D'ANALYTICAL_DIR="/home/tr16/COAWST_3.7/Projects/Sandy"' -D'MY_ANALYTICAL="on"' -D'SVN_URL=""' -D'SVN_REV=""' -IROMS/Include -I/home/tr16/COAWST_3.7/Projects/Sandy -IROMS/Nonlinear -IROMS/Nonlinear/Biology -IROMS/Nonlinear/Sediment -IROMS/Nonlinear/Wec -IROMS/Nonlinear/Vegetation -IROMS/Utility -IROMS/Drivers -IROMS/Functionals -I/home/tr16/COAWST_3.7/Projects/Sandy -ISWAN/Src -IMaster -ICompilers -D'HEADER_DIR="/home/tr16/COAWST_3.7/Projects/Sandy"'  ROMS/Utility/time_corr.F > Build_roms/time_corr.f90
/usr/bin/cpp -P -traditional -w               -DMPI -DLINUX -DX86_64 -DGFORTRAN -D'ROOT_DIR="/home/tr16/COAWST_3.7"' -DSANDY -D'HEADER="sandy.h"' -D'ROMS_HEADER="/home/tr16/COAWST_3.7/Projects/Sandy/sandy.h"' -DNestedGrids= -D'ANALYTICAL_DIR="/home/tr16/COAWST_3.7/Projects/Sandy"' -D'MY_ANALYTICAL="on"' -D'SVN_URL=""' -D'SVN_REV=""' -IROMS/Include -I/home/tr16/COAWST_3.7/Projects/Sandy -IROMS/Nonlinear -IROMS/Nonlinear/Biology -IROMS/Nonlinear/Sediment -IROMS/Nonlinear/Wec -IROMS/Nonlinear/Vegetation -IROMS/Utility -IROMS/Drivers -IROMS/Functionals -I/home/tr16/COAWST_3.7/Projects/Sandy -ISWAN/Src -IMaster -ICompilers -D'HEADER_DIR="/home/tr16/COAWST_3.7/Projects/Sandy"'  ROMS/Utility/read_stapar.F > Build_roms/read_stapar.f90
/usr/bin/cpp -P -traditional -w               -DMPI -DLINUX -DX86_64 -DGFORTRAN -D'ROOT_DIR="/home/tr16/COAWST_3.7"' -DSANDY -D'HEADER="sandy.h"' -D'ROMS_HEADER="/home/tr16/COAWST_3.7/Projects/Sandy/sandy.h"' -DNestedGrids= -D'ANALYTICAL_DIR="/home/tr16/COAWST_3.7/Projects/Sandy"' -D'MY_ANALYTICAL="on"' -D'SVN_URL=""' -D'SVN_REV=""' -IROMS/Include -I/home/tr16/COAWST_3.7/Projects/Sandy -IROMS/Nonlinear -IROMS/Nonlinear/Biology -IROMS/Nonlinear/Sediment -IROMS/Nonlinear/Wec -IROMS/Nonlinear/Vegetation -IROMS/Utility -IROMS/Drivers -IROMS/Functionals -I/home/tr16/COAWST_3.7/Projects/Sandy -ISWAN/Src -IMaster -ICompilers -D'HEADER_DIR="/home/tr16/COAWST_3.7/Projects/Sandy"'  ROMS/Utility/def_dim.F > Build_roms/def_dim.f90
ROMS/Bin/cpp_clean Build_roms/grid_coords.f90
ROMS/Bin/cpp_clean Build_roms/get_2dfldr.f90
/usr/bin/cpp -P -traditional -w               -DMPI -DLINUX -DX86_64 -DGFORTRAN -D'ROOT_DIR="/home/tr16/COAWST_3.7"' -DSANDY -D'HEADER="sandy.h"' -D'ROMS_HEADER="/home/tr16/COAWST_3.7/Projects/Sandy/sandy.h"' -DNestedGrids= -D'ANALYTICAL_DIR="/home/tr16/COAWST_3.7/Projects/Sandy"' -D'MY_ANALYTICAL="on"' -D'SVN_URL=""' -D'SVN_REV=""' -IROMS/Include -I/home/tr16/COAWST_3.7/Projects/Sandy -IROMS/Nonlinear -IROMS/Nonlinear/Biology -IROMS/Nonlinear/Sediment -IROMS/Nonlinear/Wec -IROMS/Nonlinear/Vegetation -IROMS/Utility -IROMS/Drivers -IROMS/Functionals -I/home/tr16/COAWST_3.7/Projects/Sandy -ISWAN/Src -IMaster -ICompilers -D'HEADER_DIR="/home/tr16/COAWST_3.7/Projects/Sandy"'  ROMS/Utility/def_impulse.F > Build_roms/def_impulse.f90
/usr/bin/cpp -P -traditional -w               -DMPI -DLINUX -DX86_64 -DGFORTRAN -D'ROOT_DIR="/home/tr16/COAWST_3.7"' -DSANDY -D'HEADER="sandy.h"' -D'ROMS_HEADER="/home/tr16/COAWST_3.7/Projects/Sandy/sandy.h"' -DNestedGrids= -D'ANALYTICAL_DIR="/home/tr16/COAWST_3.7/Projects/Sandy"' -D'MY_ANALYTICAL="on"' -D'SVN_URL=""' -D'SVN_REV=""' -IROMS/Include -I/home/tr16/COAWST_3.7/Projects/Sandy -IROMS/Nonlinear -IROMS/Nonlinear/Biology -IROMS/Nonlinear/Sediment -IROMS/Nonlinear/Wec -IROMS/Nonlinear/Vegetation -IROMS/Utility -IROMS/Drivers -IROMS/Functionals -I/home/tr16/COAWST_3.7/Projects/Sandy -ISWAN/Src -IMaster -ICompilers -D'HEADER_DIR="/home/tr16/COAWST_3.7/Projects/Sandy"'  ROMS/Utility/get_varcoords.F > Build_roms/get_varcoords.f90
ROMS/Bin/cpp_clean Build_roms/wrt_quick.f90
ROMS/Bin/cpp_clean Build_roms/mp_routines.f90
/usr/bin/cpp -P -traditional -w               -DMPI -DLINUX -DX86_64 -DGFORTRAN -D'ROOT_DIR="/home/tr16/COAWST_3.7"' -DSANDY -D'HEADER="sandy.h"' -D'ROMS_HEADER="/home/tr16/COAWST_3.7/Projects/Sandy/sandy.h"' -DNestedGrids= -D'ANALYTICAL_DIR="/home/tr16/COAWST_3.7/Projects/Sandy"' -D'MY_ANALYTICAL="on"' -D'SVN_URL=""' -D'SVN_REV=""' -IROMS/Include -I/home/tr16/COAWST_3.7/Projects/Sandy -IROMS/Nonlinear -IROMS/Nonlinear/Biology -IROMS/Nonlinear/Sediment -IROMS/Nonlinear/Wec -IROMS/Nonlinear/Vegetation -IROMS/Utility -IROMS/Drivers -IROMS/Functionals -I/home/tr16/COAWST_3.7/Projects/Sandy -ISWAN/Src -IMaster -ICompilers -D'HEADER_DIR="/home/tr16/COAWST_3.7/Projects/Sandy"'  ROMS/Utility/checkvars.F > Build_roms/checkvars.f90
ROMS/Bin/cpp_clean Build_roms/get_gst.f90
/usr/bin/cpp -P -traditional -w               -DMPI -DLINUX -DX86_64 -DGFORTRAN -D'ROOT_DIR="/home/tr16/COAWST_3.7"' -DSANDY -D'HEADER="sandy.h"' -D'ROMS_HEADER="/home/tr16/COAWST_3.7/Projects/Sandy/sandy.h"' -DNestedGrids= -D'ANALYTICAL_DIR="/home/tr16/COAWST_3.7/Projects/Sandy"' -D'MY_ANALYTICAL="on"' -D'SVN_URL=""' -D'SVN_REV=""' -IROMS/Include -I/home/tr16/COAWST_3.7/Projects/Sandy -IROMS/Nonlinear -IROMS/Nonlinear/Biology -IROMS/Nonlinear/Sediment -IROMS/Nonlinear/Wec -IROMS/Nonlinear/Vegetation -IROMS/Utility -IROMS/Drivers -IROMS/Functionals -I/home/tr16/COAWST_3.7/Projects/Sandy -ISWAN/Src -IMaster -ICompilers -D'HEADER_DIR="/home/tr16/COAWST_3.7/Projects/Sandy"'  ROMS/Utility/get_ngfldr.F > Build_roms/get_ngfldr.f90
/usr/bin/cpp -P -traditional -w               -DMPI -DLINUX -DX86_64 -DGFORTRAN -D'ROOT_DIR="/home/tr16/COAWST_3.7"' -DSANDY -D'HEADER="sandy.h"' -D'ROMS_HEADER="/home/tr16/COAWST_3.7/Projects/Sandy/sandy.h"' -DNestedGrids= -D'ANALYTICAL_DIR="/home/tr16/COAWST_3.7/Projects/Sandy"' -D'MY_ANALYTICAL="on"' -D'SVN_URL=""' -D'SVN_REV=""' -IROMS/Include -I/home/tr16/COAWST_3.7/Projects/Sandy -IROMS/Nonlinear -IROMS/Nonlinear/Biology -IROMS/Nonlinear/Sediment -IROMS/Nonlinear/Wec -IROMS/Nonlinear/Vegetation -IROMS/Utility -IROMS/Drivers -IROMS/Functionals -I/home/tr16/COAWST_3.7/Projects/Sandy -ISWAN/Src -IMaster -ICompilers -D'HEADER_DIR="/home/tr16/COAWST_3.7/Projects/Sandy"'  ROMS/Utility/def_quick.F > Build_roms/def_quick.f90
/usr/bin/cpp -P -traditional -w               -DMPI -DLINUX -DX86_64 -DGFORTRAN -D'ROOT_DIR="/home/tr16/COAWST_3.7"' -DSANDY -D'HEADER="sandy.h"' -D'ROMS_HEADER="/home/tr16/COAWST_3.7/Projects/Sandy/sandy.h"' -DNestedGrids= -D'ANALYTICAL_DIR="/home/tr16/COAWST_3.7/Projects/Sandy"' -D'MY_ANALYTICAL="on"' -D'SVN_URL=""' -D'SVN_REV=""' -IROMS/Include -I/home/tr16/COAWST_3.7/Projects/Sandy -IROMS/Nonlinear -IROMS/Nonlinear/Biology -IROMS/Nonlinear/Sediment -IROMS/Nonlinear/Wec -IROMS/Nonlinear/Vegetation -IROMS/Utility -IROMS/Drivers -IROMS/Functionals -I/home/tr16/COAWST_3.7/Projects/Sandy -ISWAN/Src -IMaster -ICompilers -D'HEADER_DIR="/home/tr16/COAWST_3.7/Projects/Sandy"'  ROMS/Utility/read_vegpar.F > Build_roms/read_vegpar.f90
/usr/bin/cpp -P -traditional -w               -DMPI -DLINUX -DX86_64 -DGFORTRAN -D'ROOT_DIR="/home/tr16/COAWST_3.7"' -DSANDY -D'HEADER="sandy.h"' -D'ROMS_HEADER="/home/tr16/COAWST_3.7/Projects/Sandy/sandy.h"' -DNestedGrids= -D'ANALYTICAL_DIR="/home/tr16/COAWST_3.7/Projects/Sandy"' -D'MY_ANALYTICAL="on"' -D'SVN_URL=""' -D'SVN_REV=""' -IROMS/Include -I/home/tr16/COAWST_3.7/Projects/Sandy -IROMS/Nonlinear -IROMS/Nonlinear/Biology -IROMS/Nonlinear/Sediment -IROMS/Nonlinear/Wec -IROMS/Nonlinear/Vegetation -IROMS/Utility -IROMS/Drivers -IROMS/Functionals -I/home/tr16/COAWST_3.7/Projects/Sandy -ISWAN/Src -IMaster -ICompilers -D'HEADER_DIR="/home/tr16/COAWST_3.7/Projects/Sandy"'  ROMS/Utility/set_scoord.F > Build_roms/set_scoord.f90
ROMS/Bin/cpp_clean Build_roms/def_floats.f90
ROMS/Bin/cpp_clean Build_roms/wrt_his.f90
/usr/bin/cpp -P -traditional -w               -DMPI -DLINUX -DX86_64 -DGFORTRAN -D'ROOT_DIR="/home/tr16/COAWST_3.7"' -DSANDY -D'HEADER="sandy.h"' -D'ROMS_HEADER="/home/tr16/COAWST_3.7/Projects/Sandy/sandy.h"' -DNestedGrids= -D'ANALYTICAL_DIR="/home/tr16/COAWST_3.7/Projects/Sandy"' -D'MY_ANALYTICAL="on"' -D'SVN_URL=""' -D'SVN_REV=""' -IROMS/Include -I/home/tr16/COAWST_3.7/Projects/Sandy -IROMS/Nonlinear -IROMS/Nonlinear/Biology -IROMS/Nonlinear/Sediment -IROMS/Nonlinear/Wec -IROMS/Nonlinear/Vegetation -IROMS/Utility -IROMS/Drivers -IROMS/Functionals -I/home/tr16/COAWST_3.7/Projects/Sandy -ISWAN/Src -IMaster -ICompilers -D'HEADER_DIR="/home/tr16/COAWST_3.7/Projects/Sandy"'  ROMS/Utility/wrt_tides.F > Build_roms/wrt_tides.f90
/usr/bin/cpp -P -traditional -w               -DMPI -DLINUX -DX86_64 -DGFORTRAN -D'ROOT_DIR="/home/tr16/COAWST_3.7"' -DSANDY -D'HEADER="sandy.h"' -D'ROMS_HEADER="/home/tr16/COAWST_3.7/Projects/Sandy/sandy.h"' -DNestedGrids= -D'ANALYTICAL_DIR="/home/tr16/COAWST_3.7/Projects/Sandy"' -D'MY_ANALYTICAL="on"' -D'SVN_URL=""' -D'SVN_REV=""' -IROMS/Include -I/home/tr16/COAWST_3.7/Projects/Sandy -IROMS/Nonlinear -IROMS/Nonlinear/Biology -IROMS/Nonlinear/Sediment -IROMS/Nonlinear/Wec -IROMS/Nonlinear/Vegetation -IROMS/Utility -IROMS/Drivers -IROMS/Functionals -I/home/tr16/COAWST_3.7/Projects/Sandy -ISWAN/Src -IMaster -ICompilers -D'HEADER_DIR="/home/tr16/COAWST_3.7/Projects/Sandy"'  ROMS/Utility/get_grid.F > Build_roms/get_grid.f90
/usr/bin/cpp -P -traditional -w               -DMPI -DLINUX -DX86_64 -DGFORTRAN -D'ROOT_DIR="/home/tr16/COAWST_3.7"' -DSANDY -D'HEADER="sandy.h"' -D'ROMS_HEADER="/home/tr16/COAWST_3.7/Projects/Sandy/sandy.h"' -DNestedGrids= -D'ANALYTICAL_DIR="/home/tr16/COAWST_3.7/Projects/Sandy"' -D'MY_ANALYTICAL="on"' -D'SVN_URL=""' -D'SVN_REV=""' -IROMS/Include -I/home/tr16/COAWST_3.7/Projects/Sandy -IROMS/Nonlinear -IROMS/Nonlinear/Biology -IROMS/Nonlinear/Sediment -IROMS/Nonlinear/Wec -IROMS/Nonlinear/Vegetation -IROMS/Utility -IROMS/Drivers -IROMS/Functionals -I/home/tr16/COAWST_3.7/Projects/Sandy -ISWAN/Src -IMaster -ICompilers -D'HEADER_DIR="/home/tr16/COAWST_3.7/Projects/Sandy"'  ROMS/Utility/obs_write.F > Build_roms/obs_write.f90
/usr/bin/cpp -P -traditional -w               -DMPI -DLINUX -DX86_64 -DGFORTRAN -D'ROOT_DIR="/home/tr16/COAWST_3.7"' -DSANDY -D'HEADER="sandy.h"' -D'ROMS_HEADER="/home/tr16/COAWST_3.7/Projects/Sandy/sandy.h"' -DNestedGrids= -D'ANALYTICAL_DIR="/home/tr16/COAWST_3.7/Projects/Sandy"' -D'MY_ANALYTICAL="on"' -D'SVN_URL=""' -D'SVN_REV=""' -IROMS/Include -I/home/tr16/COAWST_3.7/Projects/Sandy -IROMS/Nonlinear -IROMS/Nonlinear/Biology -IROMS/Nonlinear/Sediment -IROMS/Nonlinear/Wec -IROMS/Nonlinear/Vegetation -IROMS/Utility -IROMS/Drivers -IROMS/Functionals -I/home/tr16/COAWST_3.7/Projects/Sandy -ISWAN/Src -IMaster -ICompilers -D'HEADER_DIR="/home/tr16/COAWST_3.7/Projects/Sandy"'  ROMS/Utility/close_io.F > Build_roms/close_io.f90
/usr/bin/cpp -P -traditional -w               -DMPI -DLINUX -DX86_64 -DGFORTRAN -D'ROOT_DIR="/home/tr16/COAWST_3.7"' -DSANDY -D'HEADER="sandy.h"' -D'ROMS_HEADER="/home/tr16/COAWST_3.7/Projects/Sandy/sandy.h"' -DNestedGrids= -D'ANALYTICAL_DIR="/home/tr16/COAWST_3.7/Projects/Sandy"' -D'MY_ANALYTICAL="on"' -D'SVN_URL=""' -D'SVN_REV=""' -IROMS/Include -I/home/tr16/COAWST_3.7/Projects/Sandy -IROMS/Nonlinear -IROMS/Nonlinear/Biology -IROMS/Nonlinear/Sediment -IROMS/Nonlinear/Wec -IROMS/Nonlinear/Vegetation -IROMS/Utility -IROMS/Drivers -IROMS/Functionals -I/home/tr16/COAWST_3.7/Projects/Sandy -ISWAN/Src -IMaster -ICompilers -D'HEADER_DIR="/home/tr16/COAWST_3.7/Projects/Sandy"'  ROMS/Utility/ADfromTL.F > Build_roms/ADfromTL.f90
ROMS/Bin/cpp_clean Build_roms/lbc.f90
/usr/bin/cpp -P -traditional -w               -DMPI -DLINUX -DX86_64 -DGFORTRAN -D'ROOT_DIR="/home/tr16/COAWST_3.7"' -DSANDY -D'HEADER="sandy.h"' -D'ROMS_HEADER="/home/tr16/COAWST_3.7/Projects/Sandy/sandy.h"' -DNestedGrids= -D'ANALYTICAL_DIR="/home/tr16/COAWST_3.7/Projects/Sandy"' -D'MY_ANALYTICAL="on"' -D'SVN_URL=""' -D'SVN_REV=""' -IROMS/Include -I/home/tr16/COAWST_3.7/Projects/Sandy -IROMS/Nonlinear -IROMS/Nonlinear/Biology -IROMS/Nonlinear/Sediment -IROMS/Nonlinear/Wec -IROMS/Nonlinear/Vegetation -IROMS/Utility -IROMS/Drivers -IROMS/Functionals -I/home/tr16/COAWST_3.7/Projects/Sandy -ISWAN/Src -IMaster -ICompilers -D'HEADER_DIR="/home/tr16/COAWST_3.7/Projects/Sandy"'  ROMS/Utility/ntimestep.F > Build_roms/ntimestep.f90
/usr/bin/cpp -P -traditional -w               -DMPI -DLINUX -DX86_64 -DGFORTRAN -D'ROOT_DIR="/home/tr16/COAWST_3.7"' -DSANDY -D'HEADER="sandy.h"' -D'ROMS_HEADER="/home/tr16/COAWST_3.7/Projects/Sandy/sandy.h"' -DNestedGrids= -D'ANALYTICAL_DIR="/home/tr16/COAWST_3.7/Projects/Sandy"' -D'MY_ANALYTICAL="on"' -D'SVN_URL=""' -D'SVN_REV=""' -IROMS/Include -I/home/tr16/COAWST_3.7/Projects/Sandy -IROMS/Nonlinear -IROMS/Nonlinear/Biology -IROMS/Nonlinear/Sediment -IROMS/Nonlinear/Wec -IROMS/Nonlinear/Vegetation -IROMS/Utility -IROMS/Drivers -IROMS/Functionals -I/home/tr16/COAWST_3.7/Projects/Sandy -ISWAN/Src -IMaster -ICompilers -D'HEADER_DIR="/home/tr16/COAWST_3.7/Projects/Sandy"'  ROMS/Utility/get_state.F > Build_roms/get_state.f90
/usr/bin/cpp -P -traditional -w               -DMPI -DLINUX -DX86_64 -DGFORTRAN -D'ROOT_DIR="/home/tr16/COAWST_3.7"' -DSANDY -D'HEADER="sandy.h"' -D'ROMS_HEADER="/home/tr16/COAWST_3.7/Projects/Sandy/sandy.h"' -DNestedGrids= -D'ANALYTICAL_DIR="/home/tr16/COAWST_3.7/Projects/Sandy"' -D'MY_ANALYTICAL="on"' -D'SVN_URL=""' -D'SVN_REV=""' -IROMS/Include -I/home/tr16/COAWST_3.7/Projects/Sandy -IROMS/Nonlinear -IROMS/Nonlinear/Biology -IROMS/Nonlinear/Sediment -IROMS/Nonlinear/Wec -IROMS/Nonlinear/Vegetation -IROMS/Utility -IROMS/Drivers -IROMS/Functionals -I/home/tr16/COAWST_3.7/Projects/Sandy -ISWAN/Src -IMaster -ICompilers -D'HEADER_DIR="/home/tr16/COAWST_3.7/Projects/Sandy"'  ROMS/Utility/ran1.F > Build_roms/ran1.f90
ROMS/Bin/cpp_clean Build_roms/def_his.f90
ROMS/Bin/cpp_clean Build_roms/set_contact.f90
/usr/bin/cpp -P -traditional -w               -DMPI -DLINUX -DX86_64 -DGFORTRAN -D'ROOT_DIR="/home/tr16/COAWST_3.7"' -DSANDY -D'HEADER="sandy.h"' -D'ROMS_HEADER="/home/tr16/COAWST_3.7/Projects/Sandy/sandy.h"' -DNestedGrids= -D'ANALYTICAL_DIR="/home/tr16/COAWST_3.7/Projects/Sandy"' -D'MY_ANALYTICAL="on"' -D'SVN_URL=""' -D'SVN_REV=""' -IROMS/Include -I/home/tr16/COAWST_3.7/Projects/Sandy -IROMS/Nonlinear -IROMS/Nonlinear/Biology -IROMS/Nonlinear/Sediment -IROMS/Nonlinear/Wec -IROMS/Nonlinear/Vegetation -IROMS/Utility -IROMS/Drivers -IROMS/Functionals -I/home/tr16/COAWST_3.7/Projects/Sandy -ISWAN/Src -IMaster -ICompilers -D'HEADER_DIR="/home/tr16/COAWST_3.7/Projects/Sandy"'  ROMS/Utility/gasdev.F > Build_roms/gasdev.f90
ROMS/Bin/cpp_clean Build_roms/checkerror.f90
/usr/bin/cpp -P -traditional -w               -DMPI -DLINUX -DX86_64 -DGFORTRAN -D'ROOT_DIR="/home/tr16/COAWST_3.7"' -DSANDY -D'HEADER="sandy.h"' -D'ROMS_HEADER="/home/tr16/COAWST_3.7/Projects/Sandy/sandy.h"' -DNestedGrids= -D'ANALYTICAL_DIR="/home/tr16/COAWST_3.7/Projects/Sandy"' -D'MY_ANALYTICAL="on"' -D'SVN_URL=""' -D'SVN_REV=""' -IROMS/Include -I/home/tr16/COAWST_3.7/Projects/Sandy -IROMS/Nonlinear -IROMS/Nonlinear/Biology -IROMS/Nonlinear/Sediment -IROMS/Nonlinear/Wec -IROMS/Nonlinear/Vegetation -IROMS/Utility -IROMS/Drivers -IROMS/Functionals -I/home/tr16/COAWST_3.7/Projects/Sandy -ISWAN/Src -IMaster -ICompilers -D'HEADER_DIR="/home/tr16/COAWST_3.7/Projects/Sandy"'  ROMS/Utility/get_filter.F > Build_roms/get_filter.f90
ROMS/Bin/cpp_clean Build_roms/edit_multifile.f90
/usr/bin/cpp -P -traditional -w               -DMPI -DLINUX -DX86_64 -DGFORTRAN -D'ROOT_DIR="/home/tr16/COAWST_3.7"' -DSANDY -D'HEADER="sandy.h"' -D'ROMS_HEADER="/home/tr16/COAWST_3.7/Projects/Sandy/sandy.h"' -DNestedGrids= -D'ANALYTICAL_DIR="/home/tr16/COAWST_3.7/Projects/Sandy"' -D'MY_ANALYTICAL="on"' -D'SVN_URL=""' -D'SVN_REV=""' -IROMS/Include -I/home/tr16/COAWST_3.7/Projects/Sandy -IROMS/Nonlinear -IROMS/Nonlinear/Biology -IROMS/Nonlinear/Sediment -IROMS/Nonlinear/Wec -IROMS/Nonlinear/Vegetation -IROMS/Utility -IROMS/Drivers -IROMS/Functionals -I/home/tr16/COAWST_3.7/Projects/Sandy -ISWAN/Src -IMaster -ICompilers -D'HEADER_DIR="/home/tr16/COAWST_3.7/Projects/Sandy"'  ROMS/Utility/check_multifile.F > Build_roms/check_multifile.f90
ROMS/Bin/cpp_clean Build_roms/def_info.f90
ROMS/Bin/cpp_clean Build_roms/def_norm.f90
/usr/bin/cpp -P -traditional -w               -DMPI -DLINUX -DX86_64 -DGFORTRAN -D'ROOT_DIR="/home/tr16/COAWST_3.7"' -DSANDY -D'HEADER="sandy.h"' -D'ROMS_HEADER="/home/tr16/COAWST_3.7/Projects/Sandy/sandy.h"' -DNestedGrids= -D'ANALYTICAL_DIR="/home/tr16/COAWST_3.7/Projects/Sandy"' -D'MY_ANALYTICAL="on"' -D'SVN_URL=""' -D'SVN_REV=""' -IROMS/Include -I/home/tr16/COAWST_3.7/Projects/Sandy -IROMS/Nonlinear -IROMS/Nonlinear/Biology -IROMS/Nonlinear/Sediment -IROMS/Nonlinear/Wec -IROMS/Nonlinear/Vegetation -IROMS/Utility -IROMS/Drivers -IROMS/Functionals -I/home/tr16/COAWST_3.7/Projects/Sandy -ISWAN/Src -IMaster -ICompilers -D'HEADER_DIR="/home/tr16/COAWST_3.7/Projects/Sandy"'  ROMS/Utility/def_ini.F > Build_roms/def_ini.f90
ROMS/Bin/cpp_clean Build_roms/def_rst.f90
/usr/bin/cpp -P -traditional -w               -DMPI -DLINUX -DX86_64 -DGFORTRAN -D'ROOT_DIR="/home/tr16/COAWST_3.7"' -DSANDY -D'HEADER="sandy.h"' -D'ROMS_HEADER="/home/tr16/COAWST_3.7/Projects/Sandy/sandy.h"' -DNestedGrids= -D'ANALYTICAL_DIR="/home/tr16/COAWST_3.7/Projects/Sandy"' -D'MY_ANALYTICAL="on"' -D'SVN_URL=""' -D'SVN_REV=""' -IROMS/Include -I/home/tr16/COAWST_3.7/Projects/Sandy -IROMS/Nonlinear -IROMS/Nonlinear/Biology -IROMS/Nonlinear/Sediment -IROMS/Nonlinear/Wec -IROMS/Nonlinear/Vegetation -IROMS/Utility -IROMS/Drivers -IROMS/Functionals -I/home/tr16/COAWST_3.7/Projects/Sandy -ISWAN/Src -IMaster -ICompilers -D'HEADER_DIR="/home/tr16/COAWST_3.7/Projects/Sandy"'  ROMS/Utility/def_avg.F > Build_roms/def_avg.f90
ROMS/Bin/cpp_clean Build_roms/wrt_error.f90
ROMS/Bin/cpp_clean Build_roms/time_corr.f90
ROMS/Bin/cpp_clean Build_roms/read_stapar.f90
ROMS/Bin/cpp_clean Build_roms/wrt_avg.f90
ROMS/Bin/cpp_clean Build_roms/def_dim.f90
/usr/bin/cpp -P -traditional -w               -DMPI -DLINUX -DX86_64 -DGFORTRAN -D'ROOT_DIR="/home/tr16/COAWST_3.7"' -DSANDY -D'HEADER="sandy.h"' -D'ROMS_HEADER="/home/tr16/COAWST_3.7/Projects/Sandy/sandy.h"' -DNestedGrids= -D'ANALYTICAL_DIR="/home/tr16/COAWST_3.7/Projects/Sandy"' -D'MY_ANALYTICAL="on"' -D'SVN_URL=""' -D'SVN_REV=""' -IROMS/Include -I/home/tr16/COAWST_3.7/Projects/Sandy -IROMS/Nonlinear -IROMS/Nonlinear/Biology -IROMS/Nonlinear/Sediment -IROMS/Nonlinear/Wec -IROMS/Nonlinear/Vegetation -IROMS/Utility -IROMS/Drivers -IROMS/Functionals -I/home/tr16/COAWST_3.7/Projects/Sandy -ISWAN/Src -IMaster -ICompilers -D'HEADER_DIR="/home/tr16/COAWST_3.7/Projects/Sandy"'  ROMS/Utility/lanc_resid.F > Build_roms/lanc_resid.f90
ROMS/Bin/cpp_clean Build_roms/get_varcoords.f90
ROMS/Bin/cpp_clean Build_roms/def_impulse.f90
/usr/bin/cpp -P -traditional -w               -DMPI -DLINUX -DX86_64 -DGFORTRAN -D'ROOT_DIR="/home/tr16/COAWST_3.7"' -DSANDY -D'HEADER="sandy.h"' -D'ROMS_HEADER="/home/tr16/COAWST_3.7/Projects/Sandy/sandy.h"' -DNestedGrids= -D'ANALYTICAL_DIR="/home/tr16/COAWST_3.7/Projects/Sandy"' -D'MY_ANALYTICAL="on"' -D'SVN_URL=""' -D'SVN_REV=""' -IROMS/Include -I/home/tr16/COAWST_3.7/Projects/Sandy -IROMS/Nonlinear -IROMS/Nonlinear/Biology -IROMS/Nonlinear/Sediment -IROMS/Nonlinear/Wec -IROMS/Nonlinear/Vegetation -IROMS/Utility -IROMS/Drivers -IROMS/Functionals -I/home/tr16/COAWST_3.7/Projects/Sandy -ISWAN/Src -IMaster -ICompilers -D'HEADER_DIR="/home/tr16/COAWST_3.7/Projects/Sandy"'  ROMS/Utility/wrt_filt.F > Build_roms/wrt_filt.f90
/usr/bin/cpp -P -traditional -w               -DMPI -DLINUX -DX86_64 -DGFORTRAN -D'ROOT_DIR="/home/tr16/COAWST_3.7"' -DSANDY -D'HEADER="sandy.h"' -D'ROMS_HEADER="/home/tr16/COAWST_3.7/Projects/Sandy/sandy.h"' -DNestedGrids= -D'ANALYTICAL_DIR="/home/tr16/COAWST_3.7/Projects/Sandy"' -D'MY_ANALYTICAL="on"' -D'SVN_URL=""' -D'SVN_REV=""' -IROMS/Include -I/home/tr16/COAWST_3.7/Projects/Sandy -IROMS/Nonlinear -IROMS/Nonlinear/Biology -IROMS/Nonlinear/Sediment -IROMS/Nonlinear/Wec -IROMS/Nonlinear/Vegetation -IROMS/Utility -IROMS/Drivers -IROMS/Functionals -I/home/tr16/COAWST_3.7/Projects/Sandy -ISWAN/Src -IMaster -ICompilers -D'HEADER_DIR="/home/tr16/COAWST_3.7/Projects/Sandy"'  ROMS/Utility/def_dai.F > Build_roms/def_dai.f90
ROMS/Bin/cpp_clean Build_roms/checkvars.f90
ROMS/Bin/cpp_clean Build_roms/get_ngfldr.f90
ROMS/Bin/cpp_clean Build_roms/read_vegpar.f90
ROMS/Bin/cpp_clean Build_roms/set_scoord.f90
ROMS/Bin/cpp_clean Build_roms/def_quick.f90
ROMS/Bin/cpp_clean Build_roms/wrt_tides.f90
/usr/bin/cpp -P -traditional -w               -DMPI -DLINUX -DX86_64 -DGFORTRAN -D'ROOT_DIR="/home/tr16/COAWST_3.7"' -DSANDY -D'HEADER="sandy.h"' -D'ROMS_HEADER="/home/tr16/COAWST_3.7/Projects/Sandy/sandy.h"' -DNestedGrids= -D'ANALYTICAL_DIR="/home/tr16/COAWST_3.7/Projects/Sandy"' -D'MY_ANALYTICAL="on"' -D'SVN_URL=""' -D'SVN_REV=""' -IROMS/Include -I/home/tr16/COAWST_3.7/Projects/Sandy -IROMS/Nonlinear -IROMS/Nonlinear/Biology -IROMS/Nonlinear/Sediment -IROMS/Nonlinear/Wec -IROMS/Nonlinear/Vegetation -IROMS/Utility -IROMS/Drivers -IROMS/Functionals -I/home/tr16/COAWST_3.7/Projects/Sandy -ISWAN/Src -IMaster -ICompilers -D'HEADER_DIR="/home/tr16/COAWST_3.7/Projects/Sandy"'  ROMS/Utility/def_error.F > Build_roms/def_error.f90
ROMS/Bin/cpp_clean Build_roms/obs_write.f90
ROMS/Bin/cpp_clean Build_roms/close_io.f90
ROMS/Bin/cpp_clean Build_roms/ADfromTL.f90
ROMS/Bin/cpp_clean Build_roms/get_grid.f90
ROMS/Bin/cpp_clean Build_roms/ntimestep.f90
/usr/bin/cpp -P -traditional -w               -DMPI -DLINUX -DX86_64 -DGFORTRAN -D'ROOT_DIR="/home/tr16/COAWST_3.7"' -DSANDY -D'HEADER="sandy.h"' -D'ROMS_HEADER="/home/tr16/COAWST_3.7/Projects/Sandy/sandy.h"' -DNestedGrids= -D'ANALYTICAL_DIR="/home/tr16/COAWST_3.7/Projects/Sandy"' -D'MY_ANALYTICAL="on"' -D'SVN_URL=""' -D'SVN_REV=""' -IROMS/Include -I/home/tr16/COAWST_3.7/Projects/Sandy -IROMS/Nonlinear -IROMS/Nonlinear/Biology -IROMS/Nonlinear/Sediment -IROMS/Nonlinear/Wec -IROMS/Nonlinear/Vegetation -IROMS/Utility -IROMS/Drivers -IROMS/Functionals -I/home/tr16/COAWST_3.7/Projects/Sandy -ISWAN/Src -IMaster -ICompilers -D'HEADER_DIR="/home/tr16/COAWST_3.7/Projects/Sandy"'  ROMS/Utility/frc_weak.F > Build_roms/frc_weak.f90
/usr/bin/cpp -P -traditional -w               -DMPI -DLINUX -DX86_64 -DGFORTRAN -D'ROOT_DIR="/home/tr16/COAWST_3.7"' -DSANDY -D'HEADER="sandy.h"' -D'ROMS_HEADER="/home/tr16/COAWST_3.7/Projects/Sandy/sandy.h"' -DNestedGrids= -D'ANALYTICAL_DIR="/home/tr16/COAWST_3.7/Projects/Sandy"' -D'MY_ANALYTICAL="on"' -D'SVN_URL=""' -D'SVN_REV=""' -IROMS/Include -I/home/tr16/COAWST_3.7/Projects/Sandy -IROMS/Nonlinear -IROMS/Nonlinear/Biology -IROMS/Nonlinear/Sediment -IROMS/Nonlinear/Wec -IROMS/Nonlinear/Vegetation -IROMS/Utility -IROMS/Drivers -IROMS/Functionals -I/home/tr16/COAWST_3.7/Projects/Sandy -ISWAN/Src -IMaster -ICompilers -D'HEADER_DIR="/home/tr16/COAWST_3.7/Projects/Sandy"'  ROMS/Utility/rep_matrix.F > Build_roms/rep_matrix.f90
ROMS/Bin/cpp_clean Build_roms/ran1.f90
/usr/bin/cpp -P -traditional -w               -DMPI -DLINUX -DX86_64 -DGFORTRAN -D'ROOT_DIR="/home/tr16/COAWST_3.7"' -DSANDY -D'HEADER="sandy.h"' -D'ROMS_HEADER="/home/tr16/COAWST_3.7/Projects/Sandy/sandy.h"' -DNestedGrids= -D'ANALYTICAL_DIR="/home/tr16/COAWST_3.7/Projects/Sandy"' -D'MY_ANALYTICAL="on"' -D'SVN_URL=""' -D'SVN_REV=""' -IROMS/Include -I/home/tr16/COAWST_3.7/Projects/Sandy -IROMS/Nonlinear -IROMS/Nonlinear/Biology -IROMS/Nonlinear/Sediment -IROMS/Nonlinear/Wec -IROMS/Nonlinear/Vegetation -IROMS/Utility -IROMS/Drivers -IROMS/Functionals -I/home/tr16/COAWST_3.7/Projects/Sandy -ISWAN/Src -IMaster -ICompilers -D'HEADER_DIR="/home/tr16/COAWST_3.7/Projects/Sandy"'  ROMS/Utility/state_join.F > Build_roms/state_join.f90
/usr/bin/cpp -P -traditional -w               -DMPI -DLINUX -DX86_64 -DGFORTRAN -D'ROOT_DIR="/home/tr16/COAWST_3.7"' -DSANDY -D'HEADER="sandy.h"' -D'ROMS_HEADER="/home/tr16/COAWST_3.7/Projects/Sandy/sandy.h"' -DNestedGrids= -D'ANALYTICAL_DIR="/home/tr16/COAWST_3.7/Projects/Sandy"' -D'MY_ANALYTICAL="on"' -D'SVN_URL=""' -D'SVN_REV=""' -IROMS/Include -I/home/tr16/COAWST_3.7/Projects/Sandy -IROMS/Nonlinear -IROMS/Nonlinear/Biology -IROMS/Nonlinear/Sediment -IROMS/Nonlinear/Wec -IROMS/Nonlinear/Vegetation -IROMS/Utility -IROMS/Drivers -IROMS/Functionals -I/home/tr16/COAWST_3.7/Projects/Sandy -ISWAN/Src -IMaster -ICompilers -D'HEADER_DIR="/home/tr16/COAWST_3.7/Projects/Sandy"'  ROMS/Utility/get_wetdry.F > Build_roms/get_wetdry.f90
ROMS/Bin/cpp_clean Build_roms/gasdev.f90
/usr/bin/cpp -P -traditional -w               -DMPI -DLINUX -DX86_64 -DGFORTRAN -D'ROOT_DIR="/home/tr16/COAWST_3.7"' -DSANDY -D'HEADER="sandy.h"' -D'ROMS_HEADER="/home/tr16/COAWST_3.7/Projects/Sandy/sandy.h"' -DNestedGrids= -D'ANALYTICAL_DIR="/home/tr16/COAWST_3.7/Projects/Sandy"' -D'MY_ANALYTICAL="on"' -D'SVN_URL=""' -D'SVN_REV=""' -IROMS/Include -I/home/tr16/COAWST_3.7/Projects/Sandy -IROMS/Nonlinear -IROMS/Nonlinear/Biology -IROMS/Nonlinear/Sediment -IROMS/Nonlinear/Wec -IROMS/Nonlinear/Vegetation -IROMS/Utility -IROMS/Drivers -IROMS/Functionals -I/home/tr16/COAWST_3.7/Projects/Sandy -ISWAN/Src -IMaster -ICompilers -D'HEADER_DIR="/home/tr16/COAWST_3.7/Projects/Sandy"'  ROMS/Utility/wrt_dai.F > Build_roms/wrt_dai.f90
ROMS/Bin/cpp_clean Build_roms/check_multifile.f90
/usr/bin/cpp -P -traditional -w               -DMPI -DLINUX -DX86_64 -DGFORTRAN -D'ROOT_DIR="/home/tr16/COAWST_3.7"' -DSANDY -D'HEADER="sandy.h"' -D'ROMS_HEADER="/home/tr16/COAWST_3.7/Projects/Sandy/sandy.h"' -DNestedGrids= -D'ANALYTICAL_DIR="/home/tr16/COAWST_3.7/Projects/Sandy"' -D'MY_ANALYTICAL="on"' -D'SVN_URL=""' -D'SVN_REV=""' -IROMS/Include -I/home/tr16/COAWST_3.7/Projects/Sandy -IROMS/Nonlinear -IROMS/Nonlinear/Biology -IROMS/Nonlinear/Sediment -IROMS/Nonlinear/Wec -IROMS/Nonlinear/Vegetation -IROMS/Utility -IROMS/Drivers -IROMS/Functionals -I/home/tr16/COAWST_3.7/Projects/Sandy -ISWAN/Src -IMaster -ICompilers -D'HEADER_DIR="/home/tr16/COAWST_3.7/Projects/Sandy"'  ROMS/Utility/get_3dfldr.F > Build_roms/get_3dfldr.f90
ROMS/Bin/cpp_clean Build_roms/get_state.f90
/usr/bin/cpp -P -traditional -w               -DMPI -DLINUX -DX86_64 -DGFORTRAN -D'ROOT_DIR="/home/tr16/COAWST_3.7"' -DSANDY -D'HEADER="sandy.h"' -D'ROMS_HEADER="/home/tr16/COAWST_3.7/Projects/Sandy/sandy.h"' -DNestedGrids= -D'ANALYTICAL_DIR="/home/tr16/COAWST_3.7/Projects/Sandy"' -D'MY_ANALYTICAL="on"' -D'SVN_URL=""' -D'SVN_REV=""' -IROMS/Include -I/home/tr16/COAWST_3.7/Projects/Sandy -IROMS/Nonlinear -IROMS/Nonlinear/Biology -IROMS/Nonlinear/Sediment -IROMS/Nonlinear/Wec -IROMS/Nonlinear/Vegetation -IROMS/Utility -IROMS/Drivers -IROMS/Functionals -I/home/tr16/COAWST_3.7/Projects/Sandy -ISWAN/Src -IMaster -ICompilers -D'HEADER_DIR="/home/tr16/COAWST_3.7/Projects/Sandy"'  ROMS/Utility/wrt_station.F > Build_roms/wrt_station.f90
/usr/bin/cpp -P -traditional -w               -DMPI -DLINUX -DX86_64 -DGFORTRAN -D'ROOT_DIR="/home/tr16/COAWST_3.7"' -DSANDY -D'HEADER="sandy.h"' -D'ROMS_HEADER="/home/tr16/COAWST_3.7/Projects/Sandy/sandy.h"' -DNestedGrids= -D'ANALYTICAL_DIR="/home/tr16/COAWST_3.7/Projects/Sandy"' -D'MY_ANALYTICAL="on"' -D'SVN_URL=""' -D'SVN_REV=""' -IROMS/Include -I/home/tr16/COAWST_3.7/Projects/Sandy -IROMS/Nonlinear -IROMS/Nonlinear/Biology -IROMS/Nonlinear/Sediment -IROMS/Nonlinear/Wec -IROMS/Nonlinear/Vegetation -IROMS/Utility -IROMS/Drivers -IROMS/Functionals -I/home/tr16/COAWST_3.7/Projects/Sandy -ISWAN/Src -IMaster -ICompilers -D'HEADER_DIR="/home/tr16/COAWST_3.7/Projects/Sandy"'  ROMS/Utility/read_fltpar.F > Build_roms/read_fltpar.f90
ROMS/Bin/cpp_clean Build_roms/get_filter.f90
ROMS/Bin/cpp_clean Build_roms/def_ini.f90
/usr/bin/cpp -P -traditional -w               -DMPI -DLINUX -DX86_64 -DGFORTRAN -D'ROOT_DIR="/home/tr16/COAWST_3.7"' -DSANDY -D'HEADER="sandy.h"' -D'ROMS_HEADER="/home/tr16/COAWST_3.7/Projects/Sandy/sandy.h"' -DNestedGrids= -D'ANALYTICAL_DIR="/home/tr16/COAWST_3.7/Projects/Sandy"' -D'MY_ANALYTICAL="on"' -D'SVN_URL=""' -D'SVN_REV=""' -IROMS/Include -I/home/tr16/COAWST_3.7/Projects/Sandy -IROMS/Nonlinear -IROMS/Nonlinear/Biology -IROMS/Nonlinear/Sediment -IROMS/Nonlinear/Wec -IROMS/Nonlinear/Vegetation -IROMS/Utility -IROMS/Drivers -IROMS/Functionals -I/home/tr16/COAWST_3.7/Projects/Sandy -ISWAN/Src -IMaster -ICompilers -D'HEADER_DIR="/home/tr16/COAWST_3.7/Projects/Sandy"'  ROMS/Utility/def_filt.F > Build_roms/def_filt.f90
/usr/bin/cpp -P -traditional -w               -DMPI -DLINUX -DX86_64 -DGFORTRAN -D'ROOT_DIR="/home/tr16/COAWST_3.7"' -DSANDY -D'HEADER="sandy.h"' -D'ROMS_HEADER="/home/tr16/COAWST_3.7/Projects/Sandy/sandy.h"' -DNestedGrids= -D'ANALYTICAL_DIR="/home/tr16/COAWST_3.7/Projects/Sandy"' -D'MY_ANALYTICAL="on"' -D'SVN_URL=""' -D'SVN_REV=""' -IROMS/Include -I/home/tr16/COAWST_3.7/Projects/Sandy -IROMS/Nonlinear -IROMS/Nonlinear/Biology -IROMS/Nonlinear/Sediment -IROMS/Nonlinear/Wec -IROMS/Nonlinear/Vegetation -IROMS/Utility -IROMS/Drivers -IROMS/Functionals -I/home/tr16/COAWST_3.7/Projects/Sandy -ISWAN/Src -IMaster -ICompilers -D'HEADER_DIR="/home/tr16/COAWST_3.7/Projects/Sandy"'  ROMS/Utility/obs_depth.F > Build_roms/obs_depth.f90
/usr/bin/cpp -P -traditional -w               -DMPI -DLINUX -DX86_64 -DGFORTRAN -D'ROOT_DIR="/home/tr16/COAWST_3.7"' -DSANDY -D'HEADER="sandy.h"' -D'ROMS_HEADER="/home/tr16/COAWST_3.7/Projects/Sandy/sandy.h"' -DNestedGrids= -D'ANALYTICAL_DIR="/home/tr16/COAWST_3.7/Projects/Sandy"' -D'MY_ANALYTICAL="on"' -D'SVN_URL=""' -D'SVN_REV=""' -IROMS/Include -I/home/tr16/COAWST_3.7/Projects/Sandy -IROMS/Nonlinear -IROMS/Nonlinear/Biology -IROMS/Nonlinear/Sediment -IROMS/Nonlinear/Wec -IROMS/Nonlinear/Vegetation -IROMS/Utility -IROMS/Drivers -IROMS/Functionals -I/home/tr16/COAWST_3.7/Projects/Sandy -ISWAN/Src -IMaster -ICompilers -D'HEADER_DIR="/home/tr16/COAWST_3.7/Projects/Sandy"'  ROMS/Utility/inquiry.F > Build_roms/inquiry.f90
/usr/bin/cpp -P -traditional -w               -DMPI -DLINUX -DX86_64 -DGFORTRAN -D'ROOT_DIR="/home/tr16/COAWST_3.7"' -DSANDY -D'HEADER="sandy.h"' -D'ROMS_HEADER="/home/tr16/COAWST_3.7/Projects/Sandy/sandy.h"' -DNestedGrids= -D'ANALYTICAL_DIR="/home/tr16/COAWST_3.7/Projects/Sandy"' -D'MY_ANALYTICAL="on"' -D'SVN_URL=""' -D'SVN_REV=""' -IROMS/Include -I/home/tr16/COAWST_3.7/Projects/Sandy -IROMS/Nonlinear -IROMS/Nonlinear/Biology -IROMS/Nonlinear/Sediment -IROMS/Nonlinear/Wec -IROMS/Nonlinear/Vegetation -IROMS/Utility -IROMS/Drivers -IROMS/Functionals -I/home/tr16/COAWST_3.7/Projects/Sandy -ISWAN/Src -IMaster -ICompilers -D'HEADER_DIR="/home/tr16/COAWST_3.7/Projects/Sandy"'  ROMS/Utility/obs_cost.F > Build_roms/obs_cost.f90
/usr/bin/cpp -P -traditional -w               -DMPI -DLINUX -DX86_64 -DGFORTRAN -D'ROOT_DIR="/home/tr16/COAWST_3.7"' -DSANDY -D'HEADER="sandy.h"' -D'ROMS_HEADER="/home/tr16/COAWST_3.7/Projects/Sandy/sandy.h"' -DNestedGrids= -D'ANALYTICAL_DIR="/home/tr16/COAWST_3.7/Projects/Sandy"' -D'MY_ANALYTICAL="on"' -D'SVN_URL=""' -D'SVN_REV=""' -IROMS/Include -I/home/tr16/COAWST_3.7/Projects/Sandy -IROMS/Nonlinear -IROMS/Nonlinear/Biology -IROMS/Nonlinear/Sediment -IROMS/Nonlinear/Wec -IROMS/Nonlinear/Vegetation -IROMS/Utility -IROMS/Drivers -IROMS/Functionals -I/home/tr16/COAWST_3.7/Projects/Sandy -ISWAN/Src -IMaster -ICompilers -D'HEADER_DIR="/home/tr16/COAWST_3.7/Projects/Sandy"'  ROMS/Utility/wrt_aug_imp.F > Build_roms/wrt_aug_imp.f90
/usr/bin/cpp -P -traditional -w               -DMPI -DLINUX -DX86_64 -DGFORTRAN -D'ROOT_DIR="/home/tr16/COAWST_3.7"' -DSANDY -D'HEADER="sandy.h"' -D'ROMS_HEADER="/home/tr16/COAWST_3.7/Projects/Sandy/sandy.h"' -DNestedGrids= -D'ANALYTICAL_DIR="/home/tr16/COAWST_3.7/Projects/Sandy"' -D'MY_ANALYTICAL="on"' -D'SVN_URL=""' -D'SVN_REV=""' -IROMS/Include -I/home/tr16/COAWST_3.7/Projects/Sandy -IROMS/Nonlinear -IROMS/Nonlinear/Biology -IROMS/Nonlinear/Sediment -IROMS/Nonlinear/Wec -IROMS/Nonlinear/Vegetation -IROMS/Utility -IROMS/Drivers -IROMS/Functionals -I/home/tr16/COAWST_3.7/Projects/Sandy -ISWAN/Src -IMaster -ICompilers -D'HEADER_DIR="/home/tr16/COAWST_3.7/Projects/Sandy"'  ROMS/Utility/set_2dfldr.F > Build_roms/set_2dfldr.f90
ROMS/Bin/cpp_clean Build_roms/def_avg.f90
ROMS/Bin/cpp_clean Build_roms/lanc_resid.f90
/usr/bin/cpp -P -traditional -w               -DMPI -DLINUX -DX86_64 -DGFORTRAN -D'ROOT_DIR="/home/tr16/COAWST_3.7"' -DSANDY -D'HEADER="sandy.h"' -D'ROMS_HEADER="/home/tr16/COAWST_3.7/Projects/Sandy/sandy.h"' -DNestedGrids= -D'ANALYTICAL_DIR="/home/tr16/COAWST_3.7/Projects/Sandy"' -D'MY_ANALYTICAL="on"' -D'SVN_URL=""' -D'SVN_REV=""' -IROMS/Include -I/home/tr16/COAWST_3.7/Projects/Sandy -IROMS/Nonlinear -IROMS/Nonlinear/Biology -IROMS/Nonlinear/Sediment -IROMS/Nonlinear/Wec -IROMS/Nonlinear/Vegetation -IROMS/Utility -IROMS/Drivers -IROMS/Functionals -I/home/tr16/COAWST_3.7/Projects/Sandy -ISWAN/Src -IMaster -ICompilers -D'HEADER_DIR="/home/tr16/COAWST_3.7/Projects/Sandy"'  ROMS/Modules/mod_arrays.F > Build_roms/mod_arrays.f90
/usr/bin/cpp -P -traditional -w               -DMPI -DLINUX -DX86_64 -DGFORTRAN -D'ROOT_DIR="/home/tr16/COAWST_3.7"' -DSANDY -D'HEADER="sandy.h"' -D'ROMS_HEADER="/home/tr16/COAWST_3.7/Projects/Sandy/sandy.h"' -DNestedGrids= -D'ANALYTICAL_DIR="/home/tr16/COAWST_3.7/Projects/Sandy"' -D'MY_ANALYTICAL="on"' -D'SVN_URL=""' -D'SVN_REV=""' -IROMS/Include -I/home/tr16/COAWST_3.7/Projects/Sandy -IROMS/Nonlinear -IROMS/Nonlinear/Biology -IROMS/Nonlinear/Sediment -IROMS/Nonlinear/Wec -IROMS/Nonlinear/Vegetation -IROMS/Utility -IROMS/Drivers -IROMS/Functionals -I/home/tr16/COAWST_3.7/Projects/Sandy -ISWAN/Src -IMaster -ICompilers -D'HEADER_DIR="/home/tr16/COAWST_3.7/Projects/Sandy"'  SWAN/Src/swancom4.F > Build_roms/swancom4.f90
/usr/bin/cpp -P -traditional -w               -DMPI -DLINUX -DX86_64 -DGFORTRAN -D'ROOT_DIR="/home/tr16/COAWST_3.7"' -DSANDY -D'HEADER="sandy.h"' -D'ROMS_HEADER="/home/tr16/COAWST_3.7/Projects/Sandy/sandy.h"' -DNestedGrids= -D'ANALYTICAL_DIR="/home/tr16/COAWST_3.7/Projects/Sandy"' -D'MY_ANALYTICAL="on"' -D'SVN_URL=""' -D'SVN_REV=""' -IROMS/Include -I/home/tr16/COAWST_3.7/Projects/Sandy -IROMS/Nonlinear -IROMS/Nonlinear/Biology -IROMS/Nonlinear/Sediment -IROMS/Nonlinear/Wec -IROMS/Nonlinear/Vegetation -IROMS/Utility -IROMS/Drivers -IROMS/Functionals -I/home/tr16/COAWST_3.7/Projects/Sandy -ISWAN/Src -IMaster -ICompilers -D'HEADER_DIR="/home/tr16/COAWST_3.7/Projects/Sandy"'  SWAN/Src/mod_xnl4v5.F > Build_roms/mod_xnl4v5.f90
/usr/bin/cpp -P -traditional -w               -DMPI -DLINUX -DX86_64 -DGFORTRAN -D'ROOT_DIR="/home/tr16/COAWST_3.7"' -DSANDY -D'HEADER="sandy.h"' -D'ROMS_HEADER="/home/tr16/COAWST_3.7/Projects/Sandy/sandy.h"' -DNestedGrids= -D'ANALYTICAL_DIR="/home/tr16/COAWST_3.7/Projects/Sandy"' -D'MY_ANALYTICAL="on"' -D'SVN_URL=""' -D'SVN_REV=""' -IROMS/Include -I/home/tr16/COAWST_3.7/Projects/Sandy -IROMS/Nonlinear -IROMS/Nonlinear/Biology -IROMS/Nonlinear/Sediment -IROMS/Nonlinear/Wec -IROMS/Nonlinear/Vegetation -IROMS/Utility -IROMS/Drivers -IROMS/Functionals -I/home/tr16/COAWST_3.7/Projects/Sandy -ISWAN/Src -IMaster -ICompilers -D'HEADER_DIR="/home/tr16/COAWST_3.7/Projects/Sandy"'  SWAN/Src/m_constants.F > Build_roms/m_constants.f90
ROMS/Bin/cpp_clean Build_roms/def_dai.f90
ROMS/Bin/cpp_clean Build_roms/wrt_filt.f90
/usr/bin/cpp -P -traditional -w               -DMPI -DLINUX -DX86_64 -DGFORTRAN -D'ROOT_DIR="/home/tr16/COAWST_3.7"' -DSANDY -D'HEADER="sandy.h"' -D'ROMS_HEADER="/home/tr16/COAWST_3.7/Projects/Sandy/sandy.h"' -DNestedGrids= -D'ANALYTICAL_DIR="/home/tr16/COAWST_3.7/Projects/Sandy"' -D'MY_ANALYTICAL="on"' -D'SVN_URL=""' -D'SVN_REV=""' -IROMS/Include -I/home/tr16/COAWST_3.7/Projects/Sandy -IROMS/Nonlinear -IROMS/Nonlinear/Biology -IROMS/Nonlinear/Sediment -IROMS/Nonlinear/Wec -IROMS/Nonlinear/Vegetation -IROMS/Utility -IROMS/Drivers -IROMS/Functionals -I/home/tr16/COAWST_3.7/Projects/Sandy -ISWAN/Src -IMaster -ICompilers -D'HEADER_DIR="/home/tr16/COAWST_3.7/Projects/Sandy"'  SWAN/Src/m_fileio.F > Build_roms/m_fileio.f90
/usr/bin/cpp -P -traditional -w               -DMPI -DLINUX -DX86_64 -DGFORTRAN -D'ROOT_DIR="/home/tr16/COAWST_3.7"' -DSANDY -D'HEADER="sandy.h"' -D'ROMS_HEADER="/home/tr16/COAWST_3.7/Projects/Sandy/sandy.h"' -DNestedGrids= -D'ANALYTICAL_DIR="/home/tr16/COAWST_3.7/Projects/Sandy"' -D'MY_ANALYTICAL="on"' -D'SVN_URL=""' -D'SVN_REV=""' -IROMS/Include -I/home/tr16/COAWST_3.7/Projects/Sandy -IROMS/Nonlinear -IROMS/Nonlinear/Biology -IROMS/Nonlinear/Sediment -IROMS/Nonlinear/Wec -IROMS/Nonlinear/Vegetation -IROMS/Utility -IROMS/Drivers -IROMS/Functionals -I/home/tr16/COAWST_3.7/Projects/Sandy -ISWAN/Src -IMaster -ICompilers -D'HEADER_DIR="/home/tr16/COAWST_3.7/Projects/Sandy"'  SWAN/Src/serv_xnl4v5.F > Build_roms/serv_xnl4v5.f90
/usr/bin/cpp -P -traditional -w               -DMPI -DLINUX -DX86_64 -DGFORTRAN -D'ROOT_DIR="/home/tr16/COAWST_3.7"' -DSANDY -D'HEADER="sandy.h"' -D'ROMS_HEADER="/home/tr16/COAWST_3.7/Projects/Sandy/sandy.h"' -DNestedGrids= -D'ANALYTICAL_DIR="/home/tr16/COAWST_3.7/Projects/Sandy"' -D'MY_ANALYTICAL="on"' -D'SVN_URL=""' -D'SVN_REV=""' -IROMS/Include -I/home/tr16/COAWST_3.7/Projects/Sandy -IROMS/Nonlinear -IROMS/Nonlinear/Biology -IROMS/Nonlinear/Sediment -IROMS/Nonlinear/Wec -IROMS/Nonlinear/Vegetation -IROMS/Utility -IROMS/Drivers -IROMS/Functionals -I/home/tr16/COAWST_3.7/Projects/Sandy -ISWAN/Src -IMaster -ICompilers -D'HEADER_DIR="/home/tr16/COAWST_3.7/Projects/Sandy"'  SWAN/Src/SwanReadGrid.F > Build_roms/SwanReadGrid.f90
/usr/bin/cpp -P -traditional -w               -DMPI -DLINUX -DX86_64 -DGFORTRAN -D'ROOT_DIR="/home/tr16/COAWST_3.7"' -DSANDY -D'HEADER="sandy.h"' -D'ROMS_HEADER="/home/tr16/COAWST_3.7/Projects/Sandy/sandy.h"' -DNestedGrids= -D'ANALYTICAL_DIR="/home/tr16/COAWST_3.7/Projects/Sandy"' -D'MY_ANALYTICAL="on"' -D'SVN_URL=""' -D'SVN_REV=""' -IROMS/Include -I/home/tr16/COAWST_3.7/Projects/Sandy -IROMS/Nonlinear -IROMS/Nonlinear/Biology -IROMS/Nonlinear/Sediment -IROMS/Nonlinear/Wec -IROMS/Nonlinear/Vegetation -IROMS/Utility -IROMS/Drivers -IROMS/Functionals -I/home/tr16/COAWST_3.7/Projects/Sandy -ISWAN/Src -IMaster -ICompilers -D'HEADER_DIR="/home/tr16/COAWST_3.7/Projects/Sandy"'  SWAN/Src/SwanGriddata.F > Build_roms/SwanGriddata.f90
/usr/bin/cpp -P -traditional -w               -DMPI -DLINUX -DX86_64 -DGFORTRAN -D'ROOT_DIR="/home/tr16/COAWST_3.7"' -DSANDY -D'HEADER="sandy.h"' -D'ROMS_HEADER="/home/tr16/COAWST_3.7/Projects/Sandy/sandy.h"' -DNestedGrids= -D'ANALYTICAL_DIR="/home/tr16/COAWST_3.7/Projects/Sandy"' -D'MY_ANALYTICAL="on"' -D'SVN_URL=""' -D'SVN_REV=""' -IROMS/Include -I/home/tr16/COAWST_3.7/Projects/Sandy -IROMS/Nonlinear -IROMS/Nonlinear/Biology -IROMS/Nonlinear/Sediment -IROMS/Nonlinear/Wec -IROMS/Nonlinear/Vegetation -IROMS/Utility -IROMS/Drivers -IROMS/Functionals -I/home/tr16/COAWST_3.7/Projects/Sandy -ISWAN/Src -IMaster -ICompilers -D'HEADER_DIR="/home/tr16/COAWST_3.7/Projects/Sandy"'  SWAN/Src/SwanSumOverNodes.F > Build_roms/SwanSumOverNodes.f90
/usr/bin/cpp -P -traditional -w               -DMPI -DLINUX -DX86_64 -DGFORTRAN -D'ROOT_DIR="/home/tr16/COAWST_3.7"' -DSANDY -D'HEADER="sandy.h"' -D'ROMS_HEADER="/home/tr16/COAWST_3.7/Projects/Sandy/sandy.h"' -DNestedGrids= -D'ANALYTICAL_DIR="/home/tr16/COAWST_3.7/Projects/Sandy"' -D'MY_ANALYTICAL="on"' -D'SVN_URL=""' -D'SVN_REV=""' -IROMS/Include -I/home/tr16/COAWST_3.7/Projects/Sandy -IROMS/Nonlinear -IROMS/Nonlinear/Biology -IROMS/Nonlinear/Sediment -IROMS/Nonlinear/Wec -IROMS/Nonlinear/Vegetation -IROMS/Utility -IROMS/Drivers -IROMS/Functionals -I/home/tr16/COAWST_3.7/Projects/Sandy -ISWAN/Src -IMaster -ICompilers -D'HEADER_DIR="/home/tr16/COAWST_3.7/Projects/Sandy"'  SWAN/Src/SwanCrossObstacle.F > Build_roms/SwanCrossObstacle.f90
/usr/bin/cpp -P -traditional -w               -DMPI -DLINUX -DX86_64 -DGFORTRAN -D'ROOT_DIR="/home/tr16/COAWST_3.7"' -DSANDY -D'HEADER="sandy.h"' -D'ROMS_HEADER="/home/tr16/COAWST_3.7/Projects/Sandy/sandy.h"' -DNestedGrids= -D'ANALYTICAL_DIR="/home/tr16/COAWST_3.7/Projects/Sandy"' -D'MY_ANALYTICAL="on"' -D'SVN_URL=""' -D'SVN_REV=""' -IROMS/Include -I/home/tr16/COAWST_3.7/Projects/Sandy -IROMS/Nonlinear -IROMS/Nonlinear/Biology -IROMS/Nonlinear/Sediment -IROMS/Nonlinear/Wec -IROMS/Nonlinear/Vegetation -IROMS/Utility -IROMS/Drivers -IROMS/Functionals -I/home/tr16/COAWST_3.7/Projects/Sandy -ISWAN/Src -IMaster -ICompilers -D'HEADER_DIR="/home/tr16/COAWST_3.7/Projects/Sandy"'  SWAN/Src/SwanFindObstacles.F > Build_roms/SwanFindObstacles.f90
/usr/bin/cpp -P -traditional -w               -DMPI -DLINUX -DX86_64 -DGFORTRAN -D'ROOT_DIR="/home/tr16/COAWST_3.7"' -DSANDY -D'HEADER="sandy.h"' -D'ROMS_HEADER="/home/tr16/COAWST_3.7/Projects/Sandy/sandy.h"' -DNestedGrids= -D'ANALYTICAL_DIR="/home/tr16/COAWST_3.7/Projects/Sandy"' -D'MY_ANALYTICAL="on"' -D'SVN_URL=""' -D'SVN_REV=""' -IROMS/Include -I/home/tr16/COAWST_3.7/Projects/Sandy -IROMS/Nonlinear -IROMS/Nonlinear/Biology -IROMS/Nonlinear/Sediment -IROMS/Nonlinear/Wec -IROMS/Nonlinear/Vegetation -IROMS/Utility -IROMS/Drivers -IROMS/Functionals -I/home/tr16/COAWST_3.7/Projects/Sandy -ISWAN/Src -IMaster -ICompilers -D'HEADER_DIR="/home/tr16/COAWST_3.7/Projects/Sandy"'  SWAN/Src/SwanGridobjects.F > Build_roms/SwanGridobjects.f90
/usr/bin/cpp -P -traditional -w               -DMPI -DLINUX -DX86_64 -DGFORTRAN -D'ROOT_DIR="/home/tr16/COAWST_3.7"' -DSANDY -D'HEADER="sandy.h"' -D'ROMS_HEADER="/home/tr16/COAWST_3.7/Projects/Sandy/sandy.h"' -DNestedGrids= -D'ANALYTICAL_DIR="/home/tr16/COAWST_3.7/Projects/Sandy"' -D'MY_ANALYTICAL="on"' -D'SVN_URL=""' -D'SVN_REV=""' -IROMS/Include -I/home/tr16/COAWST_3.7/Projects/Sandy -IROMS/Nonlinear -IROMS/Nonlinear/Biology -IROMS/Nonlinear/Sediment -IROMS/Nonlinear/Wec -IROMS/Nonlinear/Vegetation -IROMS/Utility -IROMS/Drivers -IROMS/Functionals -I/home/tr16/COAWST_3.7/Projects/Sandy -ISWAN/Src -IMaster -ICompilers -D'HEADER_DIR="/home/tr16/COAWST_3.7/Projects/Sandy"'  SWAN/Src/ocpmix.F > Build_roms/ocpmix.f90
/usr/bin/cpp -P -traditional -w               -DMPI -DLINUX -DX86_64 -DGFORTRAN -D'ROOT_DIR="/home/tr16/COAWST_3.7"' -DSANDY -D'HEADER="sandy.h"' -D'ROMS_HEADER="/home/tr16/COAWST_3.7/Projects/Sandy/sandy.h"' -DNestedGrids= -D'ANALYTICAL_DIR="/home/tr16/COAWST_3.7/Projects/Sandy"' -D'MY_ANALYTICAL="on"' -D'SVN_URL=""' -D'SVN_REV=""' -IROMS/Include -I/home/tr16/COAWST_3.7/Projects/Sandy -IROMS/Nonlinear -IROMS/Nonlinear/Biology -IROMS/Nonlinear/Sediment -IROMS/Nonlinear/Wec -IROMS/Nonlinear/Vegetation -IROMS/Utility -IROMS/Drivers -IROMS/Functionals -I/home/tr16/COAWST_3.7/Projects/Sandy -ISWAN/Src -IMaster -ICompilers -D'HEADER_DIR="/home/tr16/COAWST_3.7/Projects/Sandy"'  SWAN/Src/SwanVertlist.F > Build_roms/SwanVertlist.f90
ROMS/Bin/cpp_clean Build_roms/def_error.f90
ROMS/Bin/cpp_clean Build_roms/frc_weak.f90
ROMS/Bin/cpp_clean Build_roms/rep_matrix.f90
/usr/bin/cpp -P -traditional -w               -DMPI -DLINUX -DX86_64 -DGFORTRAN -D'ROOT_DIR="/home/tr16/COAWST_3.7"' -DSANDY -D'HEADER="sandy.h"' -D'ROMS_HEADER="/home/tr16/COAWST_3.7/Projects/Sandy/sandy.h"' -DNestedGrids= -D'ANALYTICAL_DIR="/home/tr16/COAWST_3.7/Projects/Sandy"' -D'MY_ANALYTICAL="on"' -D'SVN_URL=""' -D'SVN_REV=""' -IROMS/Include -I/home/tr16/COAWST_3.7/Projects/Sandy -IROMS/Nonlinear -IROMS/Nonlinear/Biology -IROMS/Nonlinear/Sediment -IROMS/Nonlinear/Wec -IROMS/Nonlinear/Vegetation -IROMS/Utility -IROMS/Drivers -IROMS/Functionals -I/home/tr16/COAWST_3.7/Projects/Sandy -ISWAN/Src -IMaster -ICompilers -D'HEADER_DIR="/home/tr16/COAWST_3.7/Projects/Sandy"'  SWAN/Src/SwanCompdata.F > Build_roms/SwanCompdata.f90
/usr/bin/cpp -P -traditional -w               -DMPI -DLINUX -DX86_64 -DGFORTRAN -D'ROOT_DIR="/home/tr16/COAWST_3.7"' -DSANDY -D'HEADER="sandy.h"' -D'ROMS_HEADER="/home/tr16/COAWST_3.7/Projects/Sandy/sandy.h"' -DNestedGrids= -D'ANALYTICAL_DIR="/home/tr16/COAWST_3.7/Projects/Sandy"' -D'MY_ANALYTICAL="on"' -D'SVN_URL=""' -D'SVN_REV=""' -IROMS/Include -I/home/tr16/COAWST_3.7/Projects/Sandy -IROMS/Nonlinear -IROMS/Nonlinear/Biology -IROMS/Nonlinear/Sediment -IROMS/Nonlinear/Wec -IROMS/Nonlinear/Vegetation -IROMS/Utility -IROMS/Drivers -IROMS/Functionals -I/home/tr16/COAWST_3.7/Projects/Sandy -ISWAN/Src -IMaster -ICompilers -D'HEADER_DIR="/home/tr16/COAWST_3.7/Projects/Sandy"'  SWAN/Src/swanmain.F > Build_roms/swanmain.f90
/usr/bin/cpp -P -traditional -w               -DMPI -DLINUX -DX86_64 -DGFORTRAN -D'ROOT_DIR="/home/tr16/COAWST_3.7"' -DSANDY -D'HEADER="sandy.h"' -D'ROMS_HEADER="/home/tr16/COAWST_3.7/Projects/Sandy/sandy.h"' -DNestedGrids= -D'ANALYTICAL_DIR="/home/tr16/COAWST_3.7/Projects/Sandy"' -D'MY_ANALYTICAL="on"' -D'SVN_URL=""' -D'SVN_REV=""' -IROMS/Include -I/home/tr16/COAWST_3.7/Projects/Sandy -IROMS/Nonlinear -IROMS/Nonlinear/Biology -IROMS/Nonlinear/Sediment -IROMS/Nonlinear/Wec -IROMS/Nonlinear/Vegetation -IROMS/Utility -IROMS/Drivers -IROMS/Functionals -I/home/tr16/COAWST_3.7/Projects/Sandy -ISWAN/Src -IMaster -ICompilers -D'HEADER_DIR="/home/tr16/COAWST_3.7/Projects/Sandy"'  SWAN/Src/swanpre3.F > Build_roms/swanpre3.f90
ROMS/Bin/cpp_clean Build_roms/get_wetdry.f90
ROMS/Bin/cpp_clean Build_roms/state_join.f90
ROMS/Bin/cpp_clean Build_roms/wrt_dai.f90
ROMS/Bin/cpp_clean Build_roms/get_3dfldr.f90
ROMS/Bin/cpp_clean Build_roms/wrt_station.f90
ROMS/Bin/cpp_clean Build_roms/read_fltpar.f90
/usr/bin/cpp -P -traditional -w               -DMPI -DLINUX -DX86_64 -DGFORTRAN -D'ROOT_DIR="/home/tr16/COAWST_3.7"' -DSANDY -D'HEADER="sandy.h"' -D'ROMS_HEADER="/home/tr16/COAWST_3.7/Projects/Sandy/sandy.h"' -DNestedGrids= -D'ANALYTICAL_DIR="/home/tr16/COAWST_3.7/Projects/Sandy"' -D'MY_ANALYTICAL="on"' -D'SVN_URL=""' -D'SVN_REV=""' -IROMS/Include -I/home/tr16/COAWST_3.7/Projects/Sandy -IROMS/Nonlinear -IROMS/Nonlinear/Biology -IROMS/Nonlinear/Sediment -IROMS/Nonlinear/Wec -IROMS/Nonlinear/Vegetation -IROMS/Utility -IROMS/Drivers -IROMS/Functionals -I/home/tr16/COAWST_3.7/Projects/Sandy -ISWAN/Src -IMaster -ICompilers -D'HEADER_DIR="/home/tr16/COAWST_3.7/Projects/Sandy"'  SWAN/Src/swpoint.F > Build_roms/swpoint.f90
ROMS/Bin/cpp_clean Build_roms/obs_depth.f90
ROMS/Bin/cpp_clean Build_roms/def_filt.f90
ROMS/Bin/cpp_clean Build_roms/obs_cost.f90
/usr/bin/cpp -P -traditional -w               -DMPI -DLINUX -DX86_64 -DGFORTRAN -D'ROOT_DIR="/home/tr16/COAWST_3.7"' -DSANDY -D'HEADER="sandy.h"' -D'ROMS_HEADER="/home/tr16/COAWST_3.7/Projects/Sandy/sandy.h"' -DNestedGrids= -D'ANALYTICAL_DIR="/home/tr16/COAWST_3.7/Projects/Sandy"' -D'MY_ANALYTICAL="on"' -D'SVN_URL=""' -D'SVN_REV=""' -IROMS/Include -I/home/tr16/COAWST_3.7/Projects/Sandy -IROMS/Nonlinear -IROMS/Nonlinear/Biology -IROMS/Nonlinear/Sediment -IROMS/Nonlinear/Wec -IROMS/Nonlinear/Vegetation -IROMS/Utility -IROMS/Drivers -IROMS/Functionals -I/home/tr16/COAWST_3.7/Projects/Sandy -ISWAN/Src -IMaster -ICompilers -D'HEADER_DIR="/home/tr16/COAWST_3.7/Projects/Sandy"'  SWAN/Src/waves_coupler.F > Build_roms/waves_coupler.f90
ROMS/Bin/cpp_clean Build_roms/inquiry.f90
ROMS/Bin/cpp_clean Build_roms/wrt_aug_imp.f90
ROMS/Bin/cpp_clean Build_roms/set_2dfldr.f90
/usr/bin/cpp -P -traditional -w               -DMPI -DLINUX -DX86_64 -DGFORTRAN -D'ROOT_DIR="/home/tr16/COAWST_3.7"' -DSANDY -D'HEADER="sandy.h"' -D'ROMS_HEADER="/home/tr16/COAWST_3.7/Projects/Sandy/sandy.h"' -DNestedGrids= -D'ANALYTICAL_DIR="/home/tr16/COAWST_3.7/Projects/Sandy"' -D'MY_ANALYTICAL="on"' -D'SVN_URL=""' -D'SVN_REV=""' -IROMS/Include -I/home/tr16/COAWST_3.7/Projects/Sandy -IROMS/Nonlinear -IROMS/Nonlinear/Biology -IROMS/Nonlinear/Sediment -IROMS/Nonlinear/Wec -IROMS/Nonlinear/Vegetation -IROMS/Utility -IROMS/Drivers -IROMS/Functionals -I/home/tr16/COAWST_3.7/Projects/Sandy -ISWAN/Src -IMaster -ICompilers -D'HEADER_DIR="/home/tr16/COAWST_3.7/Projects/Sandy"'  SWAN/Src/SwanMaxOverNodes.F > Build_roms/SwanMaxOverNodes.f90
ROMS/Bin/cpp_clean Build_roms/m_constants.f90
ROMS/Bin/cpp_clean Build_roms/mod_arrays.f90
/usr/bin/cpp -P -traditional -w               -DMPI -DLINUX -DX86_64 -DGFORTRAN -D'ROOT_DIR="/home/tr16/COAWST_3.7"' -DSANDY -D'HEADER="sandy.h"' -D'ROMS_HEADER="/home/tr16/COAWST_3.7/Projects/Sandy/sandy.h"' -DNestedGrids= -D'ANALYTICAL_DIR="/home/tr16/COAWST_3.7/Projects/Sandy"' -D'MY_ANALYTICAL="on"' -D'SVN_URL=""' -D'SVN_REV=""' -IROMS/Include -I/home/tr16/COAWST_3.7/Projects/Sandy -IROMS/Nonlinear -IROMS/Nonlinear/Biology -IROMS/Nonlinear/Sediment -IROMS/Nonlinear/Wec -IROMS/Nonlinear/Vegetation -IROMS/Utility -IROMS/Drivers -IROMS/Functionals -I/home/tr16/COAWST_3.7/Projects/Sandy -ISWAN/Src -IMaster -ICompilers -D'HEADER_DIR="/home/tr16/COAWST_3.7/Projects/Sandy"'  SWAN/Src/swancom5.F > Build_roms/swancom5.f90
ROMS/Bin/cpp_clean Build_roms/m_fileio.f90
ROMS/Bin/cpp_clean Build_roms/SwanReadGrid.f90
ROMS/Bin/cpp_clean Build_roms/serv_xnl4v5.f90
/usr/bin/cpp -P -traditional -w               -DMPI -DLINUX -DX86_64 -DGFORTRAN -D'ROOT_DIR="/home/tr16/COAWST_3.7"' -DSANDY -D'HEADER="sandy.h"' -D'ROMS_HEADER="/home/tr16/COAWST_3.7/Projects/Sandy/sandy.h"' -DNestedGrids= -D'ANALYTICAL_DIR="/home/tr16/COAWST_3.7/Projects/Sandy"' -D'MY_ANALYTICAL="on"' -D'SVN_URL=""' -D'SVN_REV=""' -IROMS/Include -I/home/tr16/COAWST_3.7/Projects/Sandy -IROMS/Nonlinear -IROMS/Nonlinear/Biology -IROMS/Nonlinear/Sediment -IROMS/Nonlinear/Wec -IROMS/Nonlinear/Vegetation -IROMS/Utility -IROMS/Drivers -IROMS/Functionals -I/home/tr16/COAWST_3.7/Projects/Sandy -ISWAN/Src -IMaster -ICompilers -D'HEADER_DIR="/home/tr16/COAWST_3.7/Projects/Sandy"'  SWAN/Src/SwanReadEasymeshGrid.F > Build_roms/SwanReadEasymeshGrid.f90
ROMS/Bin/cpp_clean Build_roms/SwanGriddata.f90
/usr/bin/cpp -P -traditional -w               -DMPI -DLINUX -DX86_64 -DGFORTRAN -D'ROOT_DIR="/home/tr16/COAWST_3.7"' -DSANDY -D'HEADER="sandy.h"' -D'ROMS_HEADER="/home/tr16/COAWST_3.7/Projects/Sandy/sandy.h"' -DNestedGrids= -D'ANALYTICAL_DIR="/home/tr16/COAWST_3.7/Projects/Sandy"' -D'MY_ANALYTICAL="on"' -D'SVN_URL=""' -D'SVN_REV=""' -IROMS/Include -I/home/tr16/COAWST_3.7/Projects/Sandy -IROMS/Nonlinear -IROMS/Nonlinear/Biology -IROMS/Nonlinear/Sediment -IROMS/Nonlinear/Wec -IROMS/Nonlinear/Vegetation -IROMS/Utility -IROMS/Drivers -IROMS/Functionals -I/home/tr16/COAWST_3.7/Projects/Sandy -ISWAN/Src -IMaster -ICompilers -D'HEADER_DIR="/home/tr16/COAWST_3.7/Projects/Sandy"'  SWAN/Src/SwanBpntlist.F > Build_roms/SwanBpntlist.f90
ROMS/Bin/cpp_clean Build_roms/SwanSumOverNodes.f90
ROMS/Bin/cpp_clean Build_roms/swancom4.f90
ROMS/Bin/cpp_clean Build_roms/SwanCrossObstacle.f90
ROMS/Bin/cpp_clean Build_roms/SwanFindObstacles.f90
ROMS/Bin/cpp_clean Build_roms/SwanGridobjects.f90
ROMS/Bin/cpp_clean Build_roms/mod_xnl4v5.f90
ROMS/Bin/cpp_clean Build_roms/SwanVertlist.f90
/usr/bin/cpp -P -traditional -w               -DMPI -DLINUX -DX86_64 -DGFORTRAN -D'ROOT_DIR="/home/tr16/COAWST_3.7"' -DSANDY -D'HEADER="sandy.h"' -D'ROMS_HEADER="/home/tr16/COAWST_3.7/Projects/Sandy/sandy.h"' -DNestedGrids= -D'ANALYTICAL_DIR="/home/tr16/COAWST_3.7/Projects/Sandy"' -D'MY_ANALYTICAL="on"' -D'SVN_URL=""' -D'SVN_REV=""' -IROMS/Include -I/home/tr16/COAWST_3.7/Projects/Sandy -IROMS/Nonlinear -IROMS/Nonlinear/Biology -IROMS/Nonlinear/Sediment -IROMS/Nonlinear/Wec -IROMS/Nonlinear/Vegetation -IROMS/Utility -IROMS/Drivers -IROMS/Functionals -I/home/tr16/COAWST_3.7/Projects/Sandy -ISWAN/Src -IMaster -ICompilers -D'HEADER_DIR="/home/tr16/COAWST_3.7/Projects/Sandy"'  SWAN/Src/waves_control.F > Build_roms/waves_control.f90
/usr/bin/cpp -P -traditional -w               -DMPI -DLINUX -DX86_64 -DGFORTRAN -D'ROOT_DIR="/home/tr16/COAWST_3.7"' -DSANDY -D'HEADER="sandy.h"' -D'ROMS_HEADER="/home/tr16/COAWST_3.7/Projects/Sandy/sandy.h"' -DNestedGrids= -D'ANALYTICAL_DIR="/home/tr16/COAWST_3.7/Projects/Sandy"' -D'MY_ANALYTICAL="on"' -D'SVN_URL=""' -D'SVN_REV=""' -IROMS/Include -I/home/tr16/COAWST_3.7/Projects/Sandy -IROMS/Nonlinear -IROMS/Nonlinear/Biology -IROMS/Nonlinear/Sediment -IROMS/Nonlinear/Wec -IROMS/Nonlinear/Vegetation -IROMS/Utility -IROMS/Drivers -IROMS/Functionals -I/home/tr16/COAWST_3.7/Projects/Sandy -ISWAN/Src -IMaster -ICompilers -D'HEADER_DIR="/home/tr16/COAWST_3.7/Projects/Sandy"'  SWAN/Src/swancom1.F > Build_roms/swancom1.f90
ROMS/Bin/cpp_clean Build_roms/ocpmix.f90
/usr/bin/cpp -P -traditional -w               -DMPI -DLINUX -DX86_64 -DGFORTRAN -D'ROOT_DIR="/home/tr16/COAWST_3.7"' -DSANDY -D'HEADER="sandy.h"' -D'ROMS_HEADER="/home/tr16/COAWST_3.7/Projects/Sandy/sandy.h"' -DNestedGrids= -D'ANALYTICAL_DIR="/home/tr16/COAWST_3.7/Projects/Sandy"' -D'MY_ANALYTICAL="on"' -D'SVN_URL=""' -D'SVN_REV=""' -IROMS/Include -I/home/tr16/COAWST_3.7/Projects/Sandy -IROMS/Nonlinear -IROMS/Nonlinear/Biology -IROMS/Nonlinear/Sediment -IROMS/Nonlinear/Wec -IROMS/Nonlinear/Vegetation -IROMS/Utility -IROMS/Drivers -IROMS/Functionals -I/home/tr16/COAWST_3.7/Projects/Sandy -ISWAN/Src -IMaster -ICompilers -D'HEADER_DIR="/home/tr16/COAWST_3.7/Projects/Sandy"'  SWAN/Src/SdsBabanin.F > Build_roms/SdsBabanin.f90
ROMS/Bin/cpp_clean Build_roms/SwanCompdata.f90
/usr/bin/cpp -P -traditional -w               -DMPI -DLINUX -DX86_64 -DGFORTRAN -D'ROOT_DIR="/home/tr16/COAWST_3.7"' -DSANDY -D'HEADER="sandy.h"' -D'ROMS_HEADER="/home/tr16/COAWST_3.7/Projects/Sandy/sandy.h"' -DNestedGrids= -D'ANALYTICAL_DIR="/home/tr16/COAWST_3.7/Projects/Sandy"' -D'MY_ANALYTICAL="on"' -D'SVN_URL=""' -D'SVN_REV=""' -IROMS/Include -I/home/tr16/COAWST_3.7/Projects/Sandy -IROMS/Nonlinear -IROMS/Nonlinear/Biology -IROMS/Nonlinear/Sediment -IROMS/Nonlinear/Wec -IROMS/Nonlinear/Vegetation -IROMS/Utility -IROMS/Drivers -IROMS/Functionals -I/home/tr16/COAWST_3.7/Projects/Sandy -ISWAN/Src -IMaster -ICompilers -D'HEADER_DIR="/home/tr16/COAWST_3.7/Projects/Sandy"'  SWAN/Src/SwanInitCompGrid.F > Build_roms/SwanInitCompGrid.f90
/usr/bin/cpp -P -traditional -w               -DMPI -DLINUX -DX86_64 -DGFORTRAN -D'ROOT_DIR="/home/tr16/COAWST_3.7"' -DSANDY -D'HEADER="sandy.h"' -D'ROMS_HEADER="/home/tr16/COAWST_3.7/Projects/Sandy/sandy.h"' -DNestedGrids= -D'ANALYTICAL_DIR="/home/tr16/COAWST_3.7/Projects/Sandy"' -D'MY_ANALYTICAL="on"' -D'SVN_URL=""' -D'SVN_REV=""' -IROMS/Include -I/home/tr16/COAWST_3.7/Projects/Sandy -IROMS/Nonlinear -IROMS/Nonlinear/Biology -IROMS/Nonlinear/Sediment -IROMS/Nonlinear/Wec -IROMS/Nonlinear/Vegetation -IROMS/Utility -IROMS/Drivers -IROMS/Functionals -I/home/tr16/COAWST_3.7/Projects/Sandy -ISWAN/Src -IMaster -ICompilers -D'HEADER_DIR="/home/tr16/COAWST_3.7/Projects/Sandy"'  SWAN/Src/SwanInterpolateOutput.F > Build_roms/SwanInterpolateOutput.f90
/usr/bin/cpp -P -traditional -w               -DMPI -DLINUX -DX86_64 -DGFORTRAN -D'ROOT_DIR="/home/tr16/COAWST_3.7"' -DSANDY -D'HEADER="sandy.h"' -D'ROMS_HEADER="/home/tr16/COAWST_3.7/Projects/Sandy/sandy.h"' -DNestedGrids= -D'ANALYTICAL_DIR="/home/tr16/COAWST_3.7/Projects/Sandy"' -D'MY_ANALYTICAL="on"' -D'SVN_URL=""' -D'SVN_REV=""' -IROMS/Include -I/home/tr16/COAWST_3.7/Projects/Sandy -IROMS/Nonlinear -IROMS/Nonlinear/Biology -IROMS/Nonlinear/Sediment -IROMS/Nonlinear/Wec -IROMS/Nonlinear/Vegetation -IROMS/Utility -IROMS/Drivers -IROMS/Functionals -I/home/tr16/COAWST_3.7/Projects/Sandy -ISWAN/Src -IMaster -ICompilers -D'HEADER_DIR="/home/tr16/COAWST_3.7/Projects/Sandy"'  SWAN/Src/agioncmd.F > Build_roms/agioncmd.f90
/usr/bin/cpp -P -traditional -w               -DMPI -DLINUX -DX86_64 -DGFORTRAN -D'ROOT_DIR="/home/tr16/COAWST_3.7"' -DSANDY -D'HEADER="sandy.h"' -D'ROMS_HEADER="/home/tr16/COAWST_3.7/Projects/Sandy/sandy.h"' -DNestedGrids= -D'ANALYTICAL_DIR="/home/tr16/COAWST_3.7/Projects/Sandy"' -D'MY_ANALYTICAL="on"' -D'SVN_URL=""' -D'SVN_REV=""' -IROMS/Include -I/home/tr16/COAWST_3.7/Projects/Sandy -IROMS/Nonlinear -IROMS/Nonlinear/Biology -IROMS/Nonlinear/Sediment -IROMS/Nonlinear/Wec -IROMS/Nonlinear/Vegetation -IROMS/Utility -IROMS/Drivers -IROMS/Functionals -I/home/tr16/COAWST_3.7/Projects/Sandy -ISWAN/Src -IMaster -ICompilers -D'HEADER_DIR="/home/tr16/COAWST_3.7/Projects/Sandy"'  SWAN/Src/nctablemd.F > Build_roms/nctablemd.f90
/usr/bin/cpp -P -traditional -w               -DMPI -DLINUX -DX86_64 -DGFORTRAN -D'ROOT_DIR="/home/tr16/COAWST_3.7"' -DSANDY -D'HEADER="sandy.h"' -D'ROMS_HEADER="/home/tr16/COAWST_3.7/Projects/Sandy/sandy.h"' -DNestedGrids= -D'ANALYTICAL_DIR="/home/tr16/COAWST_3.7/Projects/Sandy"' -D'MY_ANALYTICAL="on"' -D'SVN_URL=""' -D'SVN_REV=""' -IROMS/Include -I/home/tr16/COAWST_3.7/Projects/Sandy -IROMS/Nonlinear -IROMS/Nonlinear/Biology -IROMS/Nonlinear/Sediment -IROMS/Nonlinear/Wec -IROMS/Nonlinear/Vegetation -IROMS/Utility -IROMS/Drivers -IROMS/Functionals -I/home/tr16/COAWST_3.7/Projects/Sandy -ISWAN/Src -IMaster -ICompilers -D'HEADER_DIR="/home/tr16/COAWST_3.7/Projects/Sandy"'  SWAN/Src/SwanGSECorr.F > Build_roms/SwanGSECorr.f90
ROMS/Bin/cpp_clean Build_roms/swanpre3.f90
/usr/bin/cpp -P -traditional -w               -DMPI -DLINUX -DX86_64 -DGFORTRAN -D'ROOT_DIR="/home/tr16/COAWST_3.7"' -DSANDY -D'HEADER="sandy.h"' -D'ROMS_HEADER="/home/tr16/COAWST_3.7/Projects/Sandy/sandy.h"' -DNestedGrids= -D'ANALYTICAL_DIR="/home/tr16/COAWST_3.7/Projects/Sandy"' -D'MY_ANALYTICAL="on"' -D'SVN_URL=""' -D'SVN_REV=""' -IROMS/Include -I/home/tr16/COAWST_3.7/Projects/Sandy -IROMS/Nonlinear -IROMS/Nonlinear/Biology -IROMS/Nonlinear/Sediment -IROMS/Nonlinear/Wec -IROMS/Nonlinear/Vegetation -IROMS/Utility -IROMS/Drivers -IROMS/Functionals -I/home/tr16/COAWST_3.7/Projects/Sandy -ISWAN/Src -IMaster -ICompilers -D'HEADER_DIR="/home/tr16/COAWST_3.7/Projects/Sandy"'  SWAN/Src/SwanPrepComp.F > Build_roms/SwanPrepComp.f90
/usr/bin/cpp -P -traditional -w               -DMPI -DLINUX -DX86_64 -DGFORTRAN -D'ROOT_DIR="/home/tr16/COAWST_3.7"' -DSANDY -D'HEADER="sandy.h"' -D'ROMS_HEADER="/home/tr16/COAWST_3.7/Projects/Sandy/sandy.h"' -DNestedGrids= -D'ANALYTICAL_DIR="/home/tr16/COAWST_3.7/Projects/Sandy"' -D'MY_ANALYTICAL="on"' -D'SVN_URL=""' -D'SVN_REV=""' -IROMS/Include -I/home/tr16/COAWST_3.7/Projects/Sandy -IROMS/Nonlinear -IROMS/Nonlinear/Biology -IROMS/Nonlinear/Sediment -IROMS/Nonlinear/Wec -IROMS/Nonlinear/Vegetation -IROMS/Utility -IROMS/Drivers -IROMS/Functionals -I/home/tr16/COAWST_3.7/Projects/Sandy -ISWAN/Src -IMaster -ICompilers -D'HEADER_DIR="/home/tr16/COAWST_3.7/Projects/Sandy"'  SWAN/Src/SwanPropvelS.F > Build_roms/SwanPropvelS.f90
/usr/bin/cpp -P -traditional -w               -DMPI -DLINUX -DX86_64 -DGFORTRAN -D'ROOT_DIR="/home/tr16/COAWST_3.7"' -DSANDY -D'HEADER="sandy.h"' -D'ROMS_HEADER="/home/tr16/COAWST_3.7/Projects/Sandy/sandy.h"' -DNestedGrids= -D'ANALYTICAL_DIR="/home/tr16/COAWST_3.7/Projects/Sandy"' -D'MY_ANALYTICAL="on"' -D'SVN_URL=""' -D'SVN_REV=""' -IROMS/Include -I/home/tr16/COAWST_3.7/Projects/Sandy -IROMS/Nonlinear -IROMS/Nonlinear/Biology -IROMS/Nonlinear/Sediment -IROMS/Nonlinear/Wec -IROMS/Nonlinear/Vegetation -IROMS/Utility -IROMS/Drivers -IROMS/Functionals -I/home/tr16/COAWST_3.7/Projects/Sandy -ISWAN/Src -IMaster -ICompilers -D'HEADER_DIR="/home/tr16/COAWST_3.7/Projects/Sandy"'  SWAN/Src/SwanCheckGrid.F > Build_roms/SwanCheckGrid.f90
/usr/bin/cpp -P -traditional -w               -DMPI -DLINUX -DX86_64 -DGFORTRAN -D'ROOT_DIR="/home/tr16/COAWST_3.7"' -DSANDY -D'HEADER="sandy.h"' -D'ROMS_HEADER="/home/tr16/COAWST_3.7/Projects/Sandy/sandy.h"' -DNestedGrids= -D'ANALYTICAL_DIR="/home/tr16/COAWST_3.7/Projects/Sandy"' -D'MY_ANALYTICAL="on"' -D'SVN_URL=""' -D'SVN_REV=""' -IROMS/Include -I/home/tr16/COAWST_3.7/Projects/Sandy -IROMS/Nonlinear -IROMS/Nonlinear/Biology -IROMS/Nonlinear/Sediment -IROMS/Nonlinear/Wec -IROMS/Nonlinear/Vegetation -IROMS/Utility -IROMS/Drivers -IROMS/Functionals -I/home/tr16/COAWST_3.7/Projects/Sandy -ISWAN/Src -IMaster -ICompilers -D'HEADER_DIR="/home/tr16/COAWST_3.7/Projects/Sandy"'  SWAN/Src/SwanCompUnstruc.F > Build_roms/SwanCompUnstruc.f90
/usr/bin/cpp -P -traditional -w               -DMPI -DLINUX -DX86_64 -DGFORTRAN -D'ROOT_DIR="/home/tr16/COAWST_3.7"' -DSANDY -D'HEADER="sandy.h"' -D'ROMS_HEADER="/home/tr16/COAWST_3.7/Projects/Sandy/sandy.h"' -DNestedGrids= -D'ANALYTICAL_DIR="/home/tr16/COAWST_3.7/Projects/Sandy"' -D'MY_ANALYTICAL="on"' -D'SVN_URL=""' -D'SVN_REV=""' -IROMS/Include -I/home/tr16/COAWST_3.7/Projects/Sandy -IROMS/Nonlinear -IROMS/Nonlinear/Biology -IROMS/Nonlinear/Sediment -IROMS/Nonlinear/Wec -IROMS/Nonlinear/Vegetation -IROMS/Utility -IROMS/Drivers -IROMS/Functionals -I/home/tr16/COAWST_3.7/Projects/Sandy -ISWAN/Src -IMaster -ICompilers -D'HEADER_DIR="/home/tr16/COAWST_3.7/Projects/Sandy"'  SWAN/Src/SwanConvAccur.F > Build_roms/SwanConvAccur.f90
ROMS/Bin/cpp_clean Build_roms/swpoint.f90
/usr/bin/cpp -P -traditional -w               -DMPI -DLINUX -DX86_64 -DGFORTRAN -D'ROOT_DIR="/home/tr16/COAWST_3.7"' -DSANDY -D'HEADER="sandy.h"' -D'ROMS_HEADER="/home/tr16/COAWST_3.7/Projects/Sandy/sandy.h"' -DNestedGrids= -D'ANALYTICAL_DIR="/home/tr16/COAWST_3.7/Projects/Sandy"' -D'MY_ANALYTICAL="on"' -D'SVN_URL=""' -D'SVN_REV=""' -IROMS/Include -I/home/tr16/COAWST_3.7/Projects/Sandy -IROMS/Nonlinear -IROMS/Nonlinear/Biology -IROMS/Nonlinear/Sediment -IROMS/Nonlinear/Wec -IROMS/Nonlinear/Vegetation -IROMS/Utility -IROMS/Drivers -IROMS/Functionals -I/home/tr16/COAWST_3.7/Projects/Sandy -ISWAN/Src -IMaster -ICompilers -D'HEADER_DIR="/home/tr16/COAWST_3.7/Projects/Sandy"'  SWAN/Src/SwanGridCell.F > Build_roms/SwanGridCell.f90
ROMS/Bin/cpp_clean Build_roms/SwanMaxOverNodes.f90
/usr/bin/cpp -P -traditional -w               -DMPI -DLINUX -DX86_64 -DGFORTRAN -D'ROOT_DIR="/home/tr16/COAWST_3.7"' -DSANDY -D'HEADER="sandy.h"' -D'ROMS_HEADER="/home/tr16/COAWST_3.7/Projects/Sandy/sandy.h"' -DNestedGrids= -D'ANALYTICAL_DIR="/home/tr16/COAWST_3.7/Projects/Sandy"' -D'MY_ANALYTICAL="on"' -D'SVN_URL=""' -D'SVN_REV=""' -IROMS/Include -I/home/tr16/COAWST_3.7/Projects/Sandy -IROMS/Nonlinear -IROMS/Nonlinear/Biology -IROMS/Nonlinear/Sediment -IROMS/Nonlinear/Wec -IROMS/Nonlinear/Vegetation -IROMS/Utility -IROMS/Drivers -IROMS/Functionals -I/home/tr16/COAWST_3.7/Projects/Sandy -ISWAN/Src -IMaster -ICompilers -D'HEADER_DIR="/home/tr16/COAWST_3.7/Projects/Sandy"'  SWAN/Src/SwanDiffPar.F > Build_roms/SwanDiffPar.f90
/usr/bin/cpp -P -traditional -w               -DMPI -DLINUX -DX86_64 -DGFORTRAN -D'ROOT_DIR="/home/tr16/COAWST_3.7"' -DSANDY -D'HEADER="sandy.h"' -D'ROMS_HEADER="/home/tr16/COAWST_3.7/Projects/Sandy/sandy.h"' -DNestedGrids= -D'ANALYTICAL_DIR="/home/tr16/COAWST_3.7/Projects/Sandy"' -D'MY_ANALYTICAL="on"' -D'SVN_URL=""' -D'SVN_REV=""' -IROMS/Include -I/home/tr16/COAWST_3.7/Projects/Sandy -IROMS/Nonlinear -IROMS/Nonlinear/Biology -IROMS/Nonlinear/Sediment -IROMS/Nonlinear/Wec -IROMS/Nonlinear/Vegetation -IROMS/Utility -IROMS/Drivers -IROMS/Functionals -I/home/tr16/COAWST_3.7/Projects/Sandy -ISWAN/Src -IMaster -ICompilers -D'HEADER_DIR="/home/tr16/COAWST_3.7/Projects/Sandy"'  SWAN/Src/swanpre1.F > Build_roms/swanpre1.f90
/usr/bin/cpp -P -traditional -w               -DMPI -DLINUX -DX86_64 -DGFORTRAN -D'ROOT_DIR="/home/tr16/COAWST_3.7"' -DSANDY -D'HEADER="sandy.h"' -D'ROMS_HEADER="/home/tr16/COAWST_3.7/Projects/Sandy/sandy.h"' -DNestedGrids= -D'ANALYTICAL_DIR="/home/tr16/COAWST_3.7/Projects/Sandy"' -D'MY_ANALYTICAL="on"' -D'SVN_URL=""' -D'SVN_REV=""' -IROMS/Include -I/home/tr16/COAWST_3.7/Projects/Sandy -IROMS/Nonlinear -IROMS/Nonlinear/Biology -IROMS/Nonlinear/Sediment -IROMS/Nonlinear/Wec -IROMS/Nonlinear/Vegetation -IROMS/Utility -IROMS/Drivers -IROMS/Functionals -I/home/tr16/COAWST_3.7/Projects/Sandy -ISWAN/Src -IMaster -ICompilers -D'HEADER_DIR="/home/tr16/COAWST_3.7/Projects/Sandy"'  SWAN/Src/swancom2.F > Build_roms/swancom2.f90
ROMS/Bin/cpp_clean Build_roms/waves_coupler.f90
ROMS/Bin/cpp_clean Build_roms/swanmain.f90
/usr/bin/cpp -P -traditional -w               -DMPI -DLINUX -DX86_64 -DGFORTRAN -D'ROOT_DIR="/home/tr16/COAWST_3.7"' -DSANDY -D'HEADER="sandy.h"' -D'ROMS_HEADER="/home/tr16/COAWST_3.7/Projects/Sandy/sandy.h"' -DNestedGrids= -D'ANALYTICAL_DIR="/home/tr16/COAWST_3.7/Projects/Sandy"' -D'MY_ANALYTICAL="on"' -D'SVN_URL=""' -D'SVN_REV=""' -IROMS/Include -I/home/tr16/COAWST_3.7/Projects/Sandy -IROMS/Nonlinear -IROMS/Nonlinear/Biology -IROMS/Nonlinear/Sediment -IROMS/Nonlinear/Wec -IROMS/Nonlinear/Vegetation -IROMS/Utility -IROMS/Drivers -IROMS/Functionals -I/home/tr16/COAWST_3.7/Projects/Sandy -ISWAN/Src -IMaster -ICompilers -D'HEADER_DIR="/home/tr16/COAWST_3.7/Projects/Sandy"'  SWAN/Src/SwanGridVert.F > Build_roms/SwanGridVert.f90
/usr/bin/cpp -P -traditional -w               -DMPI -DLINUX -DX86_64 -DGFORTRAN -D'ROOT_DIR="/home/tr16/COAWST_3.7"' -DSANDY -D'HEADER="sandy.h"' -D'ROMS_HEADER="/home/tr16/COAWST_3.7/Projects/Sandy/sandy.h"' -DNestedGrids= -D'ANALYTICAL_DIR="/home/tr16/COAWST_3.7/Projects/Sandy"' -D'MY_ANALYTICAL="on"' -D'SVN_URL=""' -D'SVN_REV=""' -IROMS/Include -I/home/tr16/COAWST_3.7/Projects/Sandy -IROMS/Nonlinear -IROMS/Nonlinear/Biology -IROMS/Nonlinear/Sediment -IROMS/Nonlinear/Wec -IROMS/Nonlinear/Vegetation -IROMS/Utility -IROMS/Drivers -IROMS/Functionals -I/home/tr16/COAWST_3.7/Projects/Sandy -ISWAN/Src -IMaster -ICompilers -D'HEADER_DIR="/home/tr16/COAWST_3.7/Projects/Sandy"'  SWAN/Src/ocpids.F > Build_roms/ocpids.f90
ROMS/Bin/cpp_clean Build_roms/SwanReadEasymeshGrid.f90
/usr/bin/cpp -P -traditional -w               -DMPI -DLINUX -DX86_64 -DGFORTRAN -D'ROOT_DIR="/home/tr16/COAWST_3.7"' -DSANDY -D'HEADER="sandy.h"' -D'ROMS_HEADER="/home/tr16/COAWST_3.7/Projects/Sandy/sandy.h"' -DNestedGrids= -D'ANALYTICAL_DIR="/home/tr16/COAWST_3.7/Projects/Sandy"' -D'MY_ANALYTICAL="on"' -D'SVN_URL=""' -D'SVN_REV=""' -IROMS/Include -I/home/tr16/COAWST_3.7/Projects/Sandy -IROMS/Nonlinear -IROMS/Nonlinear/Biology -IROMS/Nonlinear/Sediment -IROMS/Nonlinear/Wec -IROMS/Nonlinear/Vegetation -IROMS/Utility -IROMS/Drivers -IROMS/Functionals -I/home/tr16/COAWST_3.7/Projects/Sandy -ISWAN/Src -IMaster -ICompilers -D'HEADER_DIR="/home/tr16/COAWST_3.7/Projects/Sandy"'  SWAN/Src/swanout1.F > Build_roms/swanout1.f90
/usr/bin/cpp -P -traditional -w               -DMPI -DLINUX -DX86_64 -DGFORTRAN -D'ROOT_DIR="/home/tr16/COAWST_3.7"' -DSANDY -D'HEADER="sandy.h"' -D'ROMS_HEADER="/home/tr16/COAWST_3.7/Projects/Sandy/sandy.h"' -DNestedGrids= -D'ANALYTICAL_DIR="/home/tr16/COAWST_3.7/Projects/Sandy"' -D'MY_ANALYTICAL="on"' -D'SVN_URL=""' -D'SVN_REV=""' -IROMS/Include -I/home/tr16/COAWST_3.7/Projects/Sandy -IROMS/Nonlinear -IROMS/Nonlinear/Biology -IROMS/Nonlinear/Sediment -IROMS/Nonlinear/Wec -IROMS/Nonlinear/Vegetation -IROMS/Utility -IROMS/Drivers -IROMS/Functionals -I/home/tr16/COAWST_3.7/Projects/Sandy -ISWAN/Src -IMaster -ICompilers -D'HEADER_DIR="/home/tr16/COAWST_3.7/Projects/Sandy"'  SWAN/Src/SwanSpectPart.F > Build_roms/SwanSpectPart.f90
/usr/bin/cpp -P -traditional -w               -DMPI -DLINUX -DX86_64 -DGFORTRAN -D'ROOT_DIR="/home/tr16/COAWST_3.7"' -DSANDY -D'HEADER="sandy.h"' -D'ROMS_HEADER="/home/tr16/COAWST_3.7/Projects/Sandy/sandy.h"' -DNestedGrids= -D'ANALYTICAL_DIR="/home/tr16/COAWST_3.7/Projects/Sandy"' -D'MY_ANALYTICAL="on"' -D'SVN_URL=""' -D'SVN_REV=""' -IROMS/Include -I/home/tr16/COAWST_3.7/Projects/Sandy -IROMS/Nonlinear -IROMS/Nonlinear/Biology -IROMS/Nonlinear/Sediment -IROMS/Nonlinear/Wec -IROMS/Nonlinear/Vegetation -IROMS/Utility -IROMS/Drivers -IROMS/Functionals -I/home/tr16/COAWST_3.7/Projects/Sandy -ISWAN/Src -IMaster -ICompilers -D'HEADER_DIR="/home/tr16/COAWST_3.7/Projects/Sandy"'  SWAN/Src/SwanPointinMesh.F > Build_roms/SwanPointinMesh.f90
/usr/bin/cpp -P -traditional -w               -DMPI -DLINUX -DX86_64 -DGFORTRAN -D'ROOT_DIR="/home/tr16/COAWST_3.7"' -DSANDY -D'HEADER="sandy.h"' -D'ROMS_HEADER="/home/tr16/COAWST_3.7/Projects/Sandy/sandy.h"' -DNestedGrids= -D'ANALYTICAL_DIR="/home/tr16/COAWST_3.7/Projects/Sandy"' -D'MY_ANALYTICAL="on"' -D'SVN_URL=""' -D'SVN_REV=""' -IROMS/Include -I/home/tr16/COAWST_3.7/Projects/Sandy -IROMS/Nonlinear -IROMS/Nonlinear/Biology -IROMS/Nonlinear/Sediment -IROMS/Nonlinear/Wec -IROMS/Nonlinear/Vegetation -IROMS/Utility -IROMS/Drivers -IROMS/Functionals -I/home/tr16/COAWST_3.7/Projects/Sandy -ISWAN/Src -IMaster -ICompilers -D'HEADER_DIR="/home/tr16/COAWST_3.7/Projects/Sandy"'  SWAN/Src/SwanInterpolatePoint.F > Build_roms/SwanInterpolatePoint.f90
ROMS/Bin/cpp_clean Build_roms/SwanBpntlist.f90
/usr/bin/cpp -P -traditional -w               -DMPI -DLINUX -DX86_64 -DGFORTRAN -D'ROOT_DIR="/home/tr16/COAWST_3.7"' -DSANDY -D'HEADER="sandy.h"' -D'ROMS_HEADER="/home/tr16/COAWST_3.7/Projects/Sandy/sandy.h"' -DNestedGrids= -D'ANALYTICAL_DIR="/home/tr16/COAWST_3.7/Projects/Sandy"' -D'MY_ANALYTICAL="on"' -D'SVN_URL=""' -D'SVN_REV=""' -IROMS/Include -I/home/tr16/COAWST_3.7/Projects/Sandy -IROMS/Nonlinear -IROMS/Nonlinear/Biology -IROMS/Nonlinear/Sediment -IROMS/Nonlinear/Wec -IROMS/Nonlinear/Vegetation -IROMS/Utility -IROMS/Drivers -IROMS/Functionals -I/home/tr16/COAWST_3.7/Projects/Sandy -ISWAN/Src -IMaster -ICompilers -D'HEADER_DIR="/home/tr16/COAWST_3.7/Projects/Sandy"'  SWAN/Src/swanhcat.F > Build_roms/swanhcat.f90
/usr/bin/cpp -P -traditional -w               -DMPI -DLINUX -DX86_64 -DGFORTRAN -D'ROOT_DIR="/home/tr16/COAWST_3.7"' -DSANDY -D'HEADER="sandy.h"' -D'ROMS_HEADER="/home/tr16/COAWST_3.7/Projects/Sandy/sandy.h"' -DNestedGrids= -D'ANALYTICAL_DIR="/home/tr16/COAWST_3.7/Projects/Sandy"' -D'MY_ANALYTICAL="on"' -D'SVN_URL=""' -D'SVN_REV=""' -IROMS/Include -I/home/tr16/COAWST_3.7/Projects/Sandy -IROMS/Nonlinear -IROMS/Nonlinear/Biology -IROMS/Nonlinear/Sediment -IROMS/Nonlinear/Wec -IROMS/Nonlinear/Vegetation -IROMS/Utility -IROMS/Drivers -IROMS/Functionals -I/home/tr16/COAWST_3.7/Projects/Sandy -ISWAN/Src -IMaster -ICompilers -D'HEADER_DIR="/home/tr16/COAWST_3.7/Projects/Sandy"'  SWAN/Src/SwanCreateEdges.F > Build_roms/SwanCreateEdges.f90
/usr/bin/cpp -P -traditional -w               -DMPI -DLINUX -DX86_64 -DGFORTRAN -D'ROOT_DIR="/home/tr16/COAWST_3.7"' -DSANDY -D'HEADER="sandy.h"' -D'ROMS_HEADER="/home/tr16/COAWST_3.7/Projects/Sandy/sandy.h"' -DNestedGrids= -D'ANALYTICAL_DIR="/home/tr16/COAWST_3.7/Projects/Sandy"' -D'MY_ANALYTICAL="on"' -D'SVN_URL=""' -D'SVN_REV=""' -IROMS/Include -I/home/tr16/COAWST_3.7/Projects/Sandy -IROMS/Nonlinear -IROMS/Nonlinear/Biology -IROMS/Nonlinear/Sediment -IROMS/Nonlinear/Wec -IROMS/Nonlinear/Vegetation -IROMS/Utility -IROMS/Drivers -IROMS/Functionals -I/home/tr16/COAWST_3.7/Projects/Sandy -ISWAN/Src -IMaster -ICompilers -D'HEADER_DIR="/home/tr16/COAWST_3.7/Projects/Sandy"'  SWAN/Src/SwanThreadBounds.F > Build_roms/SwanThreadBounds.f90
ROMS/Bin/cpp_clean Build_roms/swancom5.f90
/usr/bin/cpp -P -traditional -w               -DMPI -DLINUX -DX86_64 -DGFORTRAN -D'ROOT_DIR="/home/tr16/COAWST_3.7"' -DSANDY -D'HEADER="sandy.h"' -D'ROMS_HEADER="/home/tr16/COAWST_3.7/Projects/Sandy/sandy.h"' -DNestedGrids= -D'ANALYTICAL_DIR="/home/tr16/COAWST_3.7/Projects/Sandy"' -D'MY_ANALYTICAL="on"' -D'SVN_URL=""' -D'SVN_REV=""' -IROMS/Include -I/home/tr16/COAWST_3.7/Projects/Sandy -IROMS/Nonlinear -IROMS/Nonlinear/Biology -IROMS/Nonlinear/Sediment -IROMS/Nonlinear/Wec -IROMS/Nonlinear/Vegetation -IROMS/Utility -IROMS/Drivers -IROMS/Functionals -I/home/tr16/COAWST_3.7/Projects/Sandy -ISWAN/Src -IMaster -ICompilers -D'HEADER_DIR="/home/tr16/COAWST_3.7/Projects/Sandy"'  SWAN/Src/swanout2.F > Build_roms/swanout2.f90
ROMS/Bin/cpp_clean Build_roms/waves_control.f90
ROMS/Bin/cpp_clean Build_roms/SwanInterpolateOutput.f90
/usr/bin/cpp -P -traditional -w               -DMPI -DLINUX -DX86_64 -DGFORTRAN -D'ROOT_DIR="/home/tr16/COAWST_3.7"' -DSANDY -D'HEADER="sandy.h"' -D'ROMS_HEADER="/home/tr16/COAWST_3.7/Projects/Sandy/sandy.h"' -DNestedGrids= -D'ANALYTICAL_DIR="/home/tr16/COAWST_3.7/Projects/Sandy"' -D'MY_ANALYTICAL="on"' -D'SVN_URL=""' -D'SVN_REV=""' -IROMS/Include -I/home/tr16/COAWST_3.7/Projects/Sandy -IROMS/Nonlinear -IROMS/Nonlinear/Biology -IROMS/Nonlinear/Sediment -IROMS/Nonlinear/Wec -IROMS/Nonlinear/Vegetation -IROMS/Utility -IROMS/Drivers -IROMS/Functionals -I/home/tr16/COAWST_3.7/Projects/Sandy -ISWAN/Src -IMaster -ICompilers -D'HEADER_DIR="/home/tr16/COAWST_3.7/Projects/Sandy"'  SWAN/Src/swn_outnc.F > Build_roms/swn_outnc.f90
ROMS/Bin/cpp_clean Build_roms/nctablemd.f90
ROMS/Bin/cpp_clean Build_roms/SwanInitCompGrid.f90
ROMS/Bin/cpp_clean Build_roms/SdsBabanin.f90
/usr/bin/cpp -P -traditional -w               -DMPI -DLINUX -DX86_64 -DGFORTRAN -D'ROOT_DIR="/home/tr16/COAWST_3.7"' -DSANDY -D'HEADER="sandy.h"' -D'ROMS_HEADER="/home/tr16/COAWST_3.7/Projects/Sandy/sandy.h"' -DNestedGrids= -D'ANALYTICAL_DIR="/home/tr16/COAWST_3.7/Projects/Sandy"' -D'MY_ANALYTICAL="on"' -D'SVN_URL=""' -D'SVN_REV=""' -IROMS/Include -I/home/tr16/COAWST_3.7/Projects/Sandy -IROMS/Nonlinear -IROMS/Nonlinear/Biology -IROMS/Nonlinear/Sediment -IROMS/Nonlinear/Wec -IROMS/Nonlinear/Vegetation -IROMS/Utility -IROMS/Drivers -IROMS/Functionals -I/home/tr16/COAWST_3.7/Projects/Sandy -ISWAN/Src -IMaster -ICompilers -D'HEADER_DIR="/home/tr16/COAWST_3.7/Projects/Sandy"'  SWAN/Src/HottifySWAN.F > Build_roms/HottifySWAN.f90
ROMS/Bin/cpp_clean Build_roms/agioncmd.f90
ROMS/Bin/cpp_clean Build_roms/SwanGSECorr.f90
/usr/bin/cpp -P -traditional -w               -DMPI -DLINUX -DX86_64 -DGFORTRAN -D'ROOT_DIR="/home/tr16/COAWST_3.7"' -DSANDY -D'HEADER="sandy.h"' -D'ROMS_HEADER="/home/tr16/COAWST_3.7/Projects/Sandy/sandy.h"' -DNestedGrids= -D'ANALYTICAL_DIR="/home/tr16/COAWST_3.7/Projects/Sandy"' -D'MY_ANALYTICAL="on"' -D'SVN_URL=""' -D'SVN_REV=""' -IROMS/Include -I/home/tr16/COAWST_3.7/Projects/Sandy -IROMS/Nonlinear -IROMS/Nonlinear/Biology -IROMS/Nonlinear/Sediment -IROMS/Nonlinear/Wec -IROMS/Nonlinear/Vegetation -IROMS/Utility -IROMS/Drivers -IROMS/Functionals -I/home/tr16/COAWST_3.7/Projects/Sandy -ISWAN/Src -IMaster -ICompilers -D'HEADER_DIR="/home/tr16/COAWST_3.7/Projects/Sandy"'  SWAN/Src/SwanTranspX.F > Build_roms/SwanTranspX.f90
ROMS/Bin/cpp_clean Build_roms/SwanPrepComp.f90
ROMS/Bin/cpp_clean Build_roms/SwanPropvelS.f90
ROMS/Bin/cpp_clean Build_roms/SwanCheckGrid.f90
/usr/bin/cpp -P -traditional -w               -DMPI -DLINUX -DX86_64 -DGFORTRAN -D'ROOT_DIR="/home/tr16/COAWST_3.7"' -DSANDY -D'HEADER="sandy.h"' -D'ROMS_HEADER="/home/tr16/COAWST_3.7/Projects/Sandy/sandy.h"' -DNestedGrids= -D'ANALYTICAL_DIR="/home/tr16/COAWST_3.7/Projects/Sandy"' -D'MY_ANALYTICAL="on"' -D'SVN_URL=""' -D'SVN_REV=""' -IROMS/Include -I/home/tr16/COAWST_3.7/Projects/Sandy -IROMS/Nonlinear -IROMS/Nonlinear/Biology -IROMS/Nonlinear/Sediment -IROMS/Nonlinear/Wec -IROMS/Nonlinear/Vegetation -IROMS/Utility -IROMS/Drivers -IROMS/Functionals -I/home/tr16/COAWST_3.7/Projects/Sandy -ISWAN/Src -IMaster -ICompilers -D'HEADER_DIR="/home/tr16/COAWST_3.7/Projects/Sandy"'  SWAN/Src/SwanReadADCGrid.F > Build_roms/SwanReadADCGrid.f90
ROMS/Bin/cpp_clean Build_roms/SwanConvAccur.f90
/usr/bin/cpp -P -traditional -w               -DMPI -DLINUX -DX86_64 -DGFORTRAN -D'ROOT_DIR="/home/tr16/COAWST_3.7"' -DSANDY -D'HEADER="sandy.h"' -D'ROMS_HEADER="/home/tr16/COAWST_3.7/Projects/Sandy/sandy.h"' -DNestedGrids= -D'ANALYTICAL_DIR="/home/tr16/COAWST_3.7/Projects/Sandy"' -D'MY_ANALYTICAL="on"' -D'SVN_URL=""' -D'SVN_REV=""' -IROMS/Include -I/home/tr16/COAWST_3.7/Projects/Sandy -IROMS/Nonlinear -IROMS/Nonlinear/Biology -IROMS/Nonlinear/Sediment -IROMS/Nonlinear/Wec -IROMS/Nonlinear/Vegetation -IROMS/Utility -IROMS/Drivers -IROMS/Functionals -I/home/tr16/COAWST_3.7/Projects/Sandy -ISWAN/Src -IMaster -ICompilers -D'HEADER_DIR="/home/tr16/COAWST_3.7/Projects/Sandy"'  SWAN/Src/SwanBndStruc.F > Build_roms/SwanBndStruc.f90
ROMS/Bin/cpp_clean Build_roms/SwanGridCell.f90
ROMS/Bin/cpp_clean Build_roms/SwanCompUnstruc.f90
ROMS/Bin/cpp_clean Build_roms/SwanDiffPar.f90
/usr/bin/cpp -P -traditional -w               -DMPI -DLINUX -DX86_64 -DGFORTRAN -D'ROOT_DIR="/home/tr16/COAWST_3.7"' -DSANDY -D'HEADER="sandy.h"' -D'ROMS_HEADER="/home/tr16/COAWST_3.7/Projects/Sandy/sandy.h"' -DNestedGrids= -D'ANALYTICAL_DIR="/home/tr16/COAWST_3.7/Projects/Sandy"' -D'MY_ANALYTICAL="on"' -D'SVN_URL=""' -D'SVN_REV=""' -IROMS/Include -I/home/tr16/COAWST_3.7/Projects/Sandy -IROMS/Nonlinear -IROMS/Nonlinear/Biology -IROMS/Nonlinear/Sediment -IROMS/Nonlinear/Wec -IROMS/Nonlinear/Vegetation -IROMS/Utility -IROMS/Drivers -IROMS/Functionals -I/home/tr16/COAWST_3.7/Projects/Sandy -ISWAN/Src -IMaster -ICompilers -D'HEADER_DIR="/home/tr16/COAWST_3.7/Projects/Sandy"'  SWAN/Src/SwanComputeForce.F > Build_roms/SwanComputeForce.f90
/usr/bin/cpp -P -traditional -w               -DMPI -DLINUX -DX86_64 -DGFORTRAN -D'ROOT_DIR="/home/tr16/COAWST_3.7"' -DSANDY -D'HEADER="sandy.h"' -D'ROMS_HEADER="/home/tr16/COAWST_3.7/Projects/Sandy/sandy.h"' -DNestedGrids= -D'ANALYTICAL_DIR="/home/tr16/COAWST_3.7/Projects/Sandy"' -D'MY_ANALYTICAL="on"' -D'SVN_URL=""' -D'SVN_REV=""' -IROMS/Include -I/home/tr16/COAWST_3.7/Projects/Sandy -IROMS/Nonlinear -IROMS/Nonlinear/Biology -IROMS/Nonlinear/Sediment -IROMS/Nonlinear/Wec -IROMS/Nonlinear/Vegetation -IROMS/Utility -IROMS/Drivers -IROMS/Functionals -I/home/tr16/COAWST_3.7/Projects/Sandy -ISWAN/Src -IMaster -ICompilers -D'HEADER_DIR="/home/tr16/COAWST_3.7/Projects/Sandy"'  SWAN/Src/SwanGradDepthorK.F > Build_roms/SwanGradDepthorK.f90
ROMS/Bin/cpp_clean Build_roms/swancom1.f90
ROMS/Bin/cpp_clean Build_roms/SwanGridVert.f90
/usr/bin/cpp -P -traditional -w               -DMPI -DLINUX -DX86_64 -DGFORTRAN -D'ROOT_DIR="/home/tr16/COAWST_3.7"' -DSANDY -D'HEADER="sandy.h"' -D'ROMS_HEADER="/home/tr16/COAWST_3.7/Projects/Sandy/sandy.h"' -DNestedGrids= -D'ANALYTICAL_DIR="/home/tr16/COAWST_3.7/Projects/Sandy"' -D'MY_ANALYTICAL="on"' -D'SVN_URL=""' -D'SVN_REV=""' -IROMS/Include -I/home/tr16/COAWST_3.7/Projects/Sandy -IROMS/Nonlinear -IROMS/Nonlinear/Biology -IROMS/Nonlinear/Sediment -IROMS/Nonlinear/Wec -IROMS/Nonlinear/Vegetation -IROMS/Utility -IROMS/Drivers -IROMS/Functionals -I/home/tr16/COAWST_3.7/Projects/Sandy -ISWAN/Src -IMaster -ICompilers -D'HEADER_DIR="/home/tr16/COAWST_3.7/Projects/Sandy"'  SWAN/Src/swanpre2.F > Build_roms/swanpre2.f90
/usr/bin/cpp -P -traditional -w               -DMPI -DLINUX -DX86_64 -DGFORTRAN -D'ROOT_DIR="/home/tr16/COAWST_3.7"' -DSANDY -D'HEADER="sandy.h"' -D'ROMS_HEADER="/home/tr16/COAWST_3.7/Projects/Sandy/sandy.h"' -DNestedGrids= -D'ANALYTICAL_DIR="/home/tr16/COAWST_3.7/Projects/Sandy"' -D'MY_ANALYTICAL="on"' -D'SVN_URL=""' -D'SVN_REV=""' -IROMS/Include -I/home/tr16/COAWST_3.7/Projects/Sandy -IROMS/Nonlinear -IROMS/Nonlinear/Biology -IROMS/Nonlinear/Sediment -IROMS/Nonlinear/Wec -IROMS/Nonlinear/Vegetation -IROMS/Utility -IROMS/Drivers -IROMS/Functionals -I/home/tr16/COAWST_3.7/Projects/Sandy -ISWAN/Src -IMaster -ICompilers -D'HEADER_DIR="/home/tr16/COAWST_3.7/Projects/Sandy"'  SWAN/Src/mod_swan_kinds.F > Build_roms/mod_swan_kinds.f90
/usr/bin/cpp -P -traditional -w               -DMPI -DLINUX -DX86_64 -DGFORTRAN -D'ROOT_DIR="/home/tr16/COAWST_3.7"' -DSANDY -D'HEADER="sandy.h"' -D'ROMS_HEADER="/home/tr16/COAWST_3.7/Projects/Sandy/sandy.h"' -DNestedGrids= -D'ANALYTICAL_DIR="/home/tr16/COAWST_3.7/Projects/Sandy"' -D'MY_ANALYTICAL="on"' -D'SVN_URL=""' -D'SVN_REV=""' -IROMS/Include -I/home/tr16/COAWST_3.7/Projects/Sandy -IROMS/Nonlinear -IROMS/Nonlinear/Biology -IROMS/Nonlinear/Sediment -IROMS/Nonlinear/Wec -IROMS/Nonlinear/Vegetation -IROMS/Utility -IROMS/Drivers -IROMS/Functionals -I/home/tr16/COAWST_3.7/Projects/Sandy -ISWAN/Src -IMaster -ICompilers -D'HEADER_DIR="/home/tr16/COAWST_3.7/Projects/Sandy"'  SWAN/Src/ocpcre.F > Build_roms/ocpcre.f90
/usr/bin/cpp -P -traditional -w               -DMPI -DLINUX -DX86_64 -DGFORTRAN -D'ROOT_DIR="/home/tr16/COAWST_3.7"' -DSANDY -D'HEADER="sandy.h"' -D'ROMS_HEADER="/home/tr16/COAWST_3.7/Projects/Sandy/sandy.h"' -DNestedGrids= -D'ANALYTICAL_DIR="/home/tr16/COAWST_3.7/Projects/Sandy"' -D'MY_ANALYTICAL="on"' -D'SVN_URL=""' -D'SVN_REV=""' -IROMS/Include -I/home/tr16/COAWST_3.7/Projects/Sandy -IROMS/Nonlinear -IROMS/Nonlinear/Biology -IROMS/Nonlinear/Sediment -IROMS/Nonlinear/Wec -IROMS/Nonlinear/Vegetation -IROMS/Utility -IROMS/Drivers -IROMS/Functionals -I/home/tr16/COAWST_3.7/Projects/Sandy -ISWAN/Src -IMaster -ICompilers -D'HEADER_DIR="/home/tr16/COAWST_3.7/Projects/Sandy"'  SWAN/Src/SwanIntgratSpc.F > Build_roms/SwanIntgratSpc.f90
ROMS/Bin/cpp_clean Build_roms/ocpids.f90
ROMS/Bin/cpp_clean Build_roms/SwanPointinMesh.f90
ROMS/Bin/cpp_clean Build_roms/SwanSpectPart.f90
ROMS/Bin/cpp_clean Build_roms/swancom2.f90
ROMS/Bin/cpp_clean Build_roms/SwanInterpolatePoint.f90
/usr/bin/cpp -P -traditional -w               -DMPI -DLINUX -DX86_64 -DGFORTRAN -D'ROOT_DIR="/home/tr16/COAWST_3.7"' -DSANDY -D'HEADER="sandy.h"' -D'ROMS_HEADER="/home/tr16/COAWST_3.7/Projects/Sandy/sandy.h"' -DNestedGrids= -D'ANALYTICAL_DIR="/home/tr16/COAWST_3.7/Projects/Sandy"' -D'MY_ANALYTICAL="on"' -D'SVN_URL=""' -D'SVN_REV=""' -IROMS/Include -I/home/tr16/COAWST_3.7/Projects/Sandy -IROMS/Nonlinear -IROMS/Nonlinear/Biology -IROMS/Nonlinear/Sediment -IROMS/Nonlinear/Wec -IROMS/Nonlinear/Vegetation -IROMS/Utility -IROMS/Drivers -IROMS/Functionals -I/home/tr16/COAWST_3.7/Projects/Sandy -ISWAN/Src -IMaster -ICompilers -D'HEADER_DIR="/home/tr16/COAWST_3.7/Projects/Sandy"'  SWAN/Src/SwanReadTriangleGrid.F > Build_roms/SwanReadTriangleGrid.f90
/usr/bin/cpp -P -traditional -w               -DMPI -DLINUX -DX86_64 -DGFORTRAN -D'ROOT_DIR="/home/tr16/COAWST_3.7"' -DSANDY -D'HEADER="sandy.h"' -D'ROMS_HEADER="/home/tr16/COAWST_3.7/Projects/Sandy/sandy.h"' -DNestedGrids= -D'ANALYTICAL_DIR="/home/tr16/COAWST_3.7/Projects/Sandy"' -D'MY_ANALYTICAL="on"' -D'SVN_URL=""' -D'SVN_REV=""' -IROMS/Include -I/home/tr16/COAWST_3.7/Projects/Sandy -IROMS/Nonlinear -IROMS/Nonlinear/Biology -IROMS/Nonlinear/Sediment -IROMS/Nonlinear/Wec -IROMS/Nonlinear/Vegetation -IROMS/Utility -IROMS/Drivers -IROMS/Functionals -I/home/tr16/COAWST_3.7/Projects/Sandy -ISWAN/Src -IMaster -ICompilers -D'HEADER_DIR="/home/tr16/COAWST_3.7/Projects/Sandy"'  SWAN/Src/SwanTranspAc.F > Build_roms/SwanTranspAc.f90
ROMS/Bin/cpp_clean Build_roms/swanhcat.f90
ROMS/Bin/cpp_clean Build_roms/SwanCreateEdges.f90
ROMS/Bin/cpp_clean Build_roms/SwanThreadBounds.f90
/usr/bin/cpp -P -traditional -w               -DMPI -DLINUX -DX86_64 -DGFORTRAN -D'ROOT_DIR="/home/tr16/COAWST_3.7"' -DSANDY -D'HEADER="sandy.h"' -D'ROMS_HEADER="/home/tr16/COAWST_3.7/Projects/Sandy/sandy.h"' -DNestedGrids= -D'ANALYTICAL_DIR="/home/tr16/COAWST_3.7/Projects/Sandy"' -D'MY_ANALYTICAL="on"' -D'SVN_URL=""' -D'SVN_REV=""' -IROMS/Include -I/home/tr16/COAWST_3.7/Projects/Sandy -IROMS/Nonlinear -IROMS/Nonlinear/Biology -IROMS/Nonlinear/Sediment -IROMS/Nonlinear/Wec -IROMS/Nonlinear/Vegetation -IROMS/Utility -IROMS/Drivers -IROMS/Functionals -I/home/tr16/COAWST_3.7/Projects/Sandy -ISWAN/Src -IMaster -ICompilers -D'HEADER_DIR="/home/tr16/COAWST_3.7/Projects/Sandy"'  SWAN/Src/SwanPropvelX.F > Build_roms/SwanPropvelX.f90
ROMS/Bin/cpp_clean Build_roms/swanpre1.f90
/usr/bin/cpp -P -traditional -w               -DMPI -DLINUX -DX86_64 -DGFORTRAN -D'ROOT_DIR="/home/tr16/COAWST_3.7"' -DSANDY -D'HEADER="sandy.h"' -D'ROMS_HEADER="/home/tr16/COAWST_3.7/Projects/Sandy/sandy.h"' -DNestedGrids= -D'ANALYTICAL_DIR="/home/tr16/COAWST_3.7/Projects/Sandy"' -D'MY_ANALYTICAL="on"' -D'SVN_URL=""' -D'SVN_REV=""' -IROMS/Include -I/home/tr16/COAWST_3.7/Projects/Sandy -IROMS/Nonlinear -IROMS/Nonlinear/Biology -IROMS/Nonlinear/Sediment -IROMS/Nonlinear/Wec -IROMS/Nonlinear/Vegetation -IROMS/Utility -IROMS/Drivers -IROMS/Functionals -I/home/tr16/COAWST_3.7/Projects/Sandy -ISWAN/Src -IMaster -ICompilers -D'HEADER_DIR="/home/tr16/COAWST_3.7/Projects/Sandy"'  SWAN/Src/SwanGridTopology.F > Build_roms/SwanGridTopology.f90
/usr/bin/cpp -P -traditional -w               -DMPI -DLINUX -DX86_64 -DGFORTRAN -D'ROOT_DIR="/home/tr16/COAWST_3.7"' -DSANDY -D'HEADER="sandy.h"' -D'ROMS_HEADER="/home/tr16/COAWST_3.7/Projects/Sandy/sandy.h"' -DNestedGrids= -D'ANALYTICAL_DIR="/home/tr16/COAWST_3.7/Projects/Sandy"' -D'MY_ANALYTICAL="on"' -D'SVN_URL=""' -D'SVN_REV=""' -IROMS/Include -I/home/tr16/COAWST_3.7/Projects/Sandy -IROMS/Nonlinear -IROMS/Nonlinear/Biology -IROMS/Nonlinear/Sediment -IROMS/Nonlinear/Wec -IROMS/Nonlinear/Vegetation -IROMS/Utility -IROMS/Drivers -IROMS/Functionals -I/home/tr16/COAWST_3.7/Projects/Sandy -ISWAN/Src -IMaster -ICompilers -D'HEADER_DIR="/home/tr16/COAWST_3.7/Projects/Sandy"'  SWAN/Src/SwanDispParm.F > Build_roms/SwanDispParm.f90
/usr/bin/cpp -P -traditional -w               -DMPI -DLINUX -DX86_64 -DGFORTRAN -D'ROOT_DIR="/home/tr16/COAWST_3.7"' -DSANDY -D'HEADER="sandy.h"' -D'ROMS_HEADER="/home/tr16/COAWST_3.7/Projects/Sandy/sandy.h"' -DNestedGrids= -D'ANALYTICAL_DIR="/home/tr16/COAWST_3.7/Projects/Sandy"' -D'MY_ANALYTICAL="on"' -D'SVN_URL=""' -D'SVN_REV=""' -IROMS/Include -I/home/tr16/COAWST_3.7/Projects/Sandy -IROMS/Nonlinear -IROMS/Nonlinear/Biology -IROMS/Nonlinear/Sediment -IROMS/Nonlinear/Wec -IROMS/Nonlinear/Vegetation -IROMS/Utility -IROMS/Drivers -IROMS/Functionals -I/home/tr16/COAWST_3.7/Projects/Sandy -ISWAN/Src -IMaster -ICompilers -D'HEADER_DIR="/home/tr16/COAWST_3.7/Projects/Sandy"'  SWAN/Src/swancom3.F > Build_roms/swancom3.f90
/usr/bin/cpp -P -traditional -w               -DMPI -DLINUX -DX86_64 -DGFORTRAN -D'ROOT_DIR="/home/tr16/COAWST_3.7"' -DSANDY -D'HEADER="sandy.h"' -D'ROMS_HEADER="/home/tr16/COAWST_3.7/Projects/Sandy/sandy.h"' -DNestedGrids= -D'ANALYTICAL_DIR="/home/tr16/COAWST_3.7/Projects/Sandy"' -D'MY_ANALYTICAL="on"' -D'SVN_URL=""' -D'SVN_REV=""' -IROMS/Include -I/home/tr16/COAWST_3.7/Projects/Sandy -IROMS/Nonlinear -IROMS/Nonlinear/Biology -IROMS/Nonlinear/Sediment -IROMS/Nonlinear/Wec -IROMS/Nonlinear/Vegetation -IROMS/Utility -IROMS/Drivers -IROMS/Functionals -I/home/tr16/COAWST_3.7/Projects/Sandy -ISWAN/Src -IMaster -ICompilers -D'HEADER_DIR="/home/tr16/COAWST_3.7/Projects/Sandy"'  SWAN/Src/SwanGradVel.F > Build_roms/SwanGradVel.f90
ROMS/Bin/cpp_clean Build_roms/swanout1.f90
ROMS/Bin/cpp_clean Build_roms/swn_outnc.f90
ROMS/Bin/cpp_clean Build_roms/swanout2.f90
/usr/bin/cpp -P -traditional -w               -DMPI -DLINUX -DX86_64 -DGFORTRAN -D'ROOT_DIR="/home/tr16/COAWST_3.7"' -DSANDY -D'HEADER="sandy.h"' -D'ROMS_HEADER="/home/tr16/COAWST_3.7/Projects/Sandy/sandy.h"' -DNestedGrids= -D'ANALYTICAL_DIR="/home/tr16/COAWST_3.7/Projects/Sandy"' -D'MY_ANALYTICAL="on"' -D'SVN_URL=""' -D'SVN_REV=""' -IROMS/Include -I/home/tr16/COAWST_3.7/Projects/Sandy -IROMS/Nonlinear -IROMS/Nonlinear/Biology -IROMS/Nonlinear/Sediment -IROMS/Nonlinear/Wec -IROMS/Nonlinear/Vegetation -IROMS/Utility -IROMS/Drivers -IROMS/Functionals -I/home/tr16/COAWST_3.7/Projects/Sandy -ISWAN/Src -IMaster -ICompilers -D'HEADER_DIR="/home/tr16/COAWST_3.7/Projects/Sandy"'  SWAN/Src/couple2adcirc.F > Build_roms/couple2adcirc.f90
ROMS/Bin/cpp_clean Build_roms/HottifySWAN.f90
ROMS/Bin/cpp_clean Build_roms/SwanTranspX.f90
/usr/bin/cpp -P -traditional -w               -DMPI -DLINUX -DX86_64 -DGFORTRAN -D'ROOT_DIR="/home/tr16/COAWST_3.7"' -DSANDY -D'HEADER="sandy.h"' -D'ROMS_HEADER="/home/tr16/COAWST_3.7/Projects/Sandy/sandy.h"' -DNestedGrids= -D'ANALYTICAL_DIR="/home/tr16/COAWST_3.7/Projects/Sandy"' -D'MY_ANALYTICAL="on"' -D'SVN_URL=""' -D'SVN_REV=""' -IROMS/Include -I/home/tr16/COAWST_3.7/Projects/Sandy -IROMS/Nonlinear -IROMS/Nonlinear/Biology -IROMS/Nonlinear/Sediment -IROMS/Nonlinear/Wec -IROMS/Nonlinear/Vegetation -IROMS/Utility -IROMS/Drivers -IROMS/Functionals -I/home/tr16/COAWST_3.7/Projects/Sandy -ISWAN/Src -IMaster -ICompilers -D'HEADER_DIR="/home/tr16/COAWST_3.7/Projects/Sandy"'  SWAN/Src/SwanConvStopc.F > Build_roms/SwanConvStopc.f90
/usr/bin/cpp -P -traditional -w               -DMPI -DLINUX -DX86_64 -DGFORTRAN -D'ROOT_DIR="/home/tr16/COAWST_3.7"' -DSANDY -D'HEADER="sandy.h"' -D'ROMS_HEADER="/home/tr16/COAWST_3.7/Projects/Sandy/sandy.h"' -DNestedGrids= -D'ANALYTICAL_DIR="/home/tr16/COAWST_3.7/Projects/Sandy"' -D'MY_ANALYTICAL="on"' -D'SVN_URL=""' -D'SVN_REV=""' -IROMS/Include -I/home/tr16/COAWST_3.7/Projects/Sandy -IROMS/Nonlinear -IROMS/Nonlinear/Biology -IROMS/Nonlinear/Sediment -IROMS/Nonlinear/Wec -IROMS/Nonlinear/Vegetation -IROMS/Utility -IROMS/Drivers -IROMS/Functionals -I/home/tr16/COAWST_3.7/Projects/Sandy -ISWAN/Src -IMaster -ICompilers -D'HEADER_DIR="/home/tr16/COAWST_3.7/Projects/Sandy"'  SWAN/Src/swanser.F > Build_roms/swanser.f90
/usr/bin/cpp -P -traditional -w               -DMPI -DLINUX -DX86_64 -DGFORTRAN -D'ROOT_DIR="/home/tr16/COAWST_3.7"' -DSANDY -D'HEADER="sandy.h"' -D'ROMS_HEADER="/home/tr16/COAWST_3.7/Projects/Sandy/sandy.h"' -DNestedGrids= -D'ANALYTICAL_DIR="/home/tr16/COAWST_3.7/Projects/Sandy"' -D'MY_ANALYTICAL="on"' -D'SVN_URL=""' -D'SVN_REV=""' -IROMS/Include -I/home/tr16/COAWST_3.7/Projects/Sandy -IROMS/Nonlinear -IROMS/Nonlinear/Biology -IROMS/Nonlinear/Sediment -IROMS/Nonlinear/Wec -IROMS/Nonlinear/Vegetation -IROMS/Utility -IROMS/Drivers -IROMS/Functionals -I/home/tr16/COAWST_3.7/Projects/Sandy -ISWAN/Src -IMaster -ICompilers -D'HEADER_DIR="/home/tr16/COAWST_3.7/Projects/Sandy"'  SWAN/Src/SwanPrintGridInfo.F > Build_roms/SwanPrintGridInfo.f90
/usr/bin/cpp -P -traditional -w               -DMPI -DLINUX -DX86_64 -DGFORTRAN -D'ROOT_DIR="/home/tr16/COAWST_3.7"' -DSANDY -D'HEADER="sandy.h"' -D'ROMS_HEADER="/home/tr16/COAWST_3.7/Projects/Sandy/sandy.h"' -DNestedGrids= -D'ANALYTICAL_DIR="/home/tr16/COAWST_3.7/Projects/Sandy"' -D'MY_ANALYTICAL="on"' -D'SVN_URL=""' -D'SVN_REV=""' -IROMS/Include -I/home/tr16/COAWST_3.7/Projects/Sandy -IROMS/Nonlinear -IROMS/Nonlinear/Biology -IROMS/Nonlinear/Sediment -IROMS/Nonlinear/Wec -IROMS/Nonlinear/Vegetation -IROMS/Utility -IROMS/Drivers -IROMS/Functionals -I/home/tr16/COAWST_3.7/Projects/Sandy -ISWAN/Src -IMaster -ICompilers -D'HEADER_DIR="/home/tr16/COAWST_3.7/Projects/Sandy"'  SWAN/Src/SwanPunCollect.F > Build_roms/SwanPunCollect.f90
/usr/bin/cpp -P -traditional -w               -DMPI -DLINUX -DX86_64 -DGFORTRAN -D'ROOT_DIR="/home/tr16/COAWST_3.7"' -DSANDY -D'HEADER="sandy.h"' -D'ROMS_HEADER="/home/tr16/COAWST_3.7/Projects/Sandy/sandy.h"' -DNestedGrids= -D'ANALYTICAL_DIR="/home/tr16/COAWST_3.7/Projects/Sandy"' -D'MY_ANALYTICAL="on"' -D'SVN_URL=""' -D'SVN_REV=""' -IROMS/Include -I/home/tr16/COAWST_3.7/Projects/Sandy -IROMS/Nonlinear -IROMS/Nonlinear/Biology -IROMS/Nonlinear/Sediment -IROMS/Nonlinear/Wec -IROMS/Nonlinear/Vegetation -IROMS/Utility -IROMS/Drivers -IROMS/Functionals -I/home/tr16/COAWST_3.7/Projects/Sandy -ISWAN/Src -IMaster -ICompilers -D'HEADER_DIR="/home/tr16/COAWST_3.7/Projects/Sandy"'  SWAN/Src/SwanSweepSel.F > Build_roms/SwanSweepSel.f90
/usr/bin/cpp -P -traditional -w               -DMPI -DLINUX -DX86_64 -DGFORTRAN -D'ROOT_DIR="/home/tr16/COAWST_3.7"' -DSANDY -D'HEADER="sandy.h"' -D'ROMS_HEADER="/home/tr16/COAWST_3.7/Projects/Sandy/sandy.h"' -DNestedGrids= -D'ANALYTICAL_DIR="/home/tr16/COAWST_3.7/Projects/Sandy"' -D'MY_ANALYTICAL="on"' -D'SVN_URL=""' -D'SVN_REV=""' -IROMS/Include -I/home/tr16/COAWST_3.7/Projects/Sandy -IROMS/Nonlinear -IROMS/Nonlinear/Biology -IROMS/Nonlinear/Sediment -IROMS/Nonlinear/Wec -IROMS/Nonlinear/Vegetation -IROMS/Utility -IROMS/Drivers -IROMS/Functionals -I/home/tr16/COAWST_3.7/Projects/Sandy -ISWAN/Src -IMaster -ICompilers -D'HEADER_DIR="/home/tr16/COAWST_3.7/Projects/Sandy"'  SWAN/Src/SwanMinOverNodes.F > Build_roms/SwanMinOverNodes.f90
/usr/bin/cpp -P -traditional -w               -DMPI -DLINUX -DX86_64 -DGFORTRAN -D'ROOT_DIR="/home/tr16/COAWST_3.7"' -DSANDY -D'HEADER="sandy.h"' -D'ROMS_HEADER="/home/tr16/COAWST_3.7/Projects/Sandy/sandy.h"' -DNestedGrids= -D'ANALYTICAL_DIR="/home/tr16/COAWST_3.7/Projects/Sandy"' -D'MY_ANALYTICAL="on"' -D'SVN_URL=""' -D'SVN_REV=""' -IROMS/Include -I/home/tr16/COAWST_3.7/Projects/Sandy -IROMS/Nonlinear -IROMS/Nonlinear/Biology -IROMS/Nonlinear/Sediment -IROMS/Nonlinear/Wec -IROMS/Nonlinear/Vegetation -IROMS/Utility -IROMS/Drivers -IROMS/Functionals -I/home/tr16/COAWST_3.7/Projects/Sandy -ISWAN/Src -IMaster -ICompilers -D'HEADER_DIR="/home/tr16/COAWST_3.7/Projects/Sandy"'  SWAN/Src/SwanFindPoint.F > Build_roms/SwanFindPoint.f90
ROMS/Bin/cpp_clean Build_roms/SwanReadADCGrid.f90
/usr/bin/cpp -P -traditional -w               -DMPI -DLINUX -DX86_64 -DGFORTRAN -D'ROOT_DIR="/home/tr16/COAWST_3.7"' -DSANDY -D'HEADER="sandy.h"' -D'ROMS_HEADER="/home/tr16/COAWST_3.7/Projects/Sandy/sandy.h"' -DNestedGrids= -D'ANALYTICAL_DIR="/home/tr16/COAWST_3.7/Projects/Sandy"' -D'MY_ANALYTICAL="on"' -D'SVN_URL=""' -D'SVN_REV=""' -IROMS/Include -I/home/tr16/COAWST_3.7/Projects/Sandy -IROMS/Nonlinear -IROMS/Nonlinear/Biology -IROMS/Nonlinear/Sediment -IROMS/Nonlinear/Wec -IROMS/Nonlinear/Vegetation -IROMS/Utility -IROMS/Drivers -IROMS/Functionals -I/home/tr16/COAWST_3.7/Projects/Sandy -ISWAN/Src -IMaster -ICompilers -D'HEADER_DIR="/home/tr16/COAWST_3.7/Projects/Sandy"'  SWAN/Src/SwanGridFace.F > Build_roms/SwanGridFace.f90
ROMS/Bin/cpp_clean Build_roms/SwanBndStruc.f90
/usr/bin/cpp -P -traditional -w               -DMPI -DLINUX -DX86_64 -DGFORTRAN -D'ROOT_DIR="/home/tr16/COAWST_3.7"' -DSANDY -D'HEADER="sandy.h"' -D'ROMS_HEADER="/home/tr16/COAWST_3.7/Projects/Sandy/sandy.h"' -DNestedGrids= -D'ANALYTICAL_DIR="/home/tr16/COAWST_3.7/Projects/Sandy"' -D'MY_ANALYTICAL="on"' -D'SVN_URL=""' -D'SVN_REV=""' -IROMS/Include -I/home/tr16/COAWST_3.7/Projects/Sandy -IROMS/Nonlinear -IROMS/Nonlinear/Biology -IROMS/Nonlinear/Sediment -IROMS/Nonlinear/Wec -IROMS/Nonlinear/Vegetation -IROMS/Utility -IROMS/Drivers -IROMS/Functionals -I/home/tr16/COAWST_3.7/Projects/Sandy -ISWAN/Src -IMaster -ICompilers -D'HEADER_DIR="/home/tr16/COAWST_3.7/Projects/Sandy"'  SWAN/Src/swan2coh.F > Build_roms/swan2coh.f90
ROMS/Bin/cpp_clean Build_roms/SwanComputeForce.f90
ROMS/Bin/cpp_clean Build_roms/SwanGradDepthorK.f90
ROMS/Bin/cpp_clean Build_roms/mod_swan_kinds.f90
/usr/bin/cpp -P -traditional -w               -DMPI -DLINUX -DX86_64 -DGFORTRAN -D'ROOT_DIR="/home/tr16/COAWST_3.7"' -DSANDY -D'HEADER="sandy.h"' -D'ROMS_HEADER="/home/tr16/COAWST_3.7/Projects/Sandy/sandy.h"' -DNestedGrids= -D'ANALYTICAL_DIR="/home/tr16/COAWST_3.7/Projects/Sandy"' -D'MY_ANALYTICAL="on"' -D'SVN_URL=""' -D'SVN_REV=""' -IROMS/Include -I/home/tr16/COAWST_3.7/Projects/Sandy -IROMS/Nonlinear -IROMS/Nonlinear/Biology -IROMS/Nonlinear/Sediment -IROMS/Nonlinear/Wec -IROMS/Nonlinear/Vegetation -IROMS/Utility -IROMS/Drivers -IROMS/Functionals -I/home/tr16/COAWST_3.7/Projects/Sandy -ISWAN/Src -IMaster -ICompilers -D'HEADER_DIR="/home/tr16/COAWST_3.7/Projects/Sandy"'  SWAN/Src/SwanReadfort18.F > Build_roms/SwanReadfort18.f90
/usr/bin/cpp -P -traditional -w               -DMPI -DLINUX -DX86_64 -DGFORTRAN -D'ROOT_DIR="/home/tr16/COAWST_3.7"' -DSANDY -D'HEADER="sandy.h"' -D'ROMS_HEADER="/home/tr16/COAWST_3.7/Projects/Sandy/sandy.h"' -DNestedGrids= -D'ANALYTICAL_DIR="/home/tr16/COAWST_3.7/Projects/Sandy"' -D'MY_ANALYTICAL="on"' -D'SVN_URL=""' -D'SVN_REV=""' -IROMS/Include -I/home/tr16/COAWST_3.7/Projects/Sandy -IROMS/Nonlinear -IROMS/Nonlinear/Biology -IROMS/Nonlinear/Sediment -IROMS/Nonlinear/Wec -IROMS/Nonlinear/Vegetation -IROMS/Utility -IROMS/Drivers -IROMS/Functionals -I/home/tr16/COAWST_3.7/Projects/Sandy -ISWAN/Src -IMaster -ICompilers -D'HEADER_DIR="/home/tr16/COAWST_3.7/Projects/Sandy"'  SWAN/Src/swanparll.F > Build_roms/swanparll.f90
/usr/bin/cpp -P -traditional -w               -DMPI -DLINUX -DX86_64 -DGFORTRAN -D'ROOT_DIR="/home/tr16/COAWST_3.7"' -DSANDY -D'HEADER="sandy.h"' -D'ROMS_HEADER="/home/tr16/COAWST_3.7/Projects/Sandy/sandy.h"' -DNestedGrids= -D'ANALYTICAL_DIR="/home/tr16/COAWST_3.7/Projects/Sandy"' -D'MY_ANALYTICAL="on"' -D'SVN_URL=""' -D'SVN_REV=""' -IROMS/Include -I/home/tr16/COAWST_3.7/Projects/Sandy -IROMS/Nonlinear -IROMS/Nonlinear/Biology -IROMS/Nonlinear/Sediment -IROMS/Nonlinear/Wec -IROMS/Nonlinear/Vegetation -IROMS/Utility -IROMS/Drivers -IROMS/Functionals -I/home/tr16/COAWST_3.7/Projects/Sandy -ISWAN/Src -IMaster -ICompilers -D'HEADER_DIR="/home/tr16/COAWST_3.7/Projects/Sandy"'  SWAN/Src/SwanInterpolateAc.F > Build_roms/SwanInterpolateAc.f90
/usr/bin/cpp -P -traditional -w               -DMPI -DLINUX -DX86_64 -DGFORTRAN -D'ROOT_DIR="/home/tr16/COAWST_3.7"' -DSANDY -D'HEADER="sandy.h"' -D'ROMS_HEADER="/home/tr16/COAWST_3.7/Projects/Sandy/sandy.h"' -DNestedGrids= -D'ANALYTICAL_DIR="/home/tr16/COAWST_3.7/Projects/Sandy"' -D'MY_ANALYTICAL="on"' -D'SVN_URL=""' -D'SVN_REV=""' -IROMS/Include -I/home/tr16/COAWST_3.7/Projects/Sandy -IROMS/Nonlinear -IROMS/Nonlinear/Biology -IROMS/Nonlinear/Sediment -IROMS/Nonlinear/Wec -IROMS/Nonlinear/Vegetation -IROMS/Utility -IROMS/Drivers -IROMS/Functionals -I/home/tr16/COAWST_3.7/Projects/Sandy -ISWAN/Src -IMaster -ICompilers -D'HEADER_DIR="/home/tr16/COAWST_3.7/Projects/Sandy"'  Master/roms_import.F > Build_roms/roms_import.f90
ROMS/Bin/cpp_clean Build_roms/SwanIntgratSpc.f90
/usr/bin/cpp -P -traditional -w               -DMPI -DLINUX -DX86_64 -DGFORTRAN -D'ROOT_DIR="/home/tr16/COAWST_3.7"' -DSANDY -D'HEADER="sandy.h"' -D'ROMS_HEADER="/home/tr16/COAWST_3.7/Projects/Sandy/sandy.h"' -DNestedGrids= -D'ANALYTICAL_DIR="/home/tr16/COAWST_3.7/Projects/Sandy"' -D'MY_ANALYTICAL="on"' -D'SVN_URL=""' -D'SVN_REV=""' -IROMS/Include -I/home/tr16/COAWST_3.7/Projects/Sandy -IROMS/Nonlinear -IROMS/Nonlinear/Biology -IROMS/Nonlinear/Sediment -IROMS/Nonlinear/Wec -IROMS/Nonlinear/Vegetation -IROMS/Utility -IROMS/Drivers -IROMS/Functionals -I/home/tr16/COAWST_3.7/Projects/Sandy -ISWAN/Src -IMaster -ICompilers -D'HEADER_DIR="/home/tr16/COAWST_3.7/Projects/Sandy"'  Master/get_sparse_matrix.F > Build_roms/get_sparse_matrix.f90
ROMS/Bin/cpp_clean Build_roms/ocpcre.f90
ROMS/Bin/cpp_clean Build_roms/SwanReadTriangleGrid.f90
ROMS/Bin/cpp_clean Build_roms/SwanTranspAc.f90
/usr/bin/cpp -P -traditional -w               -DMPI -DLINUX -DX86_64 -DGFORTRAN -D'ROOT_DIR="/home/tr16/COAWST_3.7"' -DSANDY -D'HEADER="sandy.h"' -D'ROMS_HEADER="/home/tr16/COAWST_3.7/Projects/Sandy/sandy.h"' -DNestedGrids= -D'ANALYTICAL_DIR="/home/tr16/COAWST_3.7/Projects/Sandy"' -D'MY_ANALYTICAL="on"' -D'SVN_URL=""' -D'SVN_REV=""' -IROMS/Include -I/home/tr16/COAWST_3.7/Projects/Sandy -IROMS/Nonlinear -IROMS/Nonlinear/Biology -IROMS/Nonlinear/Sediment -IROMS/Nonlinear/Wec -IROMS/Nonlinear/Vegetation -IROMS/Utility -IROMS/Drivers -IROMS/Functionals -I/home/tr16/COAWST_3.7/Projects/Sandy -ISWAN/Src -IMaster -ICompilers -D'HEADER_DIR="/home/tr16/COAWST_3.7/Projects/Sandy"'  Master/master.F > Build_roms/master.f90
/usr/bin/cpp -P -traditional -w               -DMPI -DLINUX -DX86_64 -DGFORTRAN -D'ROOT_DIR="/home/tr16/COAWST_3.7"' -DSANDY -D'HEADER="sandy.h"' -D'ROMS_HEADER="/home/tr16/COAWST_3.7/Projects/Sandy/sandy.h"' -DNestedGrids= -D'ANALYTICAL_DIR="/home/tr16/COAWST_3.7/Projects/Sandy"' -D'MY_ANALYTICAL="on"' -D'SVN_URL=""' -D'SVN_REV=""' -IROMS/Include -I/home/tr16/COAWST_3.7/Projects/Sandy -IROMS/Nonlinear -IROMS/Nonlinear/Biology -IROMS/Nonlinear/Sediment -IROMS/Nonlinear/Wec -IROMS/Nonlinear/Vegetation -IROMS/Utility -IROMS/Drivers -IROMS/Functionals -I/home/tr16/COAWST_3.7/Projects/Sandy -ISWAN/Src -IMaster -ICompilers -D'HEADER_DIR="/home/tr16/COAWST_3.7/Projects/Sandy"'  Master/roms_export.F > Build_roms/roms_export.f90
ROMS/Bin/cpp_clean Build_roms/SwanPropvelX.f90
/usr/bin/cpp -P -traditional -w               -DMPI -DLINUX -DX86_64 -DGFORTRAN -D'ROOT_DIR="/home/tr16/COAWST_3.7"' -DSANDY -D'HEADER="sandy.h"' -D'ROMS_HEADER="/home/tr16/COAWST_3.7/Projects/Sandy/sandy.h"' -DNestedGrids= -D'ANALYTICAL_DIR="/home/tr16/COAWST_3.7/Projects/Sandy"' -D'MY_ANALYTICAL="on"' -D'SVN_URL=""' -D'SVN_REV=""' -IROMS/Include -I/home/tr16/COAWST_3.7/Projects/Sandy -IROMS/Nonlinear -IROMS/Nonlinear/Biology -IROMS/Nonlinear/Sediment -IROMS/Nonlinear/Wec -IROMS/Nonlinear/Vegetation -IROMS/Utility -IROMS/Drivers -IROMS/Functionals -I/home/tr16/COAWST_3.7/Projects/Sandy -ISWAN/Src -IMaster -ICompilers -D'HEADER_DIR="/home/tr16/COAWST_3.7/Projects/Sandy"'  Master/read_coawst_par.F > Build_roms/read_coawst_par.f90
ROMS/Bin/cpp_clean Build_roms/SwanGridTopology.f90
ROMS/Bin/cpp_clean Build_roms/SwanDispParm.f90
/usr/bin/cpp -P -traditional -w               -DMPI -DLINUX -DX86_64 -DGFORTRAN -D'ROOT_DIR="/home/tr16/COAWST_3.7"' -DSANDY -D'HEADER="sandy.h"' -D'ROMS_HEADER="/home/tr16/COAWST_3.7/Projects/Sandy/sandy.h"' -DNestedGrids= -D'ANALYTICAL_DIR="/home/tr16/COAWST_3.7/Projects/Sandy"' -D'MY_ANALYTICAL="on"' -D'SVN_URL=""' -D'SVN_REV=""' -IROMS/Include -I/home/tr16/COAWST_3.7/Projects/Sandy -IROMS/Nonlinear -IROMS/Nonlinear/Biology -IROMS/Nonlinear/Sediment -IROMS/Nonlinear/Wec -IROMS/Nonlinear/Vegetation -IROMS/Utility -IROMS/Drivers -IROMS/Functionals -I/home/tr16/COAWST_3.7/Projects/Sandy -ISWAN/Src -IMaster -ICompilers -D'HEADER_DIR="/home/tr16/COAWST_3.7/Projects/Sandy"'  Master/mct_coupler_utils.F > Build_roms/mct_coupler_utils.f90
ROMS/Bin/cpp_clean Build_roms/swanpre2.f90
/usr/bin/cpp -P -traditional -w               -DMPI -DLINUX -DX86_64 -DGFORTRAN -D'ROOT_DIR="/home/tr16/COAWST_3.7"' -DSANDY -D'HEADER="sandy.h"' -D'ROMS_HEADER="/home/tr16/COAWST_3.7/Projects/Sandy/sandy.h"' -DNestedGrids= -D'ANALYTICAL_DIR="/home/tr16/COAWST_3.7/Projects/Sandy"' -D'MY_ANALYTICAL="on"' -D'SVN_URL=""' -D'SVN_REV=""' -IROMS/Include -I/home/tr16/COAWST_3.7/Projects/Sandy -IROMS/Nonlinear -IROMS/Nonlinear/Biology -IROMS/Nonlinear/Sediment -IROMS/Nonlinear/Wec -IROMS/Nonlinear/Vegetation -IROMS/Utility -IROMS/Drivers -IROMS/Functionals -I/home/tr16/COAWST_3.7/Projects/Sandy -ISWAN/Src -IMaster -ICompilers -D'HEADER_DIR="/home/tr16/COAWST_3.7/Projects/Sandy"'  Master/ww3_iounits.F > Build_roms/ww3_iounits.f90
ROMS/Bin/cpp_clean Build_roms/SwanGradVel.f90
/usr/bin/cpp -P -traditional -w               -DMPI -DLINUX -DX86_64 -DGFORTRAN -D'ROOT_DIR="/home/tr16/COAWST_3.7"' -DSANDY -D'HEADER="sandy.h"' -D'ROMS_HEADER="/home/tr16/COAWST_3.7/Projects/Sandy/sandy.h"' -DNestedGrids= -D'ANALYTICAL_DIR="/home/tr16/COAWST_3.7/Projects/Sandy"' -D'MY_ANALYTICAL="on"' -D'SVN_URL=""' -D'SVN_REV=""' -IROMS/Include -I/home/tr16/COAWST_3.7/Projects/Sandy -IROMS/Nonlinear -IROMS/Nonlinear/Biology -IROMS/Nonlinear/Sediment -IROMS/Nonlinear/Wec -IROMS/Nonlinear/Vegetation -IROMS/Utility -IROMS/Drivers -IROMS/Functionals -I/home/tr16/COAWST_3.7/Projects/Sandy -ISWAN/Src -IMaster -ICompilers -D'HEADER_DIR="/home/tr16/COAWST_3.7/Projects/Sandy"'  Master/get_wrf_moving_grids.F > Build_roms/get_wrf_moving_grids.f90
/usr/bin/cpp -P -traditional -w               -DMPI -DLINUX -DX86_64 -DGFORTRAN -D'ROOT_DIR="/home/tr16/COAWST_3.7"' -DSANDY -D'HEADER="sandy.h"' -D'ROMS_HEADER="/home/tr16/COAWST_3.7/Projects/Sandy/sandy.h"' -DNestedGrids= -D'ANALYTICAL_DIR="/home/tr16/COAWST_3.7/Projects/Sandy"' -D'MY_ANALYTICAL="on"' -D'SVN_URL=""' -D'SVN_REV=""' -IROMS/Include -I/home/tr16/COAWST_3.7/Projects/Sandy -IROMS/Nonlinear -IROMS/Nonlinear/Biology -IROMS/Nonlinear/Sediment -IROMS/Nonlinear/Wec -IROMS/Nonlinear/Vegetation -IROMS/Utility -IROMS/Drivers -IROMS/Functionals -I/home/tr16/COAWST_3.7/Projects/Sandy -ISWAN/Src -IMaster -ICompilers -D'HEADER_DIR="/home/tr16/COAWST_3.7/Projects/Sandy"'  Master/get_numswan_grids.F > Build_roms/get_numswan_grids.f90
ROMS/Bin/cpp_clean Build_roms/couple2adcirc.f90
/usr/bin/cpp -P -traditional -w               -DMPI -DLINUX -DX86_64 -DGFORTRAN -D'ROOT_DIR="/home/tr16/COAWST_3.7"' -DSANDY -D'HEADER="sandy.h"' -D'ROMS_HEADER="/home/tr16/COAWST_3.7/Projects/Sandy/sandy.h"' -DNestedGrids= -D'ANALYTICAL_DIR="/home/tr16/COAWST_3.7/Projects/Sandy"' -D'MY_ANALYTICAL="on"' -D'SVN_URL=""' -D'SVN_REV=""' -IROMS/Include -I/home/tr16/COAWST_3.7/Projects/Sandy -IROMS/Nonlinear -IROMS/Nonlinear/Biology -IROMS/Nonlinear/Sediment -IROMS/Nonlinear/Wec -IROMS/Nonlinear/Vegetation -IROMS/Utility -IROMS/Drivers -IROMS/Functionals -I/home/tr16/COAWST_3.7/Projects/Sandy -ISWAN/Src -IMaster -ICompilers -D'HEADER_DIR="/home/tr16/COAWST_3.7/Projects/Sandy"'  Master/read_model_inputs.F > Build_roms/read_model_inputs.f90
ROMS/Bin/cpp_clean Build_roms/SwanConvStopc.f90
/usr/bin/cpp -P -traditional -w               -DMPI -DLINUX -DX86_64 -DGFORTRAN -D'ROOT_DIR="/home/tr16/COAWST_3.7"' -DSANDY -D'HEADER="sandy.h"' -D'ROMS_HEADER="/home/tr16/COAWST_3.7/Projects/Sandy/sandy.h"' -DNestedGrids= -D'ANALYTICAL_DIR="/home/tr16/COAWST_3.7/Projects/Sandy"' -D'MY_ANALYTICAL="on"' -D'SVN_URL=""' -D'SVN_REV=""' -IROMS/Include -I/home/tr16/COAWST_3.7/Projects/Sandy -IROMS/Nonlinear -IROMS/Nonlinear/Biology -IROMS/Nonlinear/Sediment -IROMS/Nonlinear/Wec -IROMS/Nonlinear/Vegetation -IROMS/Utility -IROMS/Drivers -IROMS/Functionals -I/home/tr16/COAWST_3.7/Projects/Sandy -ISWAN/Src -IMaster -ICompilers -D'HEADER_DIR="/home/tr16/COAWST_3.7/Projects/Sandy"'  Master/coupler.F > Build_roms/coupler.f90
/usr/bin/cpp -P -traditional -w               -DMPI -DLINUX -DX86_64 -DGFORTRAN -D'ROOT_DIR="/home/tr16/COAWST_3.7"' -DSANDY -D'HEADER="sandy.h"' -D'ROMS_HEADER="/home/tr16/COAWST_3.7/Projects/Sandy/sandy.h"' -DNestedGrids= -D'ANALYTICAL_DIR="/home/tr16/COAWST_3.7/Projects/Sandy"' -D'MY_ANALYTICAL="on"' -D'SVN_URL=""' -D'SVN_REV=""' -IROMS/Include -I/home/tr16/COAWST_3.7/Projects/Sandy -IROMS/Nonlinear -IROMS/Nonlinear/Biology -IROMS/Nonlinear/Sediment -IROMS/Nonlinear/Wec -IROMS/Nonlinear/Vegetation -IROMS/Utility -IROMS/Drivers -IROMS/Functionals -I/home/tr16/COAWST_3.7/Projects/Sandy -ISWAN/Src -IMaster -ICompilers -D'HEADER_DIR="/home/tr16/COAWST_3.7/Projects/Sandy"'  Master/esmf_roms.F > Build_roms/esmf_roms.f90
ROMS/Bin/cpp_clean Build_roms/SwanPunCollect.f90
ROMS/Bin/cpp_clean Build_roms/SwanPrintGridInfo.f90
ROMS/Bin/cpp_clean Build_roms/SwanSweepSel.f90
rm -f -r /home/tr16/make_macros.mk
cd ./Build_roms; /opt/ohpc/pub/apps/openmpi-4.0.2/bin/mpif90 -c -frepack-arrays -O3 -ffast-math -O3 -ftree-vectorize -funroll-loops -w -ffree-form -ffree-line-length-none -frecord-marker=4 -fconvert=big-endian -I/usr/include -I/home/tr16/COAWST_3.7/MCT_LIB/include -I/home/tr16/COAWST_3.7//WRF/main -I/home/tr16/COAWST_3.7//WRF/external/esmf_time_f90 -I/home/tr16/COAWST_3.7//WRF/frame -I/home/tr16/COAWST_3.7//WRF/share mod_kinds.f90
ROMS/Bin/cpp_clean Build_roms/swancom3.f90
ROMS/Bin/cpp_clean Build_roms/SwanMinOverNodes.f90
ROMS/Bin/cpp_clean Build_roms/SwanFindPoint.f90
ROMS/Bin/cpp_clean Build_roms/SwanGridFace.f90
cd ./Build_roms; /opt/ohpc/pub/apps/openmpi-4.0.2/bin/mpif90 -c -frepack-arrays -O3 -ffast-math -O3 -ftree-vectorize -funroll-loops -w -ffree-form -ffree-line-length-none -frecord-marker=4 -fconvert=big-endian -I/usr/include -I/home/tr16/COAWST_3.7/MCT_LIB/include -I/home/tr16/COAWST_3.7//WRF/main -I/home/tr16/COAWST_3.7//WRF/external/esmf_time_f90 -I/home/tr16/COAWST_3.7//WRF/frame -I/home/tr16/COAWST_3.7//WRF/share -ffree-form -ffree-line-length-none mod_strings.f90
ROMS/Bin/cpp_clean Build_roms/swan2coh.f90
ROMS/Bin/cpp_clean Build_roms/SwanReadfort18.f90
cd ./Build_roms; /opt/ohpc/pub/apps/openmpi-4.0.2/bin/mpif90 -c -frepack-arrays -O3 -ffast-math -O3 -ftree-vectorize -funroll-loops -w -ffree-form -ffree-line-length-none -frecord-marker=4 -fconvert=big-endian -I/usr/include -I/home/tr16/COAWST_3.7/MCT_LIB/include -I/home/tr16/COAWST_3.7//WRF/main -I/home/tr16/COAWST_3.7//WRF/external/esmf_time_f90 -I/home/tr16/COAWST_3.7//WRF/frame -I/home/tr16/COAWST_3.7//WRF/share -ffixed-form -ffixed-form swmod1.f90
ROMS/Bin/cpp_clean Build_roms/swanser.f90
ROMS/Bin/cpp_clean Build_roms/SwanInterpolateAc.f90
cd ./Build_roms; /opt/ohpc/pub/apps/openmpi-4.0.2/bin/mpif90 -c -frepack-arrays -O3 -ffast-math -O3 -ftree-vectorize -funroll-loops -w -ffree-form -ffree-line-length-none -frecord-marker=4 -fconvert=big-endian -I/usr/include -I/home/tr16/COAWST_3.7/MCT_LIB/include -I/home/tr16/COAWST_3.7//WRF/main -I/home/tr16/COAWST_3.7//WRF/external/esmf_time_f90 -I/home/tr16/COAWST_3.7//WRF/frame -I/home/tr16/COAWST_3.7//WRF/share -ffixed-form -ffree-form -ffree-line-length-none -ffree-form -ffree-line-length-none serv_xnl4v5.f90
cd ./Build_roms; /opt/ohpc/pub/apps/openmpi-4.0.2/bin/mpif90 -c -frepack-arrays -O3 -ffast-math -O3 -ftree-vectorize -funroll-loops -w -ffree-form -ffree-line-length-none -frecord-marker=4 -fconvert=big-endian -I/usr/include -I/home/tr16/COAWST_3.7/MCT_LIB/include -I/home/tr16/COAWST_3.7//WRF/main -I/home/tr16/COAWST_3.7//WRF/external/esmf_time_f90 -I/home/tr16/COAWST_3.7//WRF/frame -I/home/tr16/COAWST_3.7//WRF/share -ffree-form -ffree-line-length-none -ffree-form -ffree-line-length-none SwanGriddata.f90
ROMS/Bin/cpp_clean Build_roms/roms_import.f90
cd ./Build_roms; /opt/ohpc/pub/apps/openmpi-4.0.2/bin/mpif90 -c -frepack-arrays -O3 -ffast-math -O3 -ftree-vectorize -funroll-loops -w -ffree-form -ffree-line-length-none -frecord-marker=4 -fconvert=big-endian -I/usr/include -I/home/tr16/COAWST_3.7/MCT_LIB/include -I/home/tr16/COAWST_3.7//WRF/main -I/home/tr16/COAWST_3.7//WRF/external/esmf_time_f90 -I/home/tr16/COAWST_3.7//WRF/frame -I/home/tr16/COAWST_3.7//WRF/share -ffree-form -ffree-line-length-none -ffree-form -ffree-line-length-none SwanGridobjects.f90
cd ./Build_roms; /opt/ohpc/pub/apps/openmpi-4.0.2/bin/mpif90 -c -frepack-arrays -O3 -ffast-math -O3 -ftree-vectorize -funroll-loops -w -ffree-form -ffree-line-length-none -frecord-marker=4 -fconvert=big-endian -I/usr/include -I/home/tr16/COAWST_3.7/MCT_LIB/include -I/home/tr16/COAWST_3.7//WRF/main -I/home/tr16/COAWST_3.7//WRF/external/esmf_time_f90 -I/home/tr16/COAWST_3.7//WRF/frame -I/home/tr16/COAWST_3.7//WRF/share -ffree-form -ffree-line-length-none -ffree-form -ffree-line-length-none nctablemd.f90
ROMS/Bin/cpp_clean Build_roms/get_sparse_matrix.f90
cd ./Build_roms; /opt/ohpc/pub/apps/openmpi-4.0.2/bin/mpif90 -c -frepack-arrays -O3 -ffast-math -O3 -ftree-vectorize -funroll-loops -w -ffree-form -ffree-line-length-none -frecord-marker=4 -fconvert=big-endian -I/usr/include -I/home/tr16/COAWST_3.7/MCT_LIB/include -I/home/tr16/COAWST_3.7//WRF/main -I/home/tr16/COAWST_3.7//WRF/external/esmf_time_f90 -I/home/tr16/COAWST_3.7//WRF/frame -I/home/tr16/COAWST_3.7//WRF/share swanhcat.f90
cd ./Build_roms; /opt/ohpc/pub/apps/openmpi-4.0.2/bin/mpif90 -c -frepack-arrays -O3 -ffast-math -O3 -ftree-vectorize -funroll-loops -w -ffree-form -ffree-line-length-none -frecord-marker=4 -fconvert=big-endian -I/usr/include -I/home/tr16/COAWST_3.7/MCT_LIB/include -I/home/tr16/COAWST_3.7//WRF/main -I/home/tr16/COAWST_3.7//WRF/external/esmf_time_f90 -I/home/tr16/COAWST_3.7//WRF/frame -I/home/tr16/COAWST_3.7//WRF/share HottifySWAN.f90
cd ./Build_roms; /opt/ohpc/pub/apps/openmpi-4.0.2/bin/mpif90 -c -frepack-arrays -O3 -ffast-math -O3 -ftree-vectorize -funroll-loops -w -ffree-form -ffree-line-length-none -frecord-marker=4 -fconvert=big-endian -I/usr/include -I/home/tr16/COAWST_3.7/MCT_LIB/include -I/home/tr16/COAWST_3.7//WRF/main -I/home/tr16/COAWST_3.7//WRF/external/esmf_time_f90 -I/home/tr16/COAWST_3.7//WRF/frame -I/home/tr16/COAWST_3.7//WRF/share mod_swan_kinds.f90
cd ./Build_roms; /opt/ohpc/pub/apps/openmpi-4.0.2/bin/mpif90 -c -frepack-arrays -O3 -ffast-math -O3 -ftree-vectorize -funroll-loops -w -ffree-form -ffree-line-length-none -frecord-marker=4 -fconvert=big-endian -I/usr/include -I/home/tr16/COAWST_3.7/MCT_LIB/include -I/home/tr16/COAWST_3.7//WRF/main -I/home/tr16/COAWST_3.7//WRF/external/esmf_time_f90 -I/home/tr16/COAWST_3.7//WRF/frame -I/home/tr16/COAWST_3.7//WRF/share SwanPunCollect.f90
ROMS/Bin/cpp_clean Build_roms/master.f90
ROMS/Bin/cpp_clean Build_roms/roms_export.f90
ROMS/Bin/cpp_clean Build_roms/swanparll.f90
ROMS/Bin/cpp_clean Build_roms/read_coawst_par.f90
ROMS/Bin/cpp_clean Build_roms/mct_coupler_utils.f90
cd ./Build_roms; /opt/ohpc/pub/apps/openmpi-4.0.2/bin/mpif90 -c -frepack-arrays -O3 -ffast-math -O3 -ftree-vectorize -funroll-loops -w -ffree-form -ffree-line-length-none -frecord-marker=4 -fconvert=big-endian -I/usr/include -I/home/tr16/COAWST_3.7/MCT_LIB/include -I/home/tr16/COAWST_3.7//WRF/main -I/home/tr16/COAWST_3.7//WRF/external/esmf_time_f90 -I/home/tr16/COAWST_3.7//WRF/frame -I/home/tr16/COAWST_3.7//WRF/share swan2coh.f90
ROMS/Bin/cpp_clean Build_roms/ww3_iounits.f90
cd ./Build_roms; /opt/ohpc/pub/apps/openmpi-4.0.2/bin/mpif90 -c -frepack-arrays -O3 -ffast-math -O3 -ftree-vectorize -funroll-loops -w -ffree-form -ffree-line-length-none -frecord-marker=4 -fconvert=big-endian -I/usr/include -I/home/tr16/COAWST_3.7/MCT_LIB/include -I/home/tr16/COAWST_3.7//WRF/main -I/home/tr16/COAWST_3.7//WRF/external/esmf_time_f90 -I/home/tr16/COAWST_3.7//WRF/frame -I/home/tr16/COAWST_3.7//WRF/share SwanReadfort18.f90
ROMS/Bin/cpp_clean Build_roms/get_wrf_moving_grids.f90
ROMS/Bin/cpp_clean Build_roms/get_numswan_grids.f90
ROMS/Bin/cpp_clean Build_roms/read_model_inputs.f90
ROMS/Bin/cpp_clean Build_roms/coupler.f90
ROMS/Bin/cpp_clean Build_roms/esmf_roms.f90
cd ./Build_roms; /opt/ohpc/pub/apps/openmpi-4.0.2/bin/mpif90 -c -frepack-arrays -O3 -ffast-math -O3 -ftree-vectorize -funroll-loops -w -ffree-form -ffree-line-length-none -frecord-marker=4 -fconvert=big-endian -I/usr/include -I/home/tr16/COAWST_3.7/MCT_LIB/include -I/home/tr16/COAWST_3.7//WRF/main -I/home/tr16/COAWST_3.7//WRF/external/esmf_time_f90 -I/home/tr16/COAWST_3.7//WRF/frame -I/home/tr16/COAWST_3.7//WRF/share mct_coupler_utils.f90
cd ./Build_roms; /opt/ohpc/pub/apps/openmpi-4.0.2/bin/mpif90 -c -frepack-arrays -O3 -ffast-math -O3 -ftree-vectorize -funroll-loops -w -ffree-form -ffree-line-length-none -frecord-marker=4 -fconvert=big-endian -I/usr/include -I/home/tr16/COAWST_3.7/MCT_LIB/include -I/home/tr16/COAWST_3.7//WRF/main -I/home/tr16/COAWST_3.7//WRF/external/esmf_time_f90 -I/home/tr16/COAWST_3.7//WRF/frame -I/home/tr16/COAWST_3.7//WRF/share ww3_iounits.f90
cd ./Build_roms; /opt/ohpc/pub/apps/openmpi-4.0.2/bin/mpif90 -c -frepack-arrays -O3 -ffast-math -O3 -ftree-vectorize -funroll-loops -w -ffree-form -ffree-line-length-none -frecord-marker=4 -fconvert=big-endian -I/usr/include -I/home/tr16/COAWST_3.7/MCT_LIB/include -I/home/tr16/COAWST_3.7//WRF/main -I/home/tr16/COAWST_3.7//WRF/external/esmf_time_f90 -I/home/tr16/COAWST_3.7//WRF/frame -I/home/tr16/COAWST_3.7//WRF/share coupler.f90
cd ./Build_roms; /opt/ohpc/pub/apps/openmpi-4.0.2/bin/mpif90 -c -frepack-arrays -O3 -ffast-math -O3 -ftree-vectorize -funroll-loops -w -ffree-form -ffree-line-length-none -frecord-marker=4 -fconvert=big-endian -I/usr/include -I/home/tr16/COAWST_3.7/MCT_LIB/include -I/home/tr16/COAWST_3.7//WRF/main -I/home/tr16/COAWST_3.7//WRF/external/esmf_time_f90 -I/home/tr16/COAWST_3.7//WRF/frame -I/home/tr16/COAWST_3.7//WRF/share esmf_roms.f90
cd ./Build_roms; /opt/ohpc/pub/apps/openmpi-4.0.2/bin/mpif90 -c -frepack-arrays -O3 -ffast-math -O3 -ftree-vectorize -funroll-loops -w -ffree-form -ffree-line-length-none -frecord-marker=4 -fconvert=big-endian -I/usr/include -I/home/tr16/COAWST_3.7/MCT_LIB/include -I/home/tr16/COAWST_3.7//WRF/main -I/home/tr16/COAWST_3.7//WRF/external/esmf_time_f90 -I/home/tr16/COAWST_3.7//WRF/frame -I/home/tr16/COAWST_3.7//WRF/share mod_param.f90
cd ./Build_roms; /opt/ohpc/pub/apps/openmpi-4.0.2/bin/mpif90 -c -frepack-arrays -O3 -ffast-math -O3 -ftree-vectorize -funroll-loops -w -ffree-form -ffree-line-length-none -frecord-marker=4 -fconvert=big-endian -I/usr/include -I/home/tr16/COAWST_3.7/MCT_LIB/include -I/home/tr16/COAWST_3.7//WRF/main -I/home/tr16/COAWST_3.7//WRF/external/esmf_time_f90 -I/home/tr16/COAWST_3.7//WRF/frame -I/home/tr16/COAWST_3.7//WRF/share round.f90
cd ./Build_roms; /opt/ohpc/pub/apps/openmpi-4.0.2/bin/mpif90 -c -frepack-arrays -O3 -ffast-math -O3 -ftree-vectorize -funroll-loops -w -ffree-form -ffree-line-length-none -frecord-marker=4 -fconvert=big-endian -I/usr/include -I/home/tr16/COAWST_3.7/MCT_LIB/include -I/home/tr16/COAWST_3.7//WRF/main -I/home/tr16/COAWST_3.7//WRF/external/esmf_time_f90 -I/home/tr16/COAWST_3.7//WRF/frame -I/home/tr16/COAWST_3.7//WRF/share mod_eoscoef.f90
cd ./Build_roms; /opt/ohpc/pub/apps/openmpi-4.0.2/bin/mpif90 -c -frepack-arrays -O3 -ffast-math -O3 -ftree-vectorize -funroll-loops -w -ffree-form -ffree-line-length-none -frecord-marker=4 -fconvert=big-endian -I/usr/include -I/home/tr16/COAWST_3.7/MCT_LIB/include -I/home/tr16/COAWST_3.7//WRF/main -I/home/tr16/COAWST_3.7//WRF/external/esmf_time_f90 -I/home/tr16/COAWST_3.7//WRF/frame -I/home/tr16/COAWST_3.7//WRF/share sqlq.f90
cd ./Build_roms; /opt/ohpc/pub/apps/openmpi-4.0.2/bin/mpif90 -c -frepack-arrays -O3 -ffast-math -O3 -ftree-vectorize -funroll-loops -w -ffree-form -ffree-line-length-none -frecord-marker=4 -fconvert=big-endian -I/usr/include -I/home/tr16/COAWST_3.7/MCT_LIB/include -I/home/tr16/COAWST_3.7//WRF/main -I/home/tr16/COAWST_3.7//WRF/external/esmf_time_f90 -I/home/tr16/COAWST_3.7//WRF/frame -I/home/tr16/COAWST_3.7//WRF/share lubksb.f90
cd ./Build_roms; /opt/ohpc/pub/apps/openmpi-4.0.2/bin/mpif90 -c -frepack-arrays -O3 -ffast-math -O3 -ftree-vectorize -funroll-loops -w -ffree-form -ffree-line-length-none -frecord-marker=4 -fconvert=big-endian -I/usr/include -I/home/tr16/COAWST_3.7/MCT_LIB/include -I/home/tr16/COAWST_3.7//WRF/main -I/home/tr16/COAWST_3.7//WRF/external/esmf_time_f90 -I/home/tr16/COAWST_3.7//WRF/frame -I/home/tr16/COAWST_3.7//WRF/share ludcmp.f90
cd ./Build_roms; /opt/ohpc/pub/apps/openmpi-4.0.2/bin/mpif90 -c -frepack-arrays -O3 -ffast-math -O3 -ftree-vectorize -funroll-loops -w -ffree-form -ffree-line-length-none -frecord-marker=4 -fconvert=big-endian -I/usr/include -I/home/tr16/COAWST_3.7/MCT_LIB/include -I/home/tr16/COAWST_3.7//WRF/main -I/home/tr16/COAWST_3.7//WRF/external/esmf_time_f90 -I/home/tr16/COAWST_3.7//WRF/frame -I/home/tr16/COAWST_3.7//WRF/share mp_routines.f90
cd ./Build_roms; /opt/ohpc/pub/apps/openmpi-4.0.2/bin/mpif90 -c -frepack-arrays -O3 -ffast-math -O3 -ftree-vectorize -funroll-loops -w -ffree-form -ffree-line-length-none -frecord-marker=4 -fconvert=big-endian -I/usr/include -I/home/tr16/COAWST_3.7/MCT_LIB/include -I/home/tr16/COAWST_3.7//WRF/main -I/home/tr16/COAWST_3.7//WRF/external/esmf_time_f90 -I/home/tr16/COAWST_3.7//WRF/frame -I/home/tr16/COAWST_3.7//WRF/share -ffixed-form swmod2.f90
cd ./Build_roms; /opt/ohpc/pub/apps/openmpi-4.0.2/bin/mpif90 -c -frepack-arrays -O3 -ffast-math -O3 -ftree-vectorize -funroll-loops -w -ffree-form -ffree-line-length-none -frecord-marker=4 -fconvert=big-endian -I/usr/include -I/home/tr16/COAWST_3.7/MCT_LIB/include -I/home/tr16/COAWST_3.7//WRF/main -I/home/tr16/COAWST_3.7//WRF/external/esmf_time_f90 -I/home/tr16/COAWST_3.7//WRF/frame -I/home/tr16/COAWST_3.7//WRF/share -ffixed-form -ffree-form -ffree-line-length-none -ffree-form -ffree-line-length-none m_constants.f90
cd ./Build_roms; /opt/ohpc/pub/apps/openmpi-4.0.2/bin/mpif90 -c -frepack-arrays -O3 -ffast-math -O3 -ftree-vectorize -funroll-loops -w -ffree-form -ffree-line-length-none -frecord-marker=4 -fconvert=big-endian -I/usr/include -I/home/tr16/COAWST_3.7/MCT_LIB/include -I/home/tr16/COAWST_3.7//WRF/main -I/home/tr16/COAWST_3.7//WRF/external/esmf_time_f90 -I/home/tr16/COAWST_3.7//WRF/frame -I/home/tr16/COAWST_3.7//WRF/share -ffree-form -ffree-line-length-none SwanReadGrid.f90
cd ./Build_roms; /opt/ohpc/pub/apps/openmpi-4.0.2/bin/mpif90 -c -frepack-arrays -O3 -ffast-math -O3 -ftree-vectorize -funroll-loops -w -ffree-form -ffree-line-length-none -frecord-marker=4 -fconvert=big-endian -I/usr/include -I/home/tr16/COAWST_3.7/MCT_LIB/include -I/home/tr16/COAWST_3.7//WRF/main -I/home/tr16/COAWST_3.7//WRF/external/esmf_time_f90 -I/home/tr16/COAWST_3.7//WRF/frame -I/home/tr16/COAWST_3.7//WRF/share SwanSumOverNodes.f90
cd ./Build_roms; /opt/ohpc/pub/apps/openmpi-4.0.2/bin/mpif90 -c -frepack-arrays -O3 -ffast-math -O3 -ftree-vectorize -funroll-loops -w -ffree-form -ffree-line-length-none -frecord-marker=4 -fconvert=big-endian -I/usr/include -I/home/tr16/COAWST_3.7/MCT_LIB/include -I/home/tr16/COAWST_3.7//WRF/main -I/home/tr16/COAWST_3.7//WRF/external/esmf_time_f90 -I/home/tr16/COAWST_3.7//WRF/frame -I/home/tr16/COAWST_3.7//WRF/share -ffree-form -ffree-line-length-none SwanCrossObstacle.f90
cd ./Build_roms; /opt/ohpc/pub/apps/openmpi-4.0.2/bin/mpif90 -c -frepack-arrays -O3 -ffast-math -O3 -ftree-vectorize -funroll-loops -w -ffree-form -ffree-line-length-none -frecord-marker=4 -fconvert=big-endian -I/usr/include -I/home/tr16/COAWST_3.7/MCT_LIB/include -I/home/tr16/COAWST_3.7//WRF/main -I/home/tr16/COAWST_3.7//WRF/external/esmf_time_f90 -I/home/tr16/COAWST_3.7//WRF/frame -I/home/tr16/COAWST_3.7//WRF/share -ffree-form -ffree-line-length-none -ffree-form -ffree-line-length-none SwanCompdata.f90
cd ./Build_roms; /opt/ohpc/pub/apps/openmpi-4.0.2/bin/mpif90 -c -frepack-arrays -O3 -ffast-math -O3 -ftree-vectorize -funroll-loops -w -ffree-form -ffree-line-length-none -frecord-marker=4 -fconvert=big-endian -I/usr/include -I/home/tr16/COAWST_3.7/MCT_LIB/include -I/home/tr16/COAWST_3.7//WRF/main -I/home/tr16/COAWST_3.7//WRF/external/esmf_time_f90 -I/home/tr16/COAWST_3.7//WRF/frame -I/home/tr16/COAWST_3.7//WRF/share SwanMaxOverNodes.f90
cd ./Build_roms; /opt/ohpc/pub/apps/openmpi-4.0.2/bin/mpif90 -c -frepack-arrays -O3 -ffast-math -O3 -ftree-vectorize -funroll-loops -w -ffree-form -ffree-line-length-none -frecord-marker=4 -fconvert=big-endian -I/usr/include -I/home/tr16/COAWST_3.7/MCT_LIB/include -I/home/tr16/COAWST_3.7//WRF/main -I/home/tr16/COAWST_3.7//WRF/external/esmf_time_f90 -I/home/tr16/COAWST_3.7//WRF/frame -I/home/tr16/COAWST_3.7//WRF/share -ffree-form -ffree-line-length-none SwanReadEasymeshGrid.f90
cd ./Build_roms; /opt/ohpc/pub/apps/openmpi-4.0.2/bin/mpif90 -c -frepack-arrays -O3 -ffast-math -O3 -ftree-vectorize -funroll-loops -w -ffree-form -ffree-line-length-none -frecord-marker=4 -fconvert=big-endian -I/usr/include -I/home/tr16/COAWST_3.7/MCT_LIB/include -I/home/tr16/COAWST_3.7//WRF/main -I/home/tr16/COAWST_3.7//WRF/external/esmf_time_f90 -I/home/tr16/COAWST_3.7//WRF/frame -I/home/tr16/COAWST_3.7//WRF/share -ffixed-form -ffree-form -ffree-line-length-none SdsBabanin.f90
cd ./Build_roms; /opt/ohpc/pub/apps/openmpi-4.0.2/bin/mpif90 -c -frepack-arrays -O3 -ffast-math -O3 -ftree-vectorize -funroll-loops -w -ffree-form -ffree-line-length-none -frecord-marker=4 -fconvert=big-endian -I/usr/include -I/home/tr16/COAWST_3.7/MCT_LIB/include -I/home/tr16/COAWST_3.7//WRF/main -I/home/tr16/COAWST_3.7//WRF/external/esmf_time_f90 -I/home/tr16/COAWST_3.7//WRF/frame -I/home/tr16/COAWST_3.7//WRF/share -ffree-form -ffree-line-length-none SwanPrepComp.f90
cd ./Build_roms; /opt/ohpc/pub/apps/openmpi-4.0.2/bin/mpif90 -c -frepack-arrays -O3 -ffast-math -O3 -ftree-vectorize -funroll-loops -w -ffree-form -ffree-line-length-none -frecord-marker=4 -fconvert=big-endian -I/usr/include -I/home/tr16/COAWST_3.7/MCT_LIB/include -I/home/tr16/COAWST_3.7//WRF/main -I/home/tr16/COAWST_3.7//WRF/external/esmf_time_f90 -I/home/tr16/COAWST_3.7//WRF/frame -I/home/tr16/COAWST_3.7//WRF/share -ffree-form -ffree-line-length-none SwanCheckGrid.f90
cd ./Build_roms; /opt/ohpc/pub/apps/openmpi-4.0.2/bin/mpif90 -c -frepack-arrays -O3 -ffast-math -O3 -ftree-vectorize -funroll-loops -w -ffree-form -ffree-line-length-none -frecord-marker=4 -fconvert=big-endian -I/usr/include -I/home/tr16/COAWST_3.7/MCT_LIB/include -I/home/tr16/COAWST_3.7//WRF/main -I/home/tr16/COAWST_3.7//WRF/external/esmf_time_f90 -I/home/tr16/COAWST_3.7//WRF/frame -I/home/tr16/COAWST_3.7//WRF/share -ffree-form -ffree-line-length-none SwanConvAccur.f90
cd ./Build_roms; /opt/ohpc/pub/apps/openmpi-4.0.2/bin/mpif90 -c -frepack-arrays -O3 -ffast-math -O3 -ftree-vectorize -funroll-loops -w -ffree-form -ffree-line-length-none -frecord-marker=4 -fconvert=big-endian -I/usr/include -I/home/tr16/COAWST_3.7/MCT_LIB/include -I/home/tr16/COAWST_3.7//WRF/main -I/home/tr16/COAWST_3.7//WRF/external/esmf_time_f90 -I/home/tr16/COAWST_3.7//WRF/frame -I/home/tr16/COAWST_3.7//WRF/share -ffree-form -ffree-line-length-none SwanGridCell.f90
cd ./Build_roms; /opt/ohpc/pub/apps/openmpi-4.0.2/bin/mpif90 -c -frepack-arrays -O3 -ffast-math -O3 -ftree-vectorize -funroll-loops -w -ffree-form -ffree-line-length-none -frecord-marker=4 -fconvert=big-endian -I/usr/include -I/home/tr16/COAWST_3.7/MCT_LIB/include -I/home/tr16/COAWST_3.7//WRF/main -I/home/tr16/COAWST_3.7//WRF/external/esmf_time_f90 -I/home/tr16/COAWST_3.7//WRF/frame -I/home/tr16/COAWST_3.7//WRF/share -ffree-form -ffree-line-length-none SwanGridVert.f90
cd ./Build_roms; /opt/ohpc/pub/apps/openmpi-4.0.2/bin/mpif90 -c -frepack-arrays -O3 -ffast-math -O3 -ftree-vectorize -funroll-loops -w -ffree-form -ffree-line-length-none -frecord-marker=4 -fconvert=big-endian -I/usr/include -I/home/tr16/COAWST_3.7/MCT_LIB/include -I/home/tr16/COAWST_3.7//WRF/main -I/home/tr16/COAWST_3.7//WRF/external/esmf_time_f90 -I/home/tr16/COAWST_3.7//WRF/frame -I/home/tr16/COAWST_3.7//WRF/share -ffixed-form -ffixed-form SwanSpectPart.f90
cd ./Build_roms; /opt/ohpc/pub/apps/openmpi-4.0.2/bin/mpif90 -c -frepack-arrays -O3 -ffast-math -O3 -ftree-vectorize -funroll-loops -w -ffree-form -ffree-line-length-none -frecord-marker=4 -fconvert=big-endian -I/usr/include -I/home/tr16/COAWST_3.7/MCT_LIB/include -I/home/tr16/COAWST_3.7//WRF/main -I/home/tr16/COAWST_3.7//WRF/external/esmf_time_f90 -I/home/tr16/COAWST_3.7//WRF/frame -I/home/tr16/COAWST_3.7//WRF/share -ffree-form -ffree-line-length-none SwanPointinMesh.f90
cd ./Build_roms; /opt/ohpc/pub/apps/openmpi-4.0.2/bin/mpif90 -c -frepack-arrays -O3 -ffast-math -O3 -ftree-vectorize -funroll-loops -w -ffree-form -ffree-line-length-none -frecord-marker=4 -fconvert=big-endian -I/usr/include -I/home/tr16/COAWST_3.7/MCT_LIB/include -I/home/tr16/COAWST_3.7//WRF/main -I/home/tr16/COAWST_3.7//WRF/external/esmf_time_f90 -I/home/tr16/COAWST_3.7//WRF/frame -I/home/tr16/COAWST_3.7//WRF/share -ffree-form -ffree-line-length-none SwanInterpolatePoint.f90
cd ./Build_roms; /opt/ohpc/pub/apps/openmpi-4.0.2/bin/mpif90 -c -frepack-arrays -O3 -ffast-math -O3 -ftree-vectorize -funroll-loops -w -ffree-form -ffree-line-length-none -frecord-marker=4 -fconvert=big-endian -I/usr/include -I/home/tr16/COAWST_3.7/MCT_LIB/include -I/home/tr16/COAWST_3.7//WRF/main -I/home/tr16/COAWST_3.7//WRF/external/esmf_time_f90 -I/home/tr16/COAWST_3.7//WRF/frame -I/home/tr16/COAWST_3.7//WRF/share -ffree-form -ffree-line-length-none SwanCreateEdges.f90
cd ./Build_roms; /opt/ohpc/pub/apps/openmpi-4.0.2/bin/mpif90 -c -frepack-arrays -O3 -ffast-math -O3 -ftree-vectorize -funroll-loops -w -ffree-form -ffree-line-length-none -frecord-marker=4 -fconvert=big-endian -I/usr/include -I/home/tr16/COAWST_3.7/MCT_LIB/include -I/home/tr16/COAWST_3.7//WRF/main -I/home/tr16/COAWST_3.7//WRF/external/esmf_time_f90 -I/home/tr16/COAWST_3.7//WRF/frame -I/home/tr16/COAWST_3.7//WRF/share -ffree-form -ffree-line-length-none SwanComputeForce.f90
cd ./Build_roms; /opt/ohpc/pub/apps/openmpi-4.0.2/bin/mpif90 -c -frepack-arrays -O3 -ffast-math -O3 -ftree-vectorize -funroll-loops -w -ffree-form -ffree-line-length-none -frecord-marker=4 -fconvert=big-endian -I/usr/include -I/home/tr16/COAWST_3.7/MCT_LIB/include -I/home/tr16/COAWST_3.7//WRF/main -I/home/tr16/COAWST_3.7//WRF/external/esmf_time_f90 -I/home/tr16/COAWST_3.7//WRF/frame -I/home/tr16/COAWST_3.7//WRF/share SwanGradDepthorK.f90
cd ./Build_roms; /opt/ohpc/pub/apps/openmpi-4.0.2/bin/mpif90 -c -frepack-arrays -O3 -ffast-math -O3 -ftree-vectorize -funroll-loops -w -ffree-form -ffree-line-length-none -frecord-marker=4 -fconvert=big-endian -I/usr/include -I/home/tr16/COAWST_3.7/MCT_LIB/include -I/home/tr16/COAWST_3.7//WRF/main -I/home/tr16/COAWST_3.7//WRF/external/esmf_time_f90 -I/home/tr16/COAWST_3.7//WRF/frame -I/home/tr16/COAWST_3.7//WRF/share -ffixed-form ocpcre.f90
cd ./Build_roms; /opt/ohpc/pub/apps/openmpi-4.0.2/bin/mpif90 -c -frepack-arrays -O3 -ffast-math -O3 -ftree-vectorize -funroll-loops -w -ffree-form -ffree-line-length-none -frecord-marker=4 -fconvert=big-endian -I/usr/include -I/home/tr16/COAWST_3.7/MCT_LIB/include -I/home/tr16/COAWST_3.7//WRF/main -I/home/tr16/COAWST_3.7//WRF/external/esmf_time_f90 -I/home/tr16/COAWST_3.7//WRF/frame -I/home/tr16/COAWST_3.7//WRF/share -ffree-form -ffree-line-length-none SwanIntgratSpc.f90
cd ./Build_roms; /opt/ohpc/pub/apps/openmpi-4.0.2/bin/mpif90 -c -frepack-arrays -O3 -ffast-math -O3 -ftree-vectorize -funroll-loops -w -ffree-form -ffree-line-length-none -frecord-marker=4 -fconvert=big-endian -I/usr/include -I/home/tr16/COAWST_3.7/MCT_LIB/include -I/home/tr16/COAWST_3.7//WRF/main -I/home/tr16/COAWST_3.7//WRF/external/esmf_time_f90 -I/home/tr16/COAWST_3.7//WRF/frame -I/home/tr16/COAWST_3.7//WRF/share -ffree-form -ffree-line-length-none SwanReadTriangleGrid.f90
cd ./Build_roms; /opt/ohpc/pub/apps/openmpi-4.0.2/bin/mpif90 -c -frepack-arrays -O3 -ffast-math -O3 -ftree-vectorize -funroll-loops -w -ffree-form -ffree-line-length-none -frecord-marker=4 -fconvert=big-endian -I/usr/include -I/home/tr16/COAWST_3.7/MCT_LIB/include -I/home/tr16/COAWST_3.7//WRF/main -I/home/tr16/COAWST_3.7//WRF/external/esmf_time_f90 -I/home/tr16/COAWST_3.7//WRF/frame -I/home/tr16/COAWST_3.7//WRF/share -ffree-form -ffree-line-length-none SwanTranspAc.f90
cd ./Build_roms; /opt/ohpc/pub/apps/openmpi-4.0.2/bin/mpif90 -c -frepack-arrays -O3 -ffast-math -O3 -ftree-vectorize -funroll-loops -w -ffree-form -ffree-line-length-none -frecord-marker=4 -fconvert=big-endian -I/usr/include -I/home/tr16/COAWST_3.7/MCT_LIB/include -I/home/tr16/COAWST_3.7//WRF/main -I/home/tr16/COAWST_3.7//WRF/external/esmf_time_f90 -I/home/tr16/COAWST_3.7//WRF/frame -I/home/tr16/COAWST_3.7//WRF/share -ffree-form -ffree-line-length-none SwanGridTopology.f90
cd ./Build_roms; /opt/ohpc/pub/apps/openmpi-4.0.2/bin/mpif90 -c -frepack-arrays -O3 -ffast-math -O3 -ftree-vectorize -funroll-loops -w -ffree-form -ffree-line-length-none -frecord-marker=4 -fconvert=big-endian -I/usr/include -I/home/tr16/COAWST_3.7/MCT_LIB/include -I/home/tr16/COAWST_3.7//WRF/main -I/home/tr16/COAWST_3.7//WRF/external/esmf_time_f90 -I/home/tr16/COAWST_3.7//WRF/frame -I/home/tr16/COAWST_3.7//WRF/share SwanGradVel.f90
cd ./Build_roms; /opt/ohpc/pub/apps/openmpi-4.0.2/bin/mpif90 -c -frepack-arrays -O3 -ffast-math -O3 -ftree-vectorize -funroll-loops -w -ffree-form -ffree-line-length-none -frecord-marker=4 -fconvert=big-endian -I/usr/include -I/home/tr16/COAWST_3.7/MCT_LIB/include -I/home/tr16/COAWST_3.7//WRF/main -I/home/tr16/COAWST_3.7//WRF/external/esmf_time_f90 -I/home/tr16/COAWST_3.7//WRF/frame -I/home/tr16/COAWST_3.7//WRF/share -ffree-form -ffree-line-length-none SwanConvStopc.f90
cd ./Build_roms; /opt/ohpc/pub/apps/openmpi-4.0.2/bin/mpif90 -c -frepack-arrays -O3 -ffast-math -O3 -ftree-vectorize -funroll-loops -w -ffree-form -ffree-line-length-none -frecord-marker=4 -fconvert=big-endian -I/usr/include -I/home/tr16/COAWST_3.7/MCT_LIB/include -I/home/tr16/COAWST_3.7//WRF/main -I/home/tr16/COAWST_3.7//WRF/external/esmf_time_f90 -I/home/tr16/COAWST_3.7//WRF/frame -I/home/tr16/COAWST_3.7//WRF/share -ffree-form -ffree-line-length-none SwanPrintGridInfo.f90
cd ./Build_roms; /opt/ohpc/pub/apps/openmpi-4.0.2/bin/mpif90 -c -frepack-arrays -O3 -ffast-math -O3 -ftree-vectorize -funroll-loops -w -ffree-form -ffree-line-length-none -frecord-marker=4 -fconvert=big-endian -I/usr/include -I/home/tr16/COAWST_3.7/MCT_LIB/include -I/home/tr16/COAWST_3.7//WRF/main -I/home/tr16/COAWST_3.7//WRF/external/esmf_time_f90 -I/home/tr16/COAWST_3.7//WRF/frame -I/home/tr16/COAWST_3.7//WRF/share -ffree-form -ffree-line-length-none SwanSweepSel.f90
cd ./Build_roms; /opt/ohpc/pub/apps/openmpi-4.0.2/bin/mpif90 -c -frepack-arrays -O3 -ffast-math -O3 -ftree-vectorize -funroll-loops -w -ffree-form -ffree-line-length-none -frecord-marker=4 -fconvert=big-endian -I/usr/include -I/home/tr16/COAWST_3.7/MCT_LIB/include -I/home/tr16/COAWST_3.7//WRF/main -I/home/tr16/COAWST_3.7//WRF/external/esmf_time_f90 -I/home/tr16/COAWST_3.7//WRF/frame -I/home/tr16/COAWST_3.7//WRF/share SwanMinOverNodes.f90
cd ./Build_roms; /opt/ohpc/pub/apps/openmpi-4.0.2/bin/mpif90 -c -frepack-arrays -O3 -ffast-math -O3 -ftree-vectorize -funroll-loops -w -ffree-form -ffree-line-length-none -frecord-marker=4 -fconvert=big-endian -I/usr/include -I/home/tr16/COAWST_3.7/MCT_LIB/include -I/home/tr16/COAWST_3.7//WRF/main -I/home/tr16/COAWST_3.7//WRF/external/esmf_time_f90 -I/home/tr16/COAWST_3.7//WRF/frame -I/home/tr16/COAWST_3.7//WRF/share -ffree-form -ffree-line-length-none SwanFindPoint.f90
cd ./Build_roms; /opt/ohpc/pub/apps/openmpi-4.0.2/bin/mpif90 -c -frepack-arrays -O3 -ffast-math -O3 -ftree-vectorize -funroll-loops -w -ffree-form -ffree-line-length-none -frecord-marker=4 -fconvert=big-endian -I/usr/include -I/home/tr16/COAWST_3.7/MCT_LIB/include -I/home/tr16/COAWST_3.7//WRF/main -I/home/tr16/COAWST_3.7//WRF/external/esmf_time_f90 -I/home/tr16/COAWST_3.7//WRF/frame -I/home/tr16/COAWST_3.7//WRF/share -ffree-form -ffree-line-length-none SwanGridFace.f90
cd ./Build_roms; /opt/ohpc/pub/apps/openmpi-4.0.2/bin/mpif90 -c -frepack-arrays -O3 -ffast-math -O3 -ftree-vectorize -funroll-loops -w -ffree-form -ffree-line-length-none -frecord-marker=4 -fconvert=big-endian -I/usr/include -I/home/tr16/COAWST_3.7/MCT_LIB/include -I/home/tr16/COAWST_3.7//WRF/main -I/home/tr16/COAWST_3.7//WRF/external/esmf_time_f90 -I/home/tr16/COAWST_3.7//WRF/frame -I/home/tr16/COAWST_3.7//WRF/share -ffree-form -ffree-line-length-none agioncmd.f90
cd ./Build_roms; /opt/ohpc/pub/apps/openmpi-4.0.2/bin/mpif90 -c -frepack-arrays -O3 -ffast-math -O3 -ftree-vectorize -funroll-loops -w -ffree-form -ffree-line-length-none -frecord-marker=4 -fconvert=big-endian -I/usr/include -I/home/tr16/COAWST_3.7/MCT_LIB/include -I/home/tr16/COAWST_3.7//WRF/main -I/home/tr16/COAWST_3.7//WRF/external/esmf_time_f90 -I/home/tr16/COAWST_3.7//WRF/frame -I/home/tr16/COAWST_3.7//WRF/share -ffree-form -ffree-line-length-none SwanGSECorr.f90
cd ./Build_roms; /opt/ohpc/pub/apps/openmpi-4.0.2/bin/mpif90 -c -frepack-arrays -O3 -ffast-math -O3 -ftree-vectorize -funroll-loops -w -ffree-form -ffree-line-length-none -frecord-marker=4 -fconvert=big-endian -I/usr/include -I/home/tr16/COAWST_3.7/MCT_LIB/include -I/home/tr16/COAWST_3.7//WRF/main -I/home/tr16/COAWST_3.7//WRF/external/esmf_time_f90 -I/home/tr16/COAWST_3.7//WRF/frame -I/home/tr16/COAWST_3.7//WRF/share -ffree-form -ffree-line-length-none SwanThreadBounds.f90
cd ./Build_roms; /opt/ohpc/pub/apps/openmpi-4.0.2/bin/mpif90 -c -frepack-arrays -O3 -ffast-math -O3 -ftree-vectorize -funroll-loops -w -ffree-form -ffree-line-length-none -frecord-marker=4 -fconvert=big-endian -I/usr/include -I/home/tr16/COAWST_3.7/MCT_LIB/include -I/home/tr16/COAWST_3.7//WRF/main -I/home/tr16/COAWST_3.7//WRF/external/esmf_time_f90 -I/home/tr16/COAWST_3.7//WRF/frame -I/home/tr16/COAWST_3.7//WRF/share -ffree-form -ffree-line-length-none SwanTranspX.f90
cd ./Build_roms; /opt/ohpc/pub/apps/openmpi-4.0.2/bin/mpif90 -c -frepack-arrays -O3 -ffast-math -O3 -ftree-vectorize -funroll-loops -w -ffree-form -ffree-line-length-none -frecord-marker=4 -fconvert=big-endian -I/usr/include -I/home/tr16/COAWST_3.7/MCT_LIB/include -I/home/tr16/COAWST_3.7//WRF/main -I/home/tr16/COAWST_3.7//WRF/external/esmf_time_f90 -I/home/tr16/COAWST_3.7//WRF/frame -I/home/tr16/COAWST_3.7//WRF/share -ffree-form -ffree-line-length-none SwanDispParm.f90
cd ./Build_roms; /opt/ohpc/pub/apps/openmpi-4.0.2/bin/mpif90 -c -frepack-arrays -O3 -ffast-math -O3 -ftree-vectorize -funroll-loops -w -ffree-form -ffree-line-length-none -frecord-marker=4 -fconvert=big-endian -I/usr/include -I/home/tr16/COAWST_3.7/MCT_LIB/include -I/home/tr16/COAWST_3.7//WRF/main -I/home/tr16/COAWST_3.7//WRF/external/esmf_time_f90 -I/home/tr16/COAWST_3.7//WRF/frame -I/home/tr16/COAWST_3.7//WRF/share swan_iounits.f90
cd ./Build_roms; /opt/ohpc/pub/apps/openmpi-4.0.2/bin/mpif90 -c -frepack-arrays -O3 -ffast-math -O3 -ftree-vectorize -funroll-loops -w -ffree-form -ffree-line-length-none -frecord-marker=4 -fconvert=big-endian -I/usr/include -I/home/tr16/COAWST_3.7/MCT_LIB/include -I/home/tr16/COAWST_3.7//WRF/main -I/home/tr16/COAWST_3.7//WRF/external/esmf_time_f90 -I/home/tr16/COAWST_3.7//WRF/frame -I/home/tr16/COAWST_3.7//WRF/share -ffixed-form -ffree-form -ffree-line-length-none -ffree-form -ffree-line-length-none m_fileio.f90
cd ./Build_roms; /opt/ohpc/pub/apps/openmpi-4.0.2/bin/mpif90 -c -frepack-arrays -O3 -ffast-math -O3 -ftree-vectorize -funroll-loops -w -ffree-form -ffree-line-length-none -frecord-marker=4 -fconvert=big-endian -I/usr/include -I/home/tr16/COAWST_3.7/MCT_LIB/include -I/home/tr16/COAWST_3.7//WRF/main -I/home/tr16/COAWST_3.7//WRF/external/esmf_time_f90 -I/home/tr16/COAWST_3.7//WRF/frame -I/home/tr16/COAWST_3.7//WRF/share -ffree-form -ffree-line-length-none SwanFindObstacles.f90
cd ./Build_roms; /opt/ohpc/pub/apps/openmpi-4.0.2/bin/mpif90 -c -frepack-arrays -O3 -ffast-math -O3 -ftree-vectorize -funroll-loops -w -ffree-form -ffree-line-length-none -frecord-marker=4 -fconvert=big-endian -I/usr/include -I/home/tr16/COAWST_3.7/MCT_LIB/include -I/home/tr16/COAWST_3.7//WRF/main -I/home/tr16/COAWST_3.7//WRF/external/esmf_time_f90 -I/home/tr16/COAWST_3.7//WRF/frame -I/home/tr16/COAWST_3.7//WRF/share -ffixed-form ocpmix.f90
cd ./Build_roms; /opt/ohpc/pub/apps/openmpi-4.0.2/bin/mpif90 -c -frepack-arrays -O3 -ffast-math -O3 -ftree-vectorize -funroll-loops -w -ffree-form -ffree-line-length-none -frecord-marker=4 -fconvert=big-endian -I/usr/include -I/home/tr16/COAWST_3.7/MCT_LIB/include -I/home/tr16/COAWST_3.7//WRF/main -I/home/tr16/COAWST_3.7//WRF/external/esmf_time_f90 -I/home/tr16/COAWST_3.7//WRF/frame -I/home/tr16/COAWST_3.7//WRF/share -ffree-form -ffree-line-length-none SwanVertlist.f90
cd ./Build_roms; /opt/ohpc/pub/apps/openmpi-4.0.2/bin/mpif90 -c -frepack-arrays -O3 -ffast-math -O3 -ftree-vectorize -funroll-loops -w -ffree-form -ffree-line-length-none -frecord-marker=4 -fconvert=big-endian -I/usr/include -I/home/tr16/COAWST_3.7/MCT_LIB/include -I/home/tr16/COAWST_3.7//WRF/main -I/home/tr16/COAWST_3.7//WRF/external/esmf_time_f90 -I/home/tr16/COAWST_3.7//WRF/frame -I/home/tr16/COAWST_3.7//WRF/share -ffixed-form swanpre3.f90
cd ./Build_roms; /opt/ohpc/pub/apps/openmpi-4.0.2/bin/mpif90 -c -frepack-arrays -O3 -ffast-math -O3 -ftree-vectorize -funroll-loops -w -ffree-form -ffree-line-length-none -frecord-marker=4 -fconvert=big-endian -I/usr/include -I/home/tr16/COAWST_3.7/MCT_LIB/include -I/home/tr16/COAWST_3.7//WRF/main -I/home/tr16/COAWST_3.7//WRF/external/esmf_time_f90 -I/home/tr16/COAWST_3.7//WRF/frame -I/home/tr16/COAWST_3.7//WRF/share -ffixed-form swpoint.f90
cd ./Build_roms; /opt/ohpc/pub/apps/openmpi-4.0.2/bin/mpif90 -c -frepack-arrays -O3 -ffast-math -O3 -ftree-vectorize -funroll-loops -w -ffree-form -ffree-line-length-none -frecord-marker=4 -fconvert=big-endian -I/usr/include -I/home/tr16/COAWST_3.7/MCT_LIB/include -I/home/tr16/COAWST_3.7//WRF/main -I/home/tr16/COAWST_3.7//WRF/external/esmf_time_f90 -I/home/tr16/COAWST_3.7//WRF/frame -I/home/tr16/COAWST_3.7//WRF/share -ffixed-form swancom5.f90
cd ./Build_roms; /opt/ohpc/pub/apps/openmpi-4.0.2/bin/mpif90 -c -frepack-arrays -O3 -ffast-math -O3 -ftree-vectorize -funroll-loops -w -ffree-form -ffree-line-length-none -frecord-marker=4 -fconvert=big-endian -I/usr/include -I/home/tr16/COAWST_3.7/MCT_LIB/include -I/home/tr16/COAWST_3.7//WRF/main -I/home/tr16/COAWST_3.7//WRF/external/esmf_time_f90 -I/home/tr16/COAWST_3.7//WRF/frame -I/home/tr16/COAWST_3.7//WRF/share -ffree-form -ffree-line-length-none SwanBpntlist.f90
cd ./Build_roms; /opt/ohpc/pub/apps/openmpi-4.0.2/bin/mpif90 -c -frepack-arrays -O3 -ffast-math -O3 -ftree-vectorize -funroll-loops -w -ffree-form -ffree-line-length-none -frecord-marker=4 -fconvert=big-endian -I/usr/include -I/home/tr16/COAWST_3.7/MCT_LIB/include -I/home/tr16/COAWST_3.7//WRF/main -I/home/tr16/COAWST_3.7//WRF/external/esmf_time_f90 -I/home/tr16/COAWST_3.7//WRF/frame -I/home/tr16/COAWST_3.7//WRF/share -ffree-form -ffree-line-length-none SwanInitCompGrid.f90
cd ./Build_roms; /opt/ohpc/pub/apps/openmpi-4.0.2/bin/mpif90 -c -frepack-arrays -O3 -ffast-math -O3 -ftree-vectorize -funroll-loops -w -ffree-form -ffree-line-length-none -frecord-marker=4 -fconvert=big-endian -I/usr/include -I/home/tr16/COAWST_3.7/MCT_LIB/include -I/home/tr16/COAWST_3.7//WRF/main -I/home/tr16/COAWST_3.7//WRF/external/esmf_time_f90 -I/home/tr16/COAWST_3.7//WRF/frame -I/home/tr16/COAWST_3.7//WRF/share -ffree-form -ffree-line-length-none SwanInterpolateOutput.f90
cd ./Build_roms; /opt/ohpc/pub/apps/openmpi-4.0.2/bin/mpif90 -c -frepack-arrays -O3 -ffast-math -O3 -ftree-vectorize -funroll-loops -w -ffree-form -ffree-line-length-none -frecord-marker=4 -fconvert=big-endian -I/usr/include -I/home/tr16/COAWST_3.7/MCT_LIB/include -I/home/tr16/COAWST_3.7//WRF/main -I/home/tr16/COAWST_3.7//WRF/external/esmf_time_f90 -I/home/tr16/COAWST_3.7//WRF/frame -I/home/tr16/COAWST_3.7//WRF/share -ffree-form -ffree-line-length-none SwanPropvelS.f90
cd ./Build_roms; /opt/ohpc/pub/apps/openmpi-4.0.2/bin/mpif90 -c -frepack-arrays -O3 -ffast-math -O3 -ftree-vectorize -funroll-loops -w -ffree-form -ffree-line-length-none -frecord-marker=4 -fconvert=big-endian -I/usr/include -I/home/tr16/COAWST_3.7/MCT_LIB/include -I/home/tr16/COAWST_3.7//WRF/main -I/home/tr16/COAWST_3.7//WRF/external/esmf_time_f90 -I/home/tr16/COAWST_3.7//WRF/frame -I/home/tr16/COAWST_3.7//WRF/share -ffree-form -ffree-line-length-none SwanCompUnstruc.f90
cd ./Build_roms; /opt/ohpc/pub/apps/openmpi-4.0.2/bin/mpif90 -c -frepack-arrays -O3 -ffast-math -O3 -ftree-vectorize -funroll-loops -w -ffree-form -ffree-line-length-none -frecord-marker=4 -fconvert=big-endian -I/usr/include -I/home/tr16/COAWST_3.7/MCT_LIB/include -I/home/tr16/COAWST_3.7//WRF/main -I/home/tr16/COAWST_3.7//WRF/external/esmf_time_f90 -I/home/tr16/COAWST_3.7//WRF/frame -I/home/tr16/COAWST_3.7//WRF/share -ffree-form -ffree-line-length-none SwanDiffPar.f90
cd ./Build_roms; /opt/ohpc/pub/apps/openmpi-4.0.2/bin/mpif90 -c -frepack-arrays -O3 -ffast-math -O3 -ftree-vectorize -funroll-loops -w -ffree-form -ffree-line-length-none -frecord-marker=4 -fconvert=big-endian -I/usr/include -I/home/tr16/COAWST_3.7/MCT_LIB/include -I/home/tr16/COAWST_3.7//WRF/main -I/home/tr16/COAWST_3.7//WRF/external/esmf_time_f90 -I/home/tr16/COAWST_3.7//WRF/frame -I/home/tr16/COAWST_3.7//WRF/share -ffixed-form ocpids.f90
cd ./Build_roms; /opt/ohpc/pub/apps/openmpi-4.0.2/bin/mpif90 -c -frepack-arrays -O3 -ffast-math -O3 -ftree-vectorize -funroll-loops -w -ffree-form -ffree-line-length-none -frecord-marker=4 -fconvert=big-endian -I/usr/include -I/home/tr16/COAWST_3.7/MCT_LIB/include -I/home/tr16/COAWST_3.7//WRF/main -I/home/tr16/COAWST_3.7//WRF/external/esmf_time_f90 -I/home/tr16/COAWST_3.7//WRF/frame -I/home/tr16/COAWST_3.7//WRF/share -ffree-form -ffree-line-length-none SwanReadADCGrid.f90
cd ./Build_roms; /opt/ohpc/pub/apps/openmpi-4.0.2/bin/mpif90 -c -frepack-arrays -O3 -ffast-math -O3 -ftree-vectorize -funroll-loops -w -ffree-form -ffree-line-length-none -frecord-marker=4 -fconvert=big-endian -I/usr/include -I/home/tr16/COAWST_3.7/MCT_LIB/include -I/home/tr16/COAWST_3.7//WRF/main -I/home/tr16/COAWST_3.7//WRF/external/esmf_time_f90 -I/home/tr16/COAWST_3.7//WRF/frame -I/home/tr16/COAWST_3.7//WRF/share SwanBndStruc.f90
cd ./Build_roms; /opt/ohpc/pub/apps/openmpi-4.0.2/bin/mpif90 -c -frepack-arrays -O3 -ffast-math -O3 -ftree-vectorize -funroll-loops -w -ffree-form -ffree-line-length-none -frecord-marker=4 -fconvert=big-endian -I/usr/include -I/home/tr16/COAWST_3.7/MCT_LIB/include -I/home/tr16/COAWST_3.7//WRF/main -I/home/tr16/COAWST_3.7//WRF/external/esmf_time_f90 -I/home/tr16/COAWST_3.7//WRF/frame -I/home/tr16/COAWST_3.7//WRF/share -ffree-form -ffree-line-length-none SwanPropvelX.f90
cd ./Build_roms; /opt/ohpc/pub/apps/openmpi-4.0.2/bin/mpif90 -c -frepack-arrays -O3 -ffast-math -O3 -ftree-vectorize -funroll-loops -w -ffree-form -ffree-line-length-none -frecord-marker=4 -fconvert=big-endian -I/usr/include -I/home/tr16/COAWST_3.7/MCT_LIB/include -I/home/tr16/COAWST_3.7//WRF/main -I/home/tr16/COAWST_3.7//WRF/external/esmf_time_f90 -I/home/tr16/COAWST_3.7//WRF/frame -I/home/tr16/COAWST_3.7//WRF/share couple2adcirc.f90
cd ./Build_roms; /opt/ohpc/pub/apps/openmpi-4.0.2/bin/mpif90 -c -frepack-arrays -O3 -ffast-math -O3 -ftree-vectorize -funroll-loops -w -ffree-form -ffree-line-length-none -frecord-marker=4 -fconvert=big-endian -I/usr/include -I/home/tr16/COAWST_3.7/MCT_LIB/include -I/home/tr16/COAWST_3.7//WRF/main -I/home/tr16/COAWST_3.7//WRF/external/esmf_time_f90 -I/home/tr16/COAWST_3.7//WRF/frame -I/home/tr16/COAWST_3.7//WRF/share -ffixed-form swanser.f90
cd ./Build_roms; /opt/ohpc/pub/apps/openmpi-4.0.2/bin/mpif90 -c -frepack-arrays -O3 -ffast-math -O3 -ftree-vectorize -funroll-loops -w -ffree-form -ffree-line-length-none -frecord-marker=4 -fconvert=big-endian -I/usr/include -I/home/tr16/COAWST_3.7/MCT_LIB/include -I/home/tr16/COAWST_3.7//WRF/main -I/home/tr16/COAWST_3.7//WRF/external/esmf_time_f90 -I/home/tr16/COAWST_3.7//WRF/frame -I/home/tr16/COAWST_3.7//WRF/share -ffree-form -ffree-line-length-none SwanInterpolateAc.f90
cd ./Build_roms; /opt/ohpc/pub/apps/openmpi-4.0.2/bin/mpif90 -c -frepack-arrays -O3 -ffast-math -O3 -ftree-vectorize -funroll-loops -w -ffree-form -ffree-line-length-none -frecord-marker=4 -fconvert=big-endian -I/usr/include -I/home/tr16/COAWST_3.7/MCT_LIB/include -I/home/tr16/COAWST_3.7//WRF/main -I/home/tr16/COAWST_3.7//WRF/external/esmf_time_f90 -I/home/tr16/COAWST_3.7//WRF/frame -I/home/tr16/COAWST_3.7//WRF/share -ffixed-form swanpre1.f90
cd ./Build_roms; /opt/ohpc/pub/apps/openmpi-4.0.2/bin/mpif90 -c -frepack-arrays -O3 -ffast-math -O3 -ftree-vectorize -funroll-loops -w -ffree-form -ffree-line-length-none -frecord-marker=4 -fconvert=big-endian -I/usr/include -I/home/tr16/COAWST_3.7/MCT_LIB/include -I/home/tr16/COAWST_3.7//WRF/main -I/home/tr16/COAWST_3.7//WRF/external/esmf_time_f90 -I/home/tr16/COAWST_3.7//WRF/frame -I/home/tr16/COAWST_3.7//WRF/share get_numswan_grids.f90
cd ./Build_roms; /opt/ohpc/pub/apps/openmpi-4.0.2/bin/mpif90 -c -frepack-arrays -O3 -ffast-math -O3 -ftree-vectorize -funroll-loops -w -ffree-form -ffree-line-length-none -frecord-marker=4 -fconvert=big-endian -I/usr/include -I/home/tr16/COAWST_3.7/MCT_LIB/include -I/home/tr16/COAWST_3.7//WRF/main -I/home/tr16/COAWST_3.7//WRF/external/esmf_time_f90 -I/home/tr16/COAWST_3.7//WRF/frame -I/home/tr16/COAWST_3.7//WRF/share -ffixed-form -ffree-form -ffree-line-length-none mod_xnl4v5.f90
cd ./Build_roms; /opt/ohpc/pub/apps/openmpi-4.0.2/bin/mpif90 -c -frepack-arrays -O3 -ffast-math -O3 -ftree-vectorize -funroll-loops -w -ffree-form -ffree-line-length-none -frecord-marker=4 -fconvert=big-endian -I/usr/include -I/home/tr16/COAWST_3.7/MCT_LIB/include -I/home/tr16/COAWST_3.7//WRF/main -I/home/tr16/COAWST_3.7//WRF/external/esmf_time_f90 -I/home/tr16/COAWST_3.7//WRF/frame -I/home/tr16/COAWST_3.7//WRF/share mod_scalars.f90
cd ./Build_roms; /opt/ohpc/pub/apps/openmpi-4.0.2/bin/mpif90 -c -frepack-arrays -O3 -ffast-math -O3 -ftree-vectorize -funroll-loops -w -ffree-form -ffree-line-length-none -frecord-marker=4 -fconvert=big-endian -I/usr/include -I/home/tr16/COAWST_3.7/MCT_LIB/include -I/home/tr16/COAWST_3.7//WRF/main -I/home/tr16/COAWST_3.7//WRF/external/esmf_time_f90 -I/home/tr16/COAWST_3.7//WRF/frame -I/home/tr16/COAWST_3.7//WRF/share mod_ocean.f90
cd ./Build_roms; /opt/ohpc/pub/apps/openmpi-4.0.2/bin/mpif90 -c -frepack-arrays -O3 -ffast-math -O3 -ftree-vectorize -funroll-loops -w -ffree-form -ffree-line-length-none -frecord-marker=4 -fconvert=big-endian -I/usr/include -I/home/tr16/COAWST_3.7/MCT_LIB/include -I/home/tr16/COAWST_3.7//WRF/main -I/home/tr16/COAWST_3.7//WRF/external/esmf_time_f90 -I/home/tr16/COAWST_3.7//WRF/frame -I/home/tr16/COAWST_3.7//WRF/share mod_stepping.f90
cd ./Build_roms; /opt/ohpc/pub/apps/openmpi-4.0.2/bin/mpif90 -c -frepack-arrays -O3 -ffast-math -O3 -ftree-vectorize -funroll-loops -w -ffree-form -ffree-line-length-none -frecord-marker=4 -fconvert=big-endian -I/usr/include -I/home/tr16/COAWST_3.7/MCT_LIB/include -I/home/tr16/COAWST_3.7//WRF/main -I/home/tr16/COAWST_3.7//WRF/external/esmf_time_f90 -I/home/tr16/COAWST_3.7//WRF/frame -I/home/tr16/COAWST_3.7//WRF/share mod_iounits.f90
cd ./Build_roms; /opt/ohpc/pub/apps/openmpi-4.0.2/bin/mpif90 -c -frepack-arrays -O3 -ffast-math -O3 -ftree-vectorize -funroll-loops -w -ffree-form -ffree-line-length-none -frecord-marker=4 -fconvert=big-endian -I/usr/include -I/home/tr16/COAWST_3.7/MCT_LIB/include -I/home/tr16/COAWST_3.7//WRF/main -I/home/tr16/COAWST_3.7//WRF/external/esmf_time_f90 -I/home/tr16/COAWST_3.7//WRF/frame -I/home/tr16/COAWST_3.7//WRF/share -ffree-form -ffree-line-length-none mod_sediment.f90
cd ./Build_roms; /opt/ohpc/pub/apps/openmpi-4.0.2/bin/mpif90 -c -frepack-arrays -O3 -ffast-math -O3 -ftree-vectorize -funroll-loops -w -ffree-form -ffree-line-length-none -frecord-marker=4 -fconvert=big-endian -I/usr/include -I/home/tr16/COAWST_3.7/MCT_LIB/include -I/home/tr16/COAWST_3.7//WRF/main -I/home/tr16/COAWST_3.7//WRF/external/esmf_time_f90 -I/home/tr16/COAWST_3.7//WRF/frame -I/home/tr16/COAWST_3.7//WRF/share shapiro.f90
cd ./Build_roms; /opt/ohpc/pub/apps/openmpi-4.0.2/bin/mpif90 -c -frepack-arrays -O3 -ffast-math -O3 -ftree-vectorize -funroll-loops -w -ffree-form -ffree-line-length-none -frecord-marker=4 -fconvert=big-endian -I/usr/include -I/home/tr16/COAWST_3.7/MCT_LIB/include -I/home/tr16/COAWST_3.7//WRF/main -I/home/tr16/COAWST_3.7//WRF/external/esmf_time_f90 -I/home/tr16/COAWST_3.7//WRF/frame -I/home/tr16/COAWST_3.7//WRF/share mod_coupling.f90
cd ./Build_roms; /opt/ohpc/pub/apps/openmpi-4.0.2/bin/mpif90 -c -frepack-arrays -O3 -ffast-math -O3 -ftree-vectorize -funroll-loops -w -ffree-form -ffree-line-length-none -frecord-marker=4 -fconvert=big-endian -I/usr/include -I/home/tr16/COAWST_3.7/MCT_LIB/include -I/home/tr16/COAWST_3.7//WRF/main -I/home/tr16/COAWST_3.7//WRF/external/esmf_time_f90 -I/home/tr16/COAWST_3.7//WRF/frame -I/home/tr16/COAWST_3.7//WRF/share mod_bbl.f90
cd ./Build_roms; /opt/ohpc/pub/apps/openmpi-4.0.2/bin/mpif90 -c -frepack-arrays -O3 -ffast-math -O3 -ftree-vectorize -funroll-loops -w -ffree-form -ffree-line-length-none -frecord-marker=4 -fconvert=big-endian -I/usr/include -I/home/tr16/COAWST_3.7/MCT_LIB/include -I/home/tr16/COAWST_3.7//WRF/main -I/home/tr16/COAWST_3.7//WRF/external/esmf_time_f90 -I/home/tr16/COAWST_3.7//WRF/frame -I/home/tr16/COAWST_3.7//WRF/share mod_behavior.f90
cd ./Build_roms; /opt/ohpc/pub/apps/openmpi-4.0.2/bin/mpif90 -c -frepack-arrays -O3 -ffast-math -O3 -ftree-vectorize -funroll-loops -w -ffree-form -ffree-line-length-none -frecord-marker=4 -fconvert=big-endian -I/usr/include -I/home/tr16/COAWST_3.7/MCT_LIB/include -I/home/tr16/COAWST_3.7//WRF/main -I/home/tr16/COAWST_3.7//WRF/external/esmf_time_f90 -I/home/tr16/COAWST_3.7//WRF/frame -I/home/tr16/COAWST_3.7//WRF/share mod_coupler_iounits.f90
cd ./Build_roms; /opt/ohpc/pub/apps/openmpi-4.0.2/bin/mpif90 -c -frepack-arrays -O3 -ffast-math -O3 -ftree-vectorize -funroll-loops -w -ffree-form -ffree-line-length-none -frecord-marker=4 -fconvert=big-endian -I/usr/include -I/home/tr16/COAWST_3.7/MCT_LIB/include -I/home/tr16/COAWST_3.7//WRF/main -I/home/tr16/COAWST_3.7//WRF/external/esmf_time_f90 -I/home/tr16/COAWST_3.7//WRF/frame -I/home/tr16/COAWST_3.7//WRF/share mod_trc_sources.f90
cd ./Build_roms; /opt/ohpc/pub/apps/openmpi-4.0.2/bin/mpif90 -c -frepack-arrays -O3 -ffast-math -O3 -ftree-vectorize -funroll-loops -w -ffree-form -ffree-line-length-none -frecord-marker=4 -fconvert=big-endian -I/usr/include -I/home/tr16/COAWST_3.7/MCT_LIB/include -I/home/tr16/COAWST_3.7//WRF/main -I/home/tr16/COAWST_3.7//WRF/external/esmf_time_f90 -I/home/tr16/COAWST_3.7//WRF/frame -I/home/tr16/COAWST_3.7//WRF/share obs_k2z.f90
cd ./Build_roms; /opt/ohpc/pub/apps/openmpi-4.0.2/bin/mpif90 -c -frepack-arrays -O3 -ffast-math -O3 -ftree-vectorize -funroll-loops -w -ffree-form -ffree-line-length-none -frecord-marker=4 -fconvert=big-endian -I/usr/include -I/home/tr16/COAWST_3.7/MCT_LIB/include -I/home/tr16/COAWST_3.7//WRF/main -I/home/tr16/COAWST_3.7//WRF/external/esmf_time_f90 -I/home/tr16/COAWST_3.7//WRF/frame -I/home/tr16/COAWST_3.7//WRF/share -ffree-form -ffree-line-length-none mod_vegetation.f90
cd ./Build_roms; /opt/ohpc/pub/apps/openmpi-4.0.2/bin/mpif90 -c -frepack-arrays -O3 -ffast-math -O3 -ftree-vectorize -funroll-loops -w -ffree-form -ffree-line-length-none -frecord-marker=4 -fconvert=big-endian -I/usr/include -I/home/tr16/COAWST_3.7/MCT_LIB/include -I/home/tr16/COAWST_3.7//WRF/main -I/home/tr16/COAWST_3.7//WRF/external/esmf_time_f90 -I/home/tr16/COAWST_3.7//WRF/frame -I/home/tr16/COAWST_3.7//WRF/share -ffixed-form -ffree-form -ffree-line-length-none waves_coupler.f90
cd ./Build_roms; /opt/ohpc/pub/apps/openmpi-4.0.2/bin/mpif90 -c -frepack-arrays -O3 -ffast-math -O3 -ftree-vectorize -funroll-loops -w -ffree-form -ffree-line-length-none -frecord-marker=4 -fconvert=big-endian -I/usr/include -I/home/tr16/COAWST_3.7/MCT_LIB/include -I/home/tr16/COAWST_3.7//WRF/main -I/home/tr16/COAWST_3.7//WRF/external/esmf_time_f90 -I/home/tr16/COAWST_3.7//WRF/frame -I/home/tr16/COAWST_3.7//WRF/share nrutil.f90
cd ./Build_roms; /opt/ohpc/pub/apps/openmpi-4.0.2/bin/mpif90 -c -frepack-arrays -O3 -ffast-math -O3 -ftree-vectorize -funroll-loops -w -ffree-form -ffree-line-length-none -frecord-marker=4 -fconvert=big-endian -I/usr/include -I/home/tr16/COAWST_3.7/MCT_LIB/include -I/home/tr16/COAWST_3.7//WRF/main -I/home/tr16/COAWST_3.7//WRF/external/esmf_time_f90 -I/home/tr16/COAWST_3.7//WRF/frame -I/home/tr16/COAWST_3.7//WRF/share get_sparse_matrix.f90
cd ./Build_roms; /opt/ohpc/pub/apps/openmpi-4.0.2/bin/mpif90 -c -frepack-arrays -O3 -ffast-math -O3 -ftree-vectorize -funroll-loops -w -ffree-form -ffree-line-length-none -frecord-marker=4 -fconvert=big-endian -I/usr/include -I/home/tr16/COAWST_3.7/MCT_LIB/include -I/home/tr16/COAWST_3.7//WRF/main -I/home/tr16/COAWST_3.7//WRF/external/esmf_time_f90 -I/home/tr16/COAWST_3.7//WRF/frame -I/home/tr16/COAWST_3.7//WRF/share read_coawst_par.f90
cd ./Build_roms; /opt/ohpc/pub/apps/openmpi-4.0.2/bin/mpif90 -c -frepack-arrays -O3 -ffast-math -O3 -ftree-vectorize -funroll-loops -w -ffree-form -ffree-line-length-none -frecord-marker=4 -fconvert=big-endian -I/usr/include -I/home/tr16/COAWST_3.7/MCT_LIB/include -I/home/tr16/COAWST_3.7//WRF/main -I/home/tr16/COAWST_3.7//WRF/external/esmf_time_f90 -I/home/tr16/COAWST_3.7//WRF/frame -I/home/tr16/COAWST_3.7//WRF/share get_wrf_moving_grids.f90
cd ./Build_roms; /opt/ohpc/pub/apps/openmpi-4.0.2/bin/mpif90 -c -frepack-arrays -O3 -ffast-math -O3 -ftree-vectorize -funroll-loops -w -ffree-form -ffree-line-length-none -frecord-marker=4 -fconvert=big-endian -I/usr/include -I/home/tr16/COAWST_3.7/MCT_LIB/include -I/home/tr16/COAWST_3.7//WRF/main -I/home/tr16/COAWST_3.7//WRF/external/esmf_time_f90 -I/home/tr16/COAWST_3.7//WRF/frame -I/home/tr16/COAWST_3.7//WRF/share read_model_inputs.f90
cd ./Build_roms; /opt/ohpc/pub/apps/openmpi-4.0.2/bin/mpif90 -c -frepack-arrays -O3 -ffast-math -O3 -ftree-vectorize -funroll-loops -w -ffree-form -ffree-line-length-none -frecord-marker=4 -fconvert=big-endian -I/usr/include -I/home/tr16/COAWST_3.7/MCT_LIB/include -I/home/tr16/COAWST_3.7//WRF/main -I/home/tr16/COAWST_3.7//WRF/external/esmf_time_f90 -I/home/tr16/COAWST_3.7//WRF/frame -I/home/tr16/COAWST_3.7//WRF/share -fno-strict-overflow ran_state.f90
cd ./Build_roms; /opt/ohpc/pub/apps/openmpi-4.0.2/bin/mpif90 -c -frepack-arrays -O3 -ffast-math -O3 -ftree-vectorize -funroll-loops -w -ffree-form -ffree-line-length-none -frecord-marker=4 -fconvert=big-endian -I/usr/include -I/home/tr16/COAWST_3.7/MCT_LIB/include -I/home/tr16/COAWST_3.7//WRF/main -I/home/tr16/COAWST_3.7//WRF/external/esmf_time_f90 -I/home/tr16/COAWST_3.7//WRF/frame -I/home/tr16/COAWST_3.7//WRF/share gasdev.f90
cd ./Build_roms; /opt/ohpc/pub/apps/openmpi-4.0.2/bin/mpif90 -c -frepack-arrays -O3 -ffast-math -O3 -ftree-vectorize -funroll-loops -w -ffree-form -ffree-line-length-none -frecord-marker=4 -fconvert=big-endian -I/usr/include -I/home/tr16/COAWST_3.7/MCT_LIB/include -I/home/tr16/COAWST_3.7//WRF/main -I/home/tr16/COAWST_3.7//WRF/external/esmf_time_f90 -I/home/tr16/COAWST_3.7//WRF/frame -I/home/tr16/COAWST_3.7//WRF/share -ffixed-form swancom2.f90
cd ./Build_roms; /opt/ohpc/pub/apps/openmpi-4.0.2/bin/mpif90 -c -frepack-arrays -O3 -ffast-math -O3 -ftree-vectorize -funroll-loops -w -ffree-form -ffree-line-length-none -frecord-marker=4 -fconvert=big-endian -I/usr/include -I/home/tr16/COAWST_3.7/MCT_LIB/include -I/home/tr16/COAWST_3.7//WRF/main -I/home/tr16/COAWST_3.7//WRF/external/esmf_time_f90 -I/home/tr16/COAWST_3.7//WRF/frame -I/home/tr16/COAWST_3.7//WRF/share -ffixed-form swancom3.f90
cd ./Build_roms; /opt/ohpc/pub/apps/openmpi-4.0.2/bin/mpif90 -c -frepack-arrays -O3 -ffast-math -O3 -ftree-vectorize -funroll-loops -w -ffree-form -ffree-line-length-none -frecord-marker=4 -fconvert=big-endian -I/usr/include -I/home/tr16/COAWST_3.7/MCT_LIB/include -I/home/tr16/COAWST_3.7//WRF/main -I/home/tr16/COAWST_3.7//WRF/external/esmf_time_f90 -I/home/tr16/COAWST_3.7//WRF/frame -I/home/tr16/COAWST_3.7//WRF/share ran1.f90
cd ./Build_roms; /opt/ohpc/pub/apps/openmpi-4.0.2/bin/mpif90 -c -frepack-arrays -O3 -ffast-math -O3 -ftree-vectorize -funroll-loops -w -ffree-form -ffree-line-length-none -frecord-marker=4 -fconvert=big-endian -I/usr/include -I/home/tr16/COAWST_3.7/MCT_LIB/include -I/home/tr16/COAWST_3.7//WRF/main -I/home/tr16/COAWST_3.7//WRF/external/esmf_time_f90 -I/home/tr16/COAWST_3.7//WRF/frame -I/home/tr16/COAWST_3.7//WRF/share -ffixed-form -ffree-form -ffree-line-length-none swn_outnc.f90
cd ./Build_roms; /opt/ohpc/pub/apps/openmpi-4.0.2/bin/mpif90 -c -frepack-arrays -O3 -ffast-math -O3 -ftree-vectorize -funroll-loops -w -ffree-form -ffree-line-length-none -frecord-marker=4 -fconvert=big-endian -I/usr/include -I/home/tr16/COAWST_3.7/MCT_LIB/include -I/home/tr16/COAWST_3.7//WRF/main -I/home/tr16/COAWST_3.7//WRF/external/esmf_time_f90 -I/home/tr16/COAWST_3.7//WRF/frame -I/home/tr16/COAWST_3.7//WRF/share -ffixed-form swanmain.f90
cd ./Build_roms; /opt/ohpc/pub/apps/openmpi-4.0.2/bin/mpif90 -c -frepack-arrays -O3 -ffast-math -O3 -ftree-vectorize -funroll-loops -w -ffree-form -ffree-line-length-none -frecord-marker=4 -fconvert=big-endian -I/usr/include -I/home/tr16/COAWST_3.7/MCT_LIB/include -I/home/tr16/COAWST_3.7//WRF/main -I/home/tr16/COAWST_3.7//WRF/external/esmf_time_f90 -I/home/tr16/COAWST_3.7//WRF/frame -I/home/tr16/COAWST_3.7//WRF/share -ffree-form -ffree-line-length-none waves_control.f90
cd ./Build_roms; /opt/ohpc/pub/apps/openmpi-4.0.2/bin/mpif90 -c -frepack-arrays -O3 -ffast-math -O3 -ftree-vectorize -funroll-loops -w -ffree-form -ffree-line-length-none -frecord-marker=4 -fconvert=big-endian -I/usr/include -I/home/tr16/COAWST_3.7/MCT_LIB/include -I/home/tr16/COAWST_3.7//WRF/main -I/home/tr16/COAWST_3.7//WRF/external/esmf_time_f90 -I/home/tr16/COAWST_3.7//WRF/frame -I/home/tr16/COAWST_3.7//WRF/share -ffixed-form swanout1.f90
cd ./Build_roms; /opt/ohpc/pub/apps/openmpi-4.0.2/bin/mpif90 -c -frepack-arrays -O3 -ffast-math -O3 -ftree-vectorize -funroll-loops -w -ffree-form -ffree-line-length-none -frecord-marker=4 -fconvert=big-endian -I/usr/include -I/home/tr16/COAWST_3.7/MCT_LIB/include -I/home/tr16/COAWST_3.7//WRF/main -I/home/tr16/COAWST_3.7//WRF/external/esmf_time_f90 -I/home/tr16/COAWST_3.7//WRF/frame -I/home/tr16/COAWST_3.7//WRF/share -ffixed-form swanout2.f90
cd ./Build_roms; /opt/ohpc/pub/apps/openmpi-4.0.2/bin/mpif90 -c -frepack-arrays -O3 -ffast-math -O3 -ftree-vectorize -funroll-loops -w -ffree-form -ffree-line-length-none -frecord-marker=4 -fconvert=big-endian -I/usr/include -I/home/tr16/COAWST_3.7/MCT_LIB/include -I/home/tr16/COAWST_3.7//WRF/main -I/home/tr16/COAWST_3.7//WRF/external/esmf_time_f90 -I/home/tr16/COAWST_3.7//WRF/frame -I/home/tr16/COAWST_3.7//WRF/share -ffixed-form swanpre2.f90
cd ./Build_roms; /opt/ohpc/pub/apps/openmpi-4.0.2/bin/mpif90 -c -frepack-arrays -O3 -ffast-math -O3 -ftree-vectorize -funroll-loops -w -ffree-form -ffree-line-length-none -frecord-marker=4 -fconvert=big-endian -I/usr/include -I/home/tr16/COAWST_3.7/MCT_LIB/include -I/home/tr16/COAWST_3.7//WRF/main -I/home/tr16/COAWST_3.7//WRF/external/esmf_time_f90 -I/home/tr16/COAWST_3.7//WRF/frame -I/home/tr16/COAWST_3.7//WRF/share -ffixed-form swanparll.f90
cd ./Build_roms; /opt/ohpc/pub/apps/openmpi-4.0.2/bin/mpif90 -c -frepack-arrays -O3 -ffast-math -O3 -ftree-vectorize -funroll-loops -w -ffree-form -ffree-line-length-none -frecord-marker=4 -fconvert=big-endian -I/usr/include -I/home/tr16/COAWST_3.7/MCT_LIB/include -I/home/tr16/COAWST_3.7//WRF/main -I/home/tr16/COAWST_3.7//WRF/external/esmf_time_f90 -I/home/tr16/COAWST_3.7//WRF/frame -I/home/tr16/COAWST_3.7//WRF/share exchange_3d.f90
cd ./Build_roms; /opt/ohpc/pub/apps/openmpi-4.0.2/bin/mpif90 -c -frepack-arrays -O3 -ffast-math -O3 -ftree-vectorize -funroll-loops -w -ffree-form -ffree-line-length-none -frecord-marker=4 -fconvert=big-endian -I/usr/include -I/home/tr16/COAWST_3.7/MCT_LIB/include -I/home/tr16/COAWST_3.7//WRF/main -I/home/tr16/COAWST_3.7//WRF/external/esmf_time_f90 -I/home/tr16/COAWST_3.7//WRF/frame -I/home/tr16/COAWST_3.7//WRF/share mod_grid.f90
cd ./Build_roms; /opt/ohpc/pub/apps/openmpi-4.0.2/bin/mpif90 -c -frepack-arrays -O3 -ffast-math -O3 -ftree-vectorize -funroll-loops -w -ffree-form -ffree-line-length-none -frecord-marker=4 -fconvert=big-endian -I/usr/include -I/home/tr16/COAWST_3.7/MCT_LIB/include -I/home/tr16/COAWST_3.7//WRF/main -I/home/tr16/COAWST_3.7//WRF/external/esmf_time_f90 -I/home/tr16/COAWST_3.7//WRF/frame -I/home/tr16/COAWST_3.7//WRF/share mod_mixing.f90
cd ./Build_roms; /opt/ohpc/pub/apps/openmpi-4.0.2/bin/mpif90 -c -frepack-arrays -O3 -ffast-math -O3 -ftree-vectorize -funroll-loops -w -ffree-form -ffree-line-length-none -frecord-marker=4 -fconvert=big-endian -I/usr/include -I/home/tr16/COAWST_3.7/MCT_LIB/include -I/home/tr16/COAWST_3.7//WRF/main -I/home/tr16/COAWST_3.7//WRF/external/esmf_time_f90 -I/home/tr16/COAWST_3.7//WRF/frame -I/home/tr16/COAWST_3.7//WRF/share mod_parallel.f90
cd ./Build_roms; /opt/ohpc/pub/apps/openmpi-4.0.2/bin/mpif90 -c -frepack-arrays -O3 -ffast-math -O3 -ftree-vectorize -funroll-loops -w -ffree-form -ffree-line-length-none -frecord-marker=4 -fconvert=big-endian -I/usr/include -I/home/tr16/COAWST_3.7/MCT_LIB/include -I/home/tr16/COAWST_3.7//WRF/main -I/home/tr16/COAWST_3.7//WRF/external/esmf_time_f90 -I/home/tr16/COAWST_3.7//WRF/frame -I/home/tr16/COAWST_3.7//WRF/share -ffree-form -ffree-line-length-none mod_biology.f90
cd ./Build_roms; /opt/ohpc/pub/apps/openmpi-4.0.2/bin/mpif90 -c -frepack-arrays -O3 -ffast-math -O3 -ftree-vectorize -funroll-loops -w -ffree-form -ffree-line-length-none -frecord-marker=4 -fconvert=big-endian -I/usr/include -I/home/tr16/COAWST_3.7/MCT_LIB/include -I/home/tr16/COAWST_3.7//WRF/main -I/home/tr16/COAWST_3.7//WRF/external/esmf_time_f90 -I/home/tr16/COAWST_3.7//WRF/frame -I/home/tr16/COAWST_3.7//WRF/share exchange_2d.f90
cd ./Build_roms; /opt/ohpc/pub/apps/openmpi-4.0.2/bin/mpif90 -c -frepack-arrays -O3 -ffast-math -O3 -ftree-vectorize -funroll-loops -w -ffree-form -ffree-line-length-none -frecord-marker=4 -fconvert=big-endian -I/usr/include -I/home/tr16/COAWST_3.7/MCT_LIB/include -I/home/tr16/COAWST_3.7//WRF/main -I/home/tr16/COAWST_3.7//WRF/external/esmf_time_f90 -I/home/tr16/COAWST_3.7//WRF/frame -I/home/tr16/COAWST_3.7//WRF/share mod_clima.f90
cd ./Build_roms; /opt/ohpc/pub/apps/openmpi-4.0.2/bin/mpif90 -c -frepack-arrays -O3 -ffast-math -O3 -ftree-vectorize -funroll-loops -w -ffree-form -ffree-line-length-none -frecord-marker=4 -fconvert=big-endian -I/usr/include -I/home/tr16/COAWST_3.7/MCT_LIB/include -I/home/tr16/COAWST_3.7//WRF/main -I/home/tr16/COAWST_3.7//WRF/external/esmf_time_f90 -I/home/tr16/COAWST_3.7//WRF/frame -I/home/tr16/COAWST_3.7//WRF/share bc_bry2d.f90
cd ./Build_roms; /opt/ohpc/pub/apps/openmpi-4.0.2/bin/mpif90 -c -frepack-arrays -O3 -ffast-math -O3 -ftree-vectorize -funroll-loops -w -ffree-form -ffree-line-length-none -frecord-marker=4 -fconvert=big-endian -I/usr/include -I/home/tr16/COAWST_3.7/MCT_LIB/include -I/home/tr16/COAWST_3.7//WRF/main -I/home/tr16/COAWST_3.7//WRF/external/esmf_time_f90 -I/home/tr16/COAWST_3.7//WRF/frame -I/home/tr16/COAWST_3.7//WRF/share exchange_4d.f90
cd ./Build_roms; /opt/ohpc/pub/apps/openmpi-4.0.2/bin/mpif90 -c -frepack-arrays -O3 -ffast-math -O3 -ftree-vectorize -funroll-loops -w -ffree-form -ffree-line-length-none -frecord-marker=4 -fconvert=big-endian -I/usr/include -I/home/tr16/COAWST_3.7/MCT_LIB/include -I/home/tr16/COAWST_3.7//WRF/main -I/home/tr16/COAWST_3.7//WRF/external/esmf_time_f90 -I/home/tr16/COAWST_3.7//WRF/frame -I/home/tr16/COAWST_3.7//WRF/share bc_bry3d.f90
cd ./Build_roms; /opt/ohpc/pub/apps/openmpi-4.0.2/bin/mpif90 -c -frepack-arrays -O3 -ffast-math -O3 -ftree-vectorize -funroll-loops -w -ffree-form -ffree-line-length-none -frecord-marker=4 -fconvert=big-endian -I/usr/include -I/home/tr16/COAWST_3.7/MCT_LIB/include -I/home/tr16/COAWST_3.7//WRF/main -I/home/tr16/COAWST_3.7//WRF/external/esmf_time_f90 -I/home/tr16/COAWST_3.7//WRF/frame -I/home/tr16/COAWST_3.7//WRF/share mod_floats.f90
cd ./Build_roms; /opt/ohpc/pub/apps/openmpi-4.0.2/bin/mpif90 -c -frepack-arrays -O3 -ffast-math -O3 -ftree-vectorize -funroll-loops -w -ffree-form -ffree-line-length-none -frecord-marker=4 -fconvert=big-endian -I/usr/include -I/home/tr16/COAWST_3.7/MCT_LIB/include -I/home/tr16/COAWST_3.7//WRF/main -I/home/tr16/COAWST_3.7//WRF/external/esmf_time_f90 -I/home/tr16/COAWST_3.7//WRF/frame -I/home/tr16/COAWST_3.7//WRF/share dateclock.f90
cd ./Build_roms; /opt/ohpc/pub/apps/openmpi-4.0.2/bin/mpif90 -c -frepack-arrays -O3 -ffast-math -O3 -ftree-vectorize -funroll-loops -w -ffree-form -ffree-line-length-none -frecord-marker=4 -fconvert=big-endian -I/usr/include -I/home/tr16/COAWST_3.7/MCT_LIB/include -I/home/tr16/COAWST_3.7//WRF/main -I/home/tr16/COAWST_3.7//WRF/external/esmf_time_f90 -I/home/tr16/COAWST_3.7//WRF/frame -I/home/tr16/COAWST_3.7//WRF/share -ffree-form -ffree-line-length-none erf.f90
cd ./Build_roms; /opt/ohpc/pub/apps/openmpi-4.0.2/bin/mpif90 -c -frepack-arrays -O3 -ffast-math -O3 -ftree-vectorize -funroll-loops -w -ffree-form -ffree-line-length-none -frecord-marker=4 -fconvert=big-endian -I/usr/include -I/home/tr16/COAWST_3.7/MCT_LIB/include -I/home/tr16/COAWST_3.7//WRF/main -I/home/tr16/COAWST_3.7//WRF/external/esmf_time_f90 -I/home/tr16/COAWST_3.7//WRF/frame -I/home/tr16/COAWST_3.7//WRF/share mod_vandera_funcs.f90
cd ./Build_roms; /opt/ohpc/pub/apps/openmpi-4.0.2/bin/mpif90 -c -frepack-arrays -O3 -ffast-math -O3 -ftree-vectorize -funroll-loops -w -ffree-form -ffree-line-length-none -frecord-marker=4 -fconvert=big-endian -I/usr/include -I/home/tr16/COAWST_3.7/MCT_LIB/include -I/home/tr16/COAWST_3.7//WRF/main -I/home/tr16/COAWST_3.7//WRF/external/esmf_time_f90 -I/home/tr16/COAWST_3.7//WRF/frame -I/home/tr16/COAWST_3.7//WRF/share mod_sedflocs.f90
cd ./Build_roms; /opt/ohpc/pub/apps/openmpi-4.0.2/bin/mpif90 -c -frepack-arrays -O3 -ffast-math -O3 -ftree-vectorize -funroll-loops -w -ffree-form -ffree-line-length-none -frecord-marker=4 -fconvert=big-endian -I/usr/include -I/home/tr16/COAWST_3.7/MCT_LIB/include -I/home/tr16/COAWST_3.7//WRF/main -I/home/tr16/COAWST_3.7//WRF/external/esmf_time_f90 -I/home/tr16/COAWST_3.7//WRF/frame -I/home/tr16/COAWST_3.7//WRF/share mod_storage.f90
cd ./Build_roms; /opt/ohpc/pub/apps/openmpi-4.0.2/bin/mpif90 -c -frepack-arrays -O3 -ffast-math -O3 -ftree-vectorize -funroll-loops -w -ffree-form -ffree-line-length-none -frecord-marker=4 -fconvert=big-endian -I/usr/include -I/home/tr16/COAWST_3.7/MCT_LIB/include -I/home/tr16/COAWST_3.7//WRF/main -I/home/tr16/COAWST_3.7//WRF/external/esmf_time_f90 -I/home/tr16/COAWST_3.7//WRF/frame -I/home/tr16/COAWST_3.7//WRF/share interpolate.f90
cd ./Build_roms; /opt/ohpc/pub/apps/openmpi-4.0.2/bin/mpif90 -c -frepack-arrays -O3 -ffast-math -O3 -ftree-vectorize -funroll-loops -w -ffree-form -ffree-line-length-none -frecord-marker=4 -fconvert=big-endian -I/usr/include -I/home/tr16/COAWST_3.7/MCT_LIB/include -I/home/tr16/COAWST_3.7//WRF/main -I/home/tr16/COAWST_3.7//WRF/external/esmf_time_f90 -I/home/tr16/COAWST_3.7//WRF/frame -I/home/tr16/COAWST_3.7//WRF/share mod_forces.f90
cd ./Build_roms; /opt/ohpc/pub/apps/openmpi-4.0.2/bin/mpif90 -c -frepack-arrays -O3 -ffast-math -O3 -ftree-vectorize -funroll-loops -w -ffree-form -ffree-line-length-none -frecord-marker=4 -fconvert=big-endian -I/usr/include -I/home/tr16/COAWST_3.7/MCT_LIB/include -I/home/tr16/COAWST_3.7//WRF/main -I/home/tr16/COAWST_3.7//WRF/external/esmf_time_f90 -I/home/tr16/COAWST_3.7//WRF/frame -I/home/tr16/COAWST_3.7//WRF/share mod_diags.f90
cd ./Build_roms; /opt/ohpc/pub/apps/openmpi-4.0.2/bin/mpif90 -c -frepack-arrays -O3 -ffast-math -O3 -ftree-vectorize -funroll-loops -w -ffree-form -ffree-line-length-none -frecord-marker=4 -fconvert=big-endian -I/usr/include -I/home/tr16/COAWST_3.7/MCT_LIB/include -I/home/tr16/COAWST_3.7//WRF/main -I/home/tr16/COAWST_3.7//WRF/external/esmf_time_f90 -I/home/tr16/COAWST_3.7//WRF/frame -I/home/tr16/COAWST_3.7//WRF/share -ffree-form -ffree-line-length-none mod_eclight.f90
cd ./Build_roms; /opt/ohpc/pub/apps/openmpi-4.0.2/bin/mpif90 -c -frepack-arrays -O3 -ffast-math -O3 -ftree-vectorize -funroll-loops -w -ffree-form -ffree-line-length-none -frecord-marker=4 -fconvert=big-endian -I/usr/include -I/home/tr16/COAWST_3.7/MCT_LIB/include -I/home/tr16/COAWST_3.7//WRF/main -I/home/tr16/COAWST_3.7//WRF/external/esmf_time_f90 -I/home/tr16/COAWST_3.7//WRF/frame -I/home/tr16/COAWST_3.7//WRF/share mp_exchange.f90
cd ./Build_roms; /opt/ohpc/pub/apps/openmpi-4.0.2/bin/mpif90 -c -frepack-arrays -O3 -ffast-math -O3 -ftree-vectorize -funroll-loops -w -ffree-form -ffree-line-length-none -frecord-marker=4 -fconvert=big-endian -I/usr/include -I/home/tr16/COAWST_3.7/MCT_LIB/include -I/home/tr16/COAWST_3.7//WRF/main -I/home/tr16/COAWST_3.7//WRF/external/esmf_time_f90 -I/home/tr16/COAWST_3.7//WRF/frame -I/home/tr16/COAWST_3.7//WRF/share -ffree-form -ffree-line-length-none mod_ncparam.f90
cd ./Build_roms; /opt/ohpc/pub/apps/openmpi-4.0.2/bin/mpif90 -c -frepack-arrays -O3 -ffast-math -O3 -ftree-vectorize -funroll-loops -w -ffree-form -ffree-line-length-none -frecord-marker=4 -fconvert=big-endian -I/usr/include -I/home/tr16/COAWST_3.7/MCT_LIB/include -I/home/tr16/COAWST_3.7//WRF/main -I/home/tr16/COAWST_3.7//WRF/external/esmf_time_f90 -I/home/tr16/COAWST_3.7//WRF/frame -I/home/tr16/COAWST_3.7//WRF/share forcing.f90
cd ./Build_roms; /opt/ohpc/pub/apps/openmpi-4.0.2/bin/mpif90 -c -frepack-arrays -O3 -ffast-math -O3 -ftree-vectorize -funroll-loops -w -ffree-form -ffree-line-length-none -frecord-marker=4 -fconvert=big-endian -I/usr/include -I/home/tr16/COAWST_3.7/MCT_LIB/include -I/home/tr16/COAWST_3.7//WRF/main -I/home/tr16/COAWST_3.7//WRF/external/esmf_time_f90 -I/home/tr16/COAWST_3.7//WRF/frame -I/home/tr16/COAWST_3.7//WRF/share set_weights.f90
cd ./Build_roms; /opt/ohpc/pub/apps/openmpi-4.0.2/bin/mpif90 -c -frepack-arrays -O3 -ffast-math -O3 -ftree-vectorize -funroll-loops -w -ffree-form -ffree-line-length-none -frecord-marker=4 -fconvert=big-endian -I/usr/include -I/home/tr16/COAWST_3.7/MCT_LIB/include -I/home/tr16/COAWST_3.7//WRF/main -I/home/tr16/COAWST_3.7//WRF/external/esmf_time_f90 -I/home/tr16/COAWST_3.7//WRF/frame -I/home/tr16/COAWST_3.7//WRF/share checkerror.f90
cd ./Build_roms; /opt/ohpc/pub/apps/openmpi-4.0.2/bin/mpif90 -c -frepack-arrays -O3 -ffast-math -O3 -ftree-vectorize -funroll-loops -w -ffree-form -ffree-line-length-none -frecord-marker=4 -fconvert=big-endian -I/usr/include -I/home/tr16/COAWST_3.7/MCT_LIB/include -I/home/tr16/COAWST_3.7//WRF/main -I/home/tr16/COAWST_3.7//WRF/external/esmf_time_f90 -I/home/tr16/COAWST_3.7//WRF/frame -I/home/tr16/COAWST_3.7//WRF/share lmd_swfrac.f90
cd ./Build_roms; /opt/ohpc/pub/apps/openmpi-4.0.2/bin/mpif90 -c -frepack-arrays -O3 -ffast-math -O3 -ftree-vectorize -funroll-loops -w -ffree-form -ffree-line-length-none -frecord-marker=4 -fconvert=big-endian -I/usr/include -I/home/tr16/COAWST_3.7/MCT_LIB/include -I/home/tr16/COAWST_3.7//WRF/main -I/home/tr16/COAWST_3.7//WRF/external/esmf_time_f90 -I/home/tr16/COAWST_3.7//WRF/frame -I/home/tr16/COAWST_3.7//WRF/share -ffixed-form swancom4.f90
cd ./Build_roms; /opt/ohpc/pub/apps/openmpi-4.0.2/bin/mpif90 -c -frepack-arrays -O3 -ffast-math -O3 -ftree-vectorize -funroll-loops -w -ffree-form -ffree-line-length-none -frecord-marker=4 -fconvert=big-endian -I/usr/include -I/home/tr16/COAWST_3.7/MCT_LIB/include -I/home/tr16/COAWST_3.7//WRF/main -I/home/tr16/COAWST_3.7//WRF/external/esmf_time_f90 -I/home/tr16/COAWST_3.7//WRF/frame -I/home/tr16/COAWST_3.7//WRF/share -ffixed-form swancom1.f90
cd ./Build_roms; /opt/ohpc/pub/apps/openmpi-4.0.2/bin/mpif90 -c -frepack-arrays -O3 -ffast-math -O3 -ftree-vectorize -funroll-loops -w -ffree-form -ffree-line-length-none -frecord-marker=4 -fconvert=big-endian -I/usr/include -I/home/tr16/COAWST_3.7/MCT_LIB/include -I/home/tr16/COAWST_3.7//WRF/main -I/home/tr16/COAWST_3.7//WRF/external/esmf_time_f90 -I/home/tr16/COAWST_3.7//WRF/frame -I/home/tr16/COAWST_3.7//WRF/share biology_floats.f90
cd ./Build_roms; /opt/ohpc/pub/apps/openmpi-4.0.2/bin/mpif90 -c -frepack-arrays -O3 -ffast-math -O3 -ftree-vectorize -funroll-loops -w -ffree-form -ffree-line-length-none -frecord-marker=4 -fconvert=big-endian -I/usr/include -I/home/tr16/COAWST_3.7/MCT_LIB/include -I/home/tr16/COAWST_3.7//WRF/main -I/home/tr16/COAWST_3.7//WRF/external/esmf_time_f90 -I/home/tr16/COAWST_3.7//WRF/frame -I/home/tr16/COAWST_3.7//WRF/share sed_flocs.f90
cd ./Build_roms; /opt/ohpc/pub/apps/openmpi-4.0.2/bin/mpif90 -c -frepack-arrays -O3 -ffast-math -O3 -ftree-vectorize -funroll-loops -w -ffree-form -ffree-line-length-none -frecord-marker=4 -fconvert=big-endian -I/usr/include -I/home/tr16/COAWST_3.7/MCT_LIB/include -I/home/tr16/COAWST_3.7//WRF/main -I/home/tr16/COAWST_3.7//WRF/external/esmf_time_f90 -I/home/tr16/COAWST_3.7//WRF/frame -I/home/tr16/COAWST_3.7//WRF/share set_scoord.f90
cd ./Build_roms; /opt/ohpc/pub/apps/openmpi-4.0.2/bin/mpif90 -c -frepack-arrays -O3 -ffast-math -O3 -ftree-vectorize -funroll-loops -w -ffree-form -ffree-line-length-none -frecord-marker=4 -fconvert=big-endian -I/usr/include -I/home/tr16/COAWST_3.7/MCT_LIB/include -I/home/tr16/COAWST_3.7//WRF/main -I/home/tr16/COAWST_3.7//WRF/external/esmf_time_f90 -I/home/tr16/COAWST_3.7//WRF/frame -I/home/tr16/COAWST_3.7//WRF/share mod_boundary.f90
cd ./Build_roms; /opt/ohpc/pub/apps/openmpi-4.0.2/bin/mpif90 -c -frepack-arrays -O3 -ffast-math -O3 -ftree-vectorize -funroll-loops -w -ffree-form -ffree-line-length-none -frecord-marker=4 -fconvert=big-endian -I/usr/include -I/home/tr16/COAWST_3.7/MCT_LIB/include -I/home/tr16/COAWST_3.7//WRF/main -I/home/tr16/COAWST_3.7//WRF/external/esmf_time_f90 -I/home/tr16/COAWST_3.7//WRF/frame -I/home/tr16/COAWST_3.7//WRF/share frc_adjust.f90
cd ./Build_roms; /opt/ohpc/pub/apps/openmpi-4.0.2/bin/mpif90 -c -frepack-arrays -O3 -ffast-math -O3 -ftree-vectorize -funroll-loops -w -ffree-form -ffree-line-length-none -frecord-marker=4 -fconvert=big-endian -I/usr/include -I/home/tr16/COAWST_3.7/MCT_LIB/include -I/home/tr16/COAWST_3.7//WRF/main -I/home/tr16/COAWST_3.7//WRF/external/esmf_time_f90 -I/home/tr16/COAWST_3.7//WRF/frame -I/home/tr16/COAWST_3.7//WRF/share mod_sedbed.f90
cd ./Build_roms; /opt/ohpc/pub/apps/openmpi-4.0.2/bin/mpif90 -c -frepack-arrays -O3 -ffast-math -O3 -ftree-vectorize -funroll-loops -w -ffree-form -ffree-line-length-none -frecord-marker=4 -fconvert=big-endian -I/usr/include -I/home/tr16/COAWST_3.7/MCT_LIB/include -I/home/tr16/COAWST_3.7//WRF/main -I/home/tr16/COAWST_3.7//WRF/external/esmf_time_f90 -I/home/tr16/COAWST_3.7//WRF/frame -I/home/tr16/COAWST_3.7//WRF/share distribute.f90
cd ./Build_roms; /opt/ohpc/pub/apps/openmpi-4.0.2/bin/mpif90 -c -frepack-arrays -O3 -ffast-math -O3 -ftree-vectorize -funroll-loops -w -ffree-form -ffree-line-length-none -frecord-marker=4 -fconvert=big-endian -I/usr/include -I/home/tr16/COAWST_3.7/MCT_LIB/include -I/home/tr16/COAWST_3.7//WRF/main -I/home/tr16/COAWST_3.7//WRF/external/esmf_time_f90 -I/home/tr16/COAWST_3.7//WRF/frame -I/home/tr16/COAWST_3.7//WRF/share interp_floats.f90
cd ./Build_roms; /opt/ohpc/pub/apps/openmpi-4.0.2/bin/mpif90 -c -frepack-arrays -O3 -ffast-math -O3 -ftree-vectorize -funroll-loops -w -ffree-form -ffree-line-length-none -frecord-marker=4 -fconvert=big-endian -I/usr/include -I/home/tr16/COAWST_3.7/MCT_LIB/include -I/home/tr16/COAWST_3.7//WRF/main -I/home/tr16/COAWST_3.7//WRF/external/esmf_time_f90 -I/home/tr16/COAWST_3.7//WRF/frame -I/home/tr16/COAWST_3.7//WRF/share interp_floats_diapW.f90
cd ./Build_roms; /opt/ohpc/pub/apps/openmpi-4.0.2/bin/mpif90 -c -frepack-arrays -O3 -ffast-math -O3 -ftree-vectorize -funroll-loops -w -ffree-form -ffree-line-length-none -frecord-marker=4 -fconvert=big-endian -I/usr/include -I/home/tr16/COAWST_3.7/MCT_LIB/include -I/home/tr16/COAWST_3.7//WRF/main -I/home/tr16/COAWST_3.7//WRF/external/esmf_time_f90 -I/home/tr16/COAWST_3.7//WRF/frame -I/home/tr16/COAWST_3.7//WRF/share -ffree-form -ffree-line-length-none mod_vegarr.f90
cd ./Build_roms; /opt/ohpc/pub/apps/openmpi-4.0.2/bin/mpif90 -c -frepack-arrays -O3 -ffast-math -O3 -ftree-vectorize -funroll-loops -w -ffree-form -ffree-line-length-none -frecord-marker=4 -fconvert=big-endian -I/usr/include -I/home/tr16/COAWST_3.7/MCT_LIB/include -I/home/tr16/COAWST_3.7//WRF/main -I/home/tr16/COAWST_3.7//WRF/external/esmf_time_f90 -I/home/tr16/COAWST_3.7//WRF/frame -I/home/tr16/COAWST_3.7//WRF/share mod_coupler.f90
cd ./Build_roms; /opt/ohpc/pub/apps/openmpi-4.0.2/bin/mpif90 -c -frepack-arrays -O3 -ffast-math -O3 -ftree-vectorize -funroll-loops -w -ffree-form -ffree-line-length-none -frecord-marker=4 -fconvert=big-endian -I/usr/include -I/home/tr16/COAWST_3.7/MCT_LIB/include -I/home/tr16/COAWST_3.7//WRF/main -I/home/tr16/COAWST_3.7//WRF/external/esmf_time_f90 -I/home/tr16/COAWST_3.7//WRF/frame -I/home/tr16/COAWST_3.7//WRF/share t3dmix.f90
cd ./Build_roms; /opt/ohpc/pub/apps/openmpi-4.0.2/bin/mpif90 -c -frepack-arrays -O3 -ffast-math -O3 -ftree-vectorize -funroll-loops -w -ffree-form -ffree-line-length-none -frecord-marker=4 -fconvert=big-endian -I/usr/include -I/home/tr16/COAWST_3.7/MCT_LIB/include -I/home/tr16/COAWST_3.7//WRF/main -I/home/tr16/COAWST_3.7//WRF/external/esmf_time_f90 -I/home/tr16/COAWST_3.7//WRF/frame -I/home/tr16/COAWST_3.7//WRF/share uv3dmix.f90
cd ./Build_roms; /opt/ohpc/pub/apps/openmpi-4.0.2/bin/mpif90 -c -frepack-arrays -O3 -ffast-math -O3 -ftree-vectorize -funroll-loops -w -ffree-form -ffree-line-length-none -frecord-marker=4 -fconvert=big-endian -I/usr/include -I/home/tr16/COAWST_3.7/MCT_LIB/include -I/home/tr16/COAWST_3.7//WRF/main -I/home/tr16/COAWST_3.7//WRF/external/esmf_time_f90 -I/home/tr16/COAWST_3.7//WRF/frame -I/home/tr16/COAWST_3.7//WRF/share mod_average.f90
cd ./Build_roms; /opt/ohpc/pub/apps/openmpi-4.0.2/bin/mpif90 -c -frepack-arrays -O3 -ffast-math -O3 -ftree-vectorize -funroll-loops -w -ffree-form -ffree-line-length-none -frecord-marker=4 -fconvert=big-endian -I/usr/include -I/home/tr16/COAWST_3.7/MCT_LIB/include -I/home/tr16/COAWST_3.7//WRF/main -I/home/tr16/COAWST_3.7//WRF/external/esmf_time_f90 -I/home/tr16/COAWST_3.7//WRF/frame -I/home/tr16/COAWST_3.7//WRF/share mpdata_adiff.f90
cd ./Build_roms; /opt/ohpc/pub/apps/openmpi-4.0.2/bin/mpif90 -c -frepack-arrays -O3 -ffast-math -O3 -ftree-vectorize -funroll-loops -w -ffree-form -ffree-line-length-none -frecord-marker=4 -fconvert=big-endian -I/usr/include -I/home/tr16/COAWST_3.7/MCT_LIB/include -I/home/tr16/COAWST_3.7//WRF/main -I/home/tr16/COAWST_3.7//WRF/external/esmf_time_f90 -I/home/tr16/COAWST_3.7//WRF/frame -I/home/tr16/COAWST_3.7//WRF/share mod_filter.f90
cd ./Build_roms; /opt/ohpc/pub/apps/openmpi-4.0.2/bin/mpif90 -c -frepack-arrays -O3 -ffast-math -O3 -ftree-vectorize -funroll-loops -w -ffree-form -ffree-line-length-none -frecord-marker=4 -fconvert=big-endian -I/usr/include -I/home/tr16/COAWST_3.7/MCT_LIB/include -I/home/tr16/COAWST_3.7//WRF/main -I/home/tr16/COAWST_3.7//WRF/external/esmf_time_f90 -I/home/tr16/COAWST_3.7//WRF/frame -I/home/tr16/COAWST_3.7//WRF/share state_addition.f90
cd ./Build_roms; /opt/ohpc/pub/apps/openmpi-4.0.2/bin/mpif90 -c -frepack-arrays -O3 -ffast-math -O3 -ftree-vectorize -funroll-loops -w -ffree-form -ffree-line-length-none -frecord-marker=4 -fconvert=big-endian -I/usr/include -I/home/tr16/COAWST_3.7/MCT_LIB/include -I/home/tr16/COAWST_3.7//WRF/main -I/home/tr16/COAWST_3.7//WRF/external/esmf_time_f90 -I/home/tr16/COAWST_3.7//WRF/frame -I/home/tr16/COAWST_3.7//WRF/share state_copy.f90
cd ./Build_roms; /opt/ohpc/pub/apps/openmpi-4.0.2/bin/mpif90 -c -frepack-arrays -O3 -ffast-math -O3 -ftree-vectorize -funroll-loops -w -ffree-form -ffree-line-length-none -frecord-marker=4 -fconvert=big-endian -I/usr/include -I/home/tr16/COAWST_3.7/MCT_LIB/include -I/home/tr16/COAWST_3.7//WRF/main -I/home/tr16/COAWST_3.7//WRF/external/esmf_time_f90 -I/home/tr16/COAWST_3.7//WRF/frame -I/home/tr16/COAWST_3.7//WRF/share state_initialize.f90
cd ./Build_roms; /opt/ohpc/pub/apps/openmpi-4.0.2/bin/mpif90 -c -frepack-arrays -O3 -ffast-math -O3 -ftree-vectorize -funroll-loops -w -ffree-form -ffree-line-length-none -frecord-marker=4 -fconvert=big-endian -I/usr/include -I/home/tr16/COAWST_3.7/MCT_LIB/include -I/home/tr16/COAWST_3.7//WRF/main -I/home/tr16/COAWST_3.7//WRF/external/esmf_time_f90 -I/home/tr16/COAWST_3.7//WRF/frame -I/home/tr16/COAWST_3.7//WRF/share state_scale.f90
cd ./Build_roms; /opt/ohpc/pub/apps/openmpi-4.0.2/bin/mpif90 -c -frepack-arrays -O3 -ffast-math -O3 -ftree-vectorize -funroll-loops -w -ffree-form -ffree-line-length-none -frecord-marker=4 -fconvert=big-endian -I/usr/include -I/home/tr16/COAWST_3.7/MCT_LIB/include -I/home/tr16/COAWST_3.7//WRF/main -I/home/tr16/COAWST_3.7//WRF/external/esmf_time_f90 -I/home/tr16/COAWST_3.7//WRF/frame -I/home/tr16/COAWST_3.7//WRF/share set_ngfldr.f90
cd ./Build_roms; /opt/ohpc/pub/apps/openmpi-4.0.2/bin/mpif90 -c -frepack-arrays -O3 -ffast-math -O3 -ftree-vectorize -funroll-loops -w -ffree-form -ffree-line-length-none -frecord-marker=4 -fconvert=big-endian -I/usr/include -I/home/tr16/COAWST_3.7/MCT_LIB/include -I/home/tr16/COAWST_3.7//WRF/main -I/home/tr16/COAWST_3.7//WRF/external/esmf_time_f90 -I/home/tr16/COAWST_3.7//WRF/frame -I/home/tr16/COAWST_3.7//WRF/share set_ngfld.f90
cd ./Build_roms; /opt/ohpc/pub/apps/openmpi-4.0.2/bin/mpif90 -c -frepack-arrays -O3 -ffast-math -O3 -ftree-vectorize -funroll-loops -w -ffree-form -ffree-line-length-none -frecord-marker=4 -fconvert=big-endian -I/usr/include -I/home/tr16/COAWST_3.7/MCT_LIB/include -I/home/tr16/COAWST_3.7//WRF/main -I/home/tr16/COAWST_3.7//WRF/external/esmf_time_f90 -I/home/tr16/COAWST_3.7//WRF/frame -I/home/tr16/COAWST_3.7//WRF/share ADfromTL.f90
cd ./Build_roms; /opt/ohpc/pub/apps/openmpi-4.0.2/bin/mpif90 -c -frepack-arrays -O3 -ffast-math -O3 -ftree-vectorize -funroll-loops -w -ffree-form -ffree-line-length-none -frecord-marker=4 -fconvert=big-endian -I/usr/include -I/home/tr16/COAWST_3.7/MCT_LIB/include -I/home/tr16/COAWST_3.7//WRF/main -I/home/tr16/COAWST_3.7//WRF/external/esmf_time_f90 -I/home/tr16/COAWST_3.7//WRF/frame -I/home/tr16/COAWST_3.7//WRF/share sed_fluxes.f90
cd ./Build_roms; /opt/ohpc/pub/apps/openmpi-4.0.2/bin/mpif90 -c -frepack-arrays -O3 -ffast-math -O3 -ftree-vectorize -funroll-loops -w -ffree-form -ffree-line-length-none -frecord-marker=4 -fconvert=big-endian -I/usr/include -I/home/tr16/COAWST_3.7/MCT_LIB/include -I/home/tr16/COAWST_3.7//WRF/main -I/home/tr16/COAWST_3.7//WRF/external/esmf_time_f90 -I/home/tr16/COAWST_3.7//WRF/frame -I/home/tr16/COAWST_3.7//WRF/share sed_settling.f90
cd ./Build_roms; /opt/ohpc/pub/apps/openmpi-4.0.2/bin/mpif90 -c -frepack-arrays -O3 -ffast-math -O3 -ftree-vectorize -funroll-loops -w -ffree-form -ffree-line-length-none -frecord-marker=4 -fconvert=big-endian -I/usr/include -I/home/tr16/COAWST_3.7/MCT_LIB/include -I/home/tr16/COAWST_3.7//WRF/main -I/home/tr16/COAWST_3.7//WRF/external/esmf_time_f90 -I/home/tr16/COAWST_3.7//WRF/frame -I/home/tr16/COAWST_3.7//WRF/share vegetation_biomass.f90
cd ./Build_roms; /opt/ohpc/pub/apps/openmpi-4.0.2/bin/mpif90 -c -frepack-arrays -O3 -ffast-math -O3 -ftree-vectorize -funroll-loops -w -ffree-form -ffree-line-length-none -frecord-marker=4 -fconvert=big-endian -I/usr/include -I/home/tr16/COAWST_3.7/MCT_LIB/include -I/home/tr16/COAWST_3.7//WRF/main -I/home/tr16/COAWST_3.7//WRF/external/esmf_time_f90 -I/home/tr16/COAWST_3.7//WRF/frame -I/home/tr16/COAWST_3.7//WRF/share vegetation_stream.f90
cd ./Build_roms; /opt/ohpc/pub/apps/openmpi-4.0.2/bin/mpif90 -c -frepack-arrays -O3 -ffast-math -O3 -ftree-vectorize -funroll-loops -w -ffree-form -ffree-line-length-none -frecord-marker=4 -fconvert=big-endian -I/usr/include -I/home/tr16/COAWST_3.7/MCT_LIB/include -I/home/tr16/COAWST_3.7//WRF/main -I/home/tr16/COAWST_3.7//WRF/external/esmf_time_f90 -I/home/tr16/COAWST_3.7//WRF/frame -I/home/tr16/COAWST_3.7//WRF/share tkebc_im.f90
cd ./Build_roms; /opt/ohpc/pub/apps/openmpi-4.0.2/bin/mpif90 -c -frepack-arrays -O3 -ffast-math -O3 -ftree-vectorize -funroll-loops -w -ffree-form -ffree-line-length-none -frecord-marker=4 -fconvert=big-endian -I/usr/include -I/home/tr16/COAWST_3.7/MCT_LIB/include -I/home/tr16/COAWST_3.7//WRF/main -I/home/tr16/COAWST_3.7//WRF/external/esmf_time_f90 -I/home/tr16/COAWST_3.7//WRF/frame -I/home/tr16/COAWST_3.7//WRF/share bc_2d.f90
cd ./Build_roms; /opt/ohpc/pub/apps/openmpi-4.0.2/bin/mpif90 -c -frepack-arrays -O3 -ffast-math -O3 -ftree-vectorize -funroll-loops -w -ffree-form -ffree-line-length-none -frecord-marker=4 -fconvert=big-endian -I/usr/include -I/home/tr16/COAWST_3.7/MCT_LIB/include -I/home/tr16/COAWST_3.7//WRF/main -I/home/tr16/COAWST_3.7//WRF/external/esmf_time_f90 -I/home/tr16/COAWST_3.7//WRF/frame -I/home/tr16/COAWST_3.7//WRF/share bc_3d.f90
cd ./Build_roms; /opt/ohpc/pub/apps/openmpi-4.0.2/bin/mpif90 -c -frepack-arrays -O3 -ffast-math -O3 -ftree-vectorize -funroll-loops -w -ffree-form -ffree-line-length-none -frecord-marker=4 -fconvert=big-endian -I/usr/include -I/home/tr16/COAWST_3.7/MCT_LIB/include -I/home/tr16/COAWST_3.7//WRF/main -I/home/tr16/COAWST_3.7//WRF/external/esmf_time_f90 -I/home/tr16/COAWST_3.7//WRF/frame -I/home/tr16/COAWST_3.7//WRF/share mod_nesting.f90
cd ./Build_roms; /opt/ohpc/pub/apps/openmpi-4.0.2/bin/mpif90 -c -frepack-arrays -O3 -ffast-math -O3 -ftree-vectorize -funroll-loops -w -ffree-form -ffree-line-length-none -frecord-marker=4 -fconvert=big-endian -I/usr/include -I/home/tr16/COAWST_3.7/MCT_LIB/include -I/home/tr16/COAWST_3.7//WRF/main -I/home/tr16/COAWST_3.7//WRF/external/esmf_time_f90 -I/home/tr16/COAWST_3.7//WRF/frame -I/home/tr16/COAWST_3.7//WRF/share zetabc.f90
cd ./Build_roms; /opt/ohpc/pub/apps/openmpi-4.0.2/bin/mpif90 -c -frepack-arrays -O3 -ffast-math -O3 -ftree-vectorize -funroll-loops -w -ffree-form -ffree-line-length-none -frecord-marker=4 -fconvert=big-endian -I/usr/include -I/home/tr16/COAWST_3.7/MCT_LIB/include -I/home/tr16/COAWST_3.7//WRF/main -I/home/tr16/COAWST_3.7//WRF/external/esmf_time_f90 -I/home/tr16/COAWST_3.7//WRF/frame -I/home/tr16/COAWST_3.7//WRF/share pt3dbc_im.f90
cd ./Build_roms; /opt/ohpc/pub/apps/openmpi-4.0.2/bin/mpif90 -c -frepack-arrays -O3 -ffast-math -O3 -ftree-vectorize -funroll-loops -w -ffree-form -ffree-line-length-none -frecord-marker=4 -fconvert=big-endian -I/usr/include -I/home/tr16/COAWST_3.7/MCT_LIB/include -I/home/tr16/COAWST_3.7//WRF/main -I/home/tr16/COAWST_3.7//WRF/external/esmf_time_f90 -I/home/tr16/COAWST_3.7//WRF/frame -I/home/tr16/COAWST_3.7//WRF/share t3dbc_im.f90
cd ./Build_roms; /opt/ohpc/pub/apps/openmpi-4.0.2/bin/mpif90 -c -frepack-arrays -O3 -ffast-math -O3 -ftree-vectorize -funroll-loops -w -ffree-form -ffree-line-length-none -frecord-marker=4 -fconvert=big-endian -I/usr/include -I/home/tr16/COAWST_3.7/MCT_LIB/include -I/home/tr16/COAWST_3.7//WRF/main -I/home/tr16/COAWST_3.7//WRF/external/esmf_time_f90 -I/home/tr16/COAWST_3.7//WRF/frame -I/home/tr16/COAWST_3.7//WRF/share u3dbc_im.f90
cd ./Build_roms; /opt/ohpc/pub/apps/openmpi-4.0.2/bin/mpif90 -c -frepack-arrays -O3 -ffast-math -O3 -ftree-vectorize -funroll-loops -w -ffree-form -ffree-line-length-none -frecord-marker=4 -fconvert=big-endian -I/usr/include -I/home/tr16/COAWST_3.7/MCT_LIB/include -I/home/tr16/COAWST_3.7//WRF/main -I/home/tr16/COAWST_3.7//WRF/external/esmf_time_f90 -I/home/tr16/COAWST_3.7//WRF/frame -I/home/tr16/COAWST_3.7//WRF/share v3dbc_im.f90
cd ./Build_roms; /opt/ohpc/pub/apps/openmpi-4.0.2/bin/mpif90 -c -frepack-arrays -O3 -ffast-math -O3 -ftree-vectorize -funroll-loops -w -ffree-form -ffree-line-length-none -frecord-marker=4 -fconvert=big-endian -I/usr/include -I/home/tr16/COAWST_3.7/MCT_LIB/include -I/home/tr16/COAWST_3.7//WRF/main -I/home/tr16/COAWST_3.7//WRF/external/esmf_time_f90 -I/home/tr16/COAWST_3.7//WRF/frame -I/home/tr16/COAWST_3.7//WRF/share obc_adjust.f90
cd ./Build_roms; /opt/ohpc/pub/apps/openmpi-4.0.2/bin/mpif90 -c -frepack-arrays -O3 -ffast-math -O3 -ftree-vectorize -funroll-loops -w -ffree-form -ffree-line-length-none -frecord-marker=4 -fconvert=big-endian -I/usr/include -I/home/tr16/COAWST_3.7/MCT_LIB/include -I/home/tr16/COAWST_3.7//WRF/main -I/home/tr16/COAWST_3.7//WRF/external/esmf_time_f90 -I/home/tr16/COAWST_3.7//WRF/frame -I/home/tr16/COAWST_3.7//WRF/share us2dbc_im.f90
cd ./Build_roms; /opt/ohpc/pub/apps/openmpi-4.0.2/bin/mpif90 -c -frepack-arrays -O3 -ffast-math -O3 -ftree-vectorize -funroll-loops -w -ffree-form -ffree-line-length-none -frecord-marker=4 -fconvert=big-endian -I/usr/include -I/home/tr16/COAWST_3.7/MCT_LIB/include -I/home/tr16/COAWST_3.7//WRF/main -I/home/tr16/COAWST_3.7//WRF/external/esmf_time_f90 -I/home/tr16/COAWST_3.7//WRF/frame -I/home/tr16/COAWST_3.7//WRF/share us3dbc_im.f90
cd ./Build_roms; /opt/ohpc/pub/apps/openmpi-4.0.2/bin/mpif90 -c -frepack-arrays -O3 -ffast-math -O3 -ftree-vectorize -funroll-loops -w -ffree-form -ffree-line-length-none -frecord-marker=4 -fconvert=big-endian -I/usr/include -I/home/tr16/COAWST_3.7/MCT_LIB/include -I/home/tr16/COAWST_3.7//WRF/main -I/home/tr16/COAWST_3.7//WRF/external/esmf_time_f90 -I/home/tr16/COAWST_3.7//WRF/frame -I/home/tr16/COAWST_3.7//WRF/share vs2dbc_im.f90
cd ./Build_roms; /opt/ohpc/pub/apps/openmpi-4.0.2/bin/mpif90 -c -frepack-arrays -O3 -ffast-math -O3 -ftree-vectorize -funroll-loops -w -ffree-form -ffree-line-length-none -frecord-marker=4 -fconvert=big-endian -I/usr/include -I/home/tr16/COAWST_3.7/MCT_LIB/include -I/home/tr16/COAWST_3.7//WRF/main -I/home/tr16/COAWST_3.7//WRF/external/esmf_time_f90 -I/home/tr16/COAWST_3.7//WRF/frame -I/home/tr16/COAWST_3.7//WRF/share vs3dbc_im.f90
cd ./Build_roms; /opt/ohpc/pub/apps/openmpi-4.0.2/bin/mpif90 -c -frepack-arrays -O3 -ffast-math -O3 -ftree-vectorize -funroll-loops -w -ffree-form -ffree-line-length-none -frecord-marker=4 -fconvert=big-endian -I/usr/include -I/home/tr16/COAWST_3.7/MCT_LIB/include -I/home/tr16/COAWST_3.7//WRF/main -I/home/tr16/COAWST_3.7//WRF/external/esmf_time_f90 -I/home/tr16/COAWST_3.7//WRF/frame -I/home/tr16/COAWST_3.7//WRF/share bc_4d.f90
cd ./Build_roms; /opt/ohpc/pub/apps/openmpi-4.0.2/bin/mpif90 -c -frepack-arrays -O3 -ffast-math -O3 -ftree-vectorize -funroll-loops -w -ffree-form -ffree-line-length-none -frecord-marker=4 -fconvert=big-endian -I/usr/include -I/home/tr16/COAWST_3.7/MCT_LIB/include -I/home/tr16/COAWST_3.7//WRF/main -I/home/tr16/COAWST_3.7//WRF/external/esmf_time_f90 -I/home/tr16/COAWST_3.7//WRF/frame -I/home/tr16/COAWST_3.7//WRF/share sum_grad.f90
cd ./Build_roms; /opt/ohpc/pub/apps/openmpi-4.0.2/bin/mpif90 -c -frepack-arrays -O3 -ffast-math -O3 -ftree-vectorize -funroll-loops -w -ffree-form -ffree-line-length-none -frecord-marker=4 -fconvert=big-endian -I/usr/include -I/home/tr16/COAWST_3.7/MCT_LIB/include -I/home/tr16/COAWST_3.7//WRF/main -I/home/tr16/COAWST_3.7//WRF/external/esmf_time_f90 -I/home/tr16/COAWST_3.7//WRF/frame -I/home/tr16/COAWST_3.7//WRF/share cost_grad.f90
cd ./Build_roms; /opt/ohpc/pub/apps/openmpi-4.0.2/bin/mpif90 -c -frepack-arrays -O3 -ffast-math -O3 -ftree-vectorize -funroll-loops -w -ffree-form -ffree-line-length-none -frecord-marker=4 -fconvert=big-endian -I/usr/include -I/home/tr16/COAWST_3.7/MCT_LIB/include -I/home/tr16/COAWST_3.7//WRF/main -I/home/tr16/COAWST_3.7//WRF/external/esmf_time_f90 -I/home/tr16/COAWST_3.7//WRF/frame -I/home/tr16/COAWST_3.7//WRF/share sum_imp.f90
cd ./Build_roms; /opt/ohpc/pub/apps/openmpi-4.0.2/bin/mpif90 -c -frepack-arrays -O3 -ffast-math -O3 -ftree-vectorize -funroll-loops -w -ffree-form -ffree-line-length-none -frecord-marker=4 -fconvert=big-endian -I/usr/include -I/home/tr16/COAWST_3.7/MCT_LIB/include -I/home/tr16/COAWST_3.7//WRF/main -I/home/tr16/COAWST_3.7//WRF/external/esmf_time_f90 -I/home/tr16/COAWST_3.7//WRF/frame -I/home/tr16/COAWST_3.7//WRF/share lanc_resid.f90
cd ./Build_roms; /opt/ohpc/pub/apps/openmpi-4.0.2/bin/mpif90 -c -frepack-arrays -O3 -ffast-math -O3 -ftree-vectorize -funroll-loops -w -ffree-form -ffree-line-length-none -frecord-marker=4 -fconvert=big-endian -I/usr/include -I/home/tr16/COAWST_3.7/MCT_LIB/include -I/home/tr16/COAWST_3.7//WRF/main -I/home/tr16/COAWST_3.7//WRF/external/esmf_time_f90 -I/home/tr16/COAWST_3.7//WRF/frame -I/home/tr16/COAWST_3.7//WRF/share set_depth.f90
cd ./Build_roms; /opt/ohpc/pub/apps/openmpi-4.0.2/bin/mpif90 -c -frepack-arrays -O3 -ffast-math -O3 -ftree-vectorize -funroll-loops -w -ffree-form -ffree-line-length-none -frecord-marker=4 -fconvert=big-endian -I/usr/include -I/home/tr16/COAWST_3.7/MCT_LIB/include -I/home/tr16/COAWST_3.7//WRF/main -I/home/tr16/COAWST_3.7//WRF/external/esmf_time_f90 -I/home/tr16/COAWST_3.7//WRF/frame -I/home/tr16/COAWST_3.7//WRF/share bulk_flux.f90
cd ./Build_roms; /opt/ohpc/pub/apps/openmpi-4.0.2/bin/mpif90 -c -frepack-arrays -O3 -ffast-math -O3 -ftree-vectorize -funroll-loops -w -ffree-form -ffree-line-length-none -frecord-marker=4 -fconvert=big-endian -I/usr/include -I/home/tr16/COAWST_3.7/MCT_LIB/include -I/home/tr16/COAWST_3.7//WRF/main -I/home/tr16/COAWST_3.7//WRF/external/esmf_time_f90 -I/home/tr16/COAWST_3.7//WRF/frame -I/home/tr16/COAWST_3.7//WRF/share atm2ocn_flux.f90
cd ./Build_roms; /opt/ohpc/pub/apps/openmpi-4.0.2/bin/mpif90 -c -frepack-arrays -O3 -ffast-math -O3 -ftree-vectorize -funroll-loops -w -ffree-form -ffree-line-length-none -frecord-marker=4 -fconvert=big-endian -I/usr/include -I/home/tr16/COAWST_3.7/MCT_LIB/include -I/home/tr16/COAWST_3.7//WRF/main -I/home/tr16/COAWST_3.7//WRF/external/esmf_time_f90 -I/home/tr16/COAWST_3.7//WRF/frame -I/home/tr16/COAWST_3.7//WRF/share conv_bry2d.f90
cd ./Build_roms; /opt/ohpc/pub/apps/openmpi-4.0.2/bin/mpif90 -c -frepack-arrays -O3 -ffast-math -O3 -ftree-vectorize -funroll-loops -w -ffree-form -ffree-line-length-none -frecord-marker=4 -fconvert=big-endian -I/usr/include -I/home/tr16/COAWST_3.7/MCT_LIB/include -I/home/tr16/COAWST_3.7//WRF/main -I/home/tr16/COAWST_3.7//WRF/external/esmf_time_f90 -I/home/tr16/COAWST_3.7//WRF/frame -I/home/tr16/COAWST_3.7//WRF/share bvf_mix.f90
cd ./Build_roms; /opt/ohpc/pub/apps/openmpi-4.0.2/bin/mpif90 -c -frepack-arrays -O3 -ffast-math -O3 -ftree-vectorize -funroll-loops -w -ffree-form -ffree-line-length-none -frecord-marker=4 -fconvert=big-endian -I/usr/include -I/home/tr16/COAWST_3.7/MCT_LIB/include -I/home/tr16/COAWST_3.7//WRF/main -I/home/tr16/COAWST_3.7//WRF/external/esmf_time_f90 -I/home/tr16/COAWST_3.7//WRF/frame -I/home/tr16/COAWST_3.7//WRF/share equilibrium_tide.f90
cd ./Build_roms; /opt/ohpc/pub/apps/openmpi-4.0.2/bin/mpif90 -c -frepack-arrays -O3 -ffast-math -O3 -ftree-vectorize -funroll-loops -w -ffree-form -ffree-line-length-none -frecord-marker=4 -fconvert=big-endian -I/usr/include -I/home/tr16/COAWST_3.7/MCT_LIB/include -I/home/tr16/COAWST_3.7//WRF/main -I/home/tr16/COAWST_3.7//WRF/external/esmf_time_f90 -I/home/tr16/COAWST_3.7//WRF/frame -I/home/tr16/COAWST_3.7//WRF/share hmixing.f90
cd ./Build_roms; /opt/ohpc/pub/apps/openmpi-4.0.2/bin/mpif90 -c -frepack-arrays -O3 -ffast-math -O3 -ftree-vectorize -funroll-loops -w -ffree-form -ffree-line-length-none -frecord-marker=4 -fconvert=big-endian -I/usr/include -I/home/tr16/COAWST_3.7/MCT_LIB/include -I/home/tr16/COAWST_3.7//WRF/main -I/home/tr16/COAWST_3.7//WRF/external/esmf_time_f90 -I/home/tr16/COAWST_3.7//WRF/frame -I/home/tr16/COAWST_3.7//WRF/share rho_eos.f90
cd ./Build_roms; /opt/ohpc/pub/apps/openmpi-4.0.2/bin/mpif90 -c -frepack-arrays -O3 -ffast-math -O3 -ftree-vectorize -funroll-loops -w -ffree-form -ffree-line-length-none -frecord-marker=4 -fconvert=big-endian -I/usr/include -I/home/tr16/COAWST_3.7/MCT_LIB/include -I/home/tr16/COAWST_3.7//WRF/main -I/home/tr16/COAWST_3.7//WRF/external/esmf_time_f90 -I/home/tr16/COAWST_3.7//WRF/frame -I/home/tr16/COAWST_3.7//WRF/share uv_rotate.f90
cd ./Build_roms; /opt/ohpc/pub/apps/openmpi-4.0.2/bin/mpif90 -c -frepack-arrays -O3 -ffast-math -O3 -ftree-vectorize -funroll-loops -w -ffree-form -ffree-line-length-none -frecord-marker=4 -fconvert=big-endian -I/usr/include -I/home/tr16/COAWST_3.7/MCT_LIB/include -I/home/tr16/COAWST_3.7//WRF/main -I/home/tr16/COAWST_3.7//WRF/external/esmf_time_f90 -I/home/tr16/COAWST_3.7//WRF/frame -I/home/tr16/COAWST_3.7//WRF/share set_massflux.f90
cd ./Build_roms; /opt/ohpc/pub/apps/openmpi-4.0.2/bin/mpif90 -c -frepack-arrays -O3 -ffast-math -O3 -ftree-vectorize -funroll-loops -w -ffree-form -ffree-line-length-none -frecord-marker=4 -fconvert=big-endian -I/usr/include -I/home/tr16/COAWST_3.7/MCT_LIB/include -I/home/tr16/COAWST_3.7//WRF/main -I/home/tr16/COAWST_3.7//WRF/external/esmf_time_f90 -I/home/tr16/COAWST_3.7//WRF/frame -I/home/tr16/COAWST_3.7//WRF/share set_zeta.f90
cd ./Build_roms; /opt/ohpc/pub/apps/openmpi-4.0.2/bin/mpif90 -c -frepack-arrays -O3 -ffast-math -O3 -ftree-vectorize -funroll-loops -w -ffree-form -ffree-line-length-none -frecord-marker=4 -fconvert=big-endian -I/usr/include -I/home/tr16/COAWST_3.7/MCT_LIB/include -I/home/tr16/COAWST_3.7//WRF/main -I/home/tr16/COAWST_3.7//WRF/external/esmf_time_f90 -I/home/tr16/COAWST_3.7//WRF/frame -I/home/tr16/COAWST_3.7//WRF/share wec_wave_mix.f90
cd ./Build_roms; /opt/ohpc/pub/apps/openmpi-4.0.2/bin/mpif90 -c -frepack-arrays -O3 -ffast-math -O3 -ftree-vectorize -funroll-loops -w -ffree-form -ffree-line-length-none -frecord-marker=4 -fconvert=big-endian -I/usr/include -I/home/tr16/COAWST_3.7/MCT_LIB/include -I/home/tr16/COAWST_3.7//WRF/main -I/home/tr16/COAWST_3.7//WRF/external/esmf_time_f90 -I/home/tr16/COAWST_3.7//WRF/frame -I/home/tr16/COAWST_3.7//WRF/share conv_bry3d.f90
cd ./Build_roms; /opt/ohpc/pub/apps/openmpi-4.0.2/bin/mpif90 -c -frepack-arrays -O3 -ffast-math -O3 -ftree-vectorize -funroll-loops -w -ffree-form -ffree-line-length-none -frecord-marker=4 -fconvert=big-endian -I/usr/include -I/home/tr16/COAWST_3.7/MCT_LIB/include -I/home/tr16/COAWST_3.7//WRF/main -I/home/tr16/COAWST_3.7//WRF/external/esmf_time_f90 -I/home/tr16/COAWST_3.7//WRF/frame -I/home/tr16/COAWST_3.7//WRF/share ini_hmixcoef.f90
cd ./Build_roms; /opt/ohpc/pub/apps/openmpi-4.0.2/bin/mpif90 -c -frepack-arrays -O3 -ffast-math -O3 -ftree-vectorize -funroll-loops -w -ffree-form -ffree-line-length-none -frecord-marker=4 -fconvert=big-endian -I/usr/include -I/home/tr16/COAWST_3.7/MCT_LIB/include -I/home/tr16/COAWST_3.7//WRF/main -I/home/tr16/COAWST_3.7//WRF/external/esmf_time_f90 -I/home/tr16/COAWST_3.7//WRF/frame -I/home/tr16/COAWST_3.7//WRF/share set_2dfld.f90
cd ./Build_roms; /opt/ohpc/pub/apps/openmpi-4.0.2/bin/mpif90 -c -frepack-arrays -O3 -ffast-math -O3 -ftree-vectorize -funroll-loops -w -ffree-form -ffree-line-length-none -frecord-marker=4 -fconvert=big-endian -I/usr/include -I/home/tr16/COAWST_3.7/MCT_LIB/include -I/home/tr16/COAWST_3.7//WRF/main -I/home/tr16/COAWST_3.7//WRF/external/esmf_time_f90 -I/home/tr16/COAWST_3.7//WRF/frame -I/home/tr16/COAWST_3.7//WRF/share set_3dfld.f90
cd ./Build_roms; /opt/ohpc/pub/apps/openmpi-4.0.2/bin/mpif90 -c -frepack-arrays -O3 -ffast-math -O3 -ftree-vectorize -funroll-loops -w -ffree-form -ffree-line-length-none -frecord-marker=4 -fconvert=big-endian -I/usr/include -I/home/tr16/COAWST_3.7/MCT_LIB/include -I/home/tr16/COAWST_3.7//WRF/main -I/home/tr16/COAWST_3.7//WRF/external/esmf_time_f90 -I/home/tr16/COAWST_3.7//WRF/frame -I/home/tr16/COAWST_3.7//WRF/share set_3dfldr.f90
cd ./Build_roms; /opt/ohpc/pub/apps/openmpi-4.0.2/bin/mpif90 -c -frepack-arrays -O3 -ffast-math -O3 -ftree-vectorize -funroll-loops -w -ffree-form -ffree-line-length-none -frecord-marker=4 -fconvert=big-endian -I/usr/include -I/home/tr16/COAWST_3.7/MCT_LIB/include -I/home/tr16/COAWST_3.7//WRF/main -I/home/tr16/COAWST_3.7//WRF/external/esmf_time_f90 -I/home/tr16/COAWST_3.7//WRF/frame -I/home/tr16/COAWST_3.7//WRF/share set_2dfldr.f90
cd ./Build_roms; /opt/ohpc/pub/apps/openmpi-4.0.2/bin/mpif90 -c -frepack-arrays -O3 -ffast-math -O3 -ftree-vectorize -funroll-loops -w -ffree-form -ffree-line-length-none -frecord-marker=4 -fconvert=big-endian -I/usr/include -I/home/tr16/COAWST_3.7/MCT_LIB/include -I/home/tr16/COAWST_3.7//WRF/main -I/home/tr16/COAWST_3.7//WRF/external/esmf_time_f90 -I/home/tr16/COAWST_3.7//WRF/frame -I/home/tr16/COAWST_3.7//WRF/share u2dbc_im.f90
cd ./Build_roms; /opt/ohpc/pub/apps/openmpi-4.0.2/bin/mpif90 -c -frepack-arrays -O3 -ffast-math -O3 -ftree-vectorize -funroll-loops -w -ffree-form -ffree-line-length-none -frecord-marker=4 -fconvert=big-endian -I/usr/include -I/home/tr16/COAWST_3.7/MCT_LIB/include -I/home/tr16/COAWST_3.7//WRF/main -I/home/tr16/COAWST_3.7//WRF/external/esmf_time_f90 -I/home/tr16/COAWST_3.7//WRF/frame -I/home/tr16/COAWST_3.7//WRF/share v2dbc_im.f90
cd ./Build_roms; /opt/ohpc/pub/apps/openmpi-4.0.2/bin/mpif90 -c -frepack-arrays -O3 -ffast-math -O3 -ftree-vectorize -funroll-loops -w -ffree-form -ffree-line-length-none -frecord-marker=4 -fconvert=big-endian -I/usr/include -I/home/tr16/COAWST_3.7/MCT_LIB/include -I/home/tr16/COAWST_3.7//WRF/main -I/home/tr16/COAWST_3.7//WRF/external/esmf_time_f90 -I/home/tr16/COAWST_3.7//WRF/frame -I/home/tr16/COAWST_3.7//WRF/share get_bounds.f90
cd ./Build_roms; /opt/ohpc/pub/apps/openmpi-4.0.2/bin/mpif90 -c -frepack-arrays -O3 -ffast-math -O3 -ftree-vectorize -funroll-loops -w -ffree-form -ffree-line-length-none -frecord-marker=4 -fconvert=big-endian -I/usr/include -I/home/tr16/COAWST_3.7/MCT_LIB/include -I/home/tr16/COAWST_3.7//WRF/main -I/home/tr16/COAWST_3.7//WRF/external/esmf_time_f90 -I/home/tr16/COAWST_3.7//WRF/frame -I/home/tr16/COAWST_3.7//WRF/share ntimestep.f90
cd ./Build_roms; /opt/ohpc/pub/apps/openmpi-4.0.2/bin/mpif90 -c -frepack-arrays -O3 -ffast-math -O3 -ftree-vectorize -funroll-loops -w -ffree-form -ffree-line-length-none -frecord-marker=4 -fconvert=big-endian -I/usr/include -I/home/tr16/COAWST_3.7/MCT_LIB/include -I/home/tr16/COAWST_3.7//WRF/main -I/home/tr16/COAWST_3.7//WRF/external/esmf_time_f90 -I/home/tr16/COAWST_3.7//WRF/frame -I/home/tr16/COAWST_3.7//WRF/share gls_prestep.f90
cd ./Build_roms; /opt/ohpc/pub/apps/openmpi-4.0.2/bin/mpif90 -c -frepack-arrays -O3 -ffast-math -O3 -ftree-vectorize -funroll-loops -w -ffree-form -ffree-line-length-none -frecord-marker=4 -fconvert=big-endian -I/usr/include -I/home/tr16/COAWST_3.7/MCT_LIB/include -I/home/tr16/COAWST_3.7//WRF/main -I/home/tr16/COAWST_3.7//WRF/external/esmf_time_f90 -I/home/tr16/COAWST_3.7//WRF/frame -I/home/tr16/COAWST_3.7//WRF/share my25_prestep.f90
cd ./Build_roms; /opt/ohpc/pub/apps/openmpi-4.0.2/bin/mpif90 -c -frepack-arrays -O3 -ffast-math -O3 -ftree-vectorize -funroll-loops -w -ffree-form -ffree-line-length-none -frecord-marker=4 -fconvert=big-endian -I/usr/include -I/home/tr16/COAWST_3.7/MCT_LIB/include -I/home/tr16/COAWST_3.7//WRF/main -I/home/tr16/COAWST_3.7//WRF/external/esmf_time_f90 -I/home/tr16/COAWST_3.7//WRF/frame -I/home/tr16/COAWST_3.7//WRF/share my25_corstep.f90
cd ./Build_roms; /opt/ohpc/pub/apps/openmpi-4.0.2/bin/mpif90 -c -frepack-arrays -O3 -ffast-math -O3 -ftree-vectorize -funroll-loops -w -ffree-form -ffree-line-length-none -frecord-marker=4 -fconvert=big-endian -I/usr/include -I/home/tr16/COAWST_3.7/MCT_LIB/include -I/home/tr16/COAWST_3.7//WRF/main -I/home/tr16/COAWST_3.7//WRF/external/esmf_time_f90 -I/home/tr16/COAWST_3.7//WRF/frame -I/home/tr16/COAWST_3.7//WRF/share lmd_bkpp.f90
cd ./Build_roms; /opt/ohpc/pub/apps/openmpi-4.0.2/bin/mpif90 -c -frepack-arrays -O3 -ffast-math -O3 -ftree-vectorize -funroll-loops -w -ffree-form -ffree-line-length-none -frecord-marker=4 -fconvert=big-endian -I/usr/include -I/home/tr16/COAWST_3.7/MCT_LIB/include -I/home/tr16/COAWST_3.7//WRF/main -I/home/tr16/COAWST_3.7//WRF/external/esmf_time_f90 -I/home/tr16/COAWST_3.7//WRF/frame -I/home/tr16/COAWST_3.7//WRF/share lmd_skpp.f90
cd ./Build_roms; /opt/ohpc/pub/apps/openmpi-4.0.2/bin/mpif90 -c -frepack-arrays -O3 -ffast-math -O3 -ftree-vectorize -funroll-loops -w -ffree-form -ffree-line-length-none -frecord-marker=4 -fconvert=big-endian -I/usr/include -I/home/tr16/COAWST_3.7/MCT_LIB/include -I/home/tr16/COAWST_3.7//WRF/main -I/home/tr16/COAWST_3.7//WRF/external/esmf_time_f90 -I/home/tr16/COAWST_3.7//WRF/frame -I/home/tr16/COAWST_3.7//WRF/share conv_2d.f90
cd ./Build_roms; /opt/ohpc/pub/apps/openmpi-4.0.2/bin/mpif90 -c -frepack-arrays -O3 -ffast-math -O3 -ftree-vectorize -funroll-loops -w -ffree-form -ffree-line-length-none -frecord-marker=4 -fconvert=big-endian -I/usr/include -I/home/tr16/COAWST_3.7/MCT_LIB/include -I/home/tr16/COAWST_3.7//WRF/main -I/home/tr16/COAWST_3.7//WRF/external/esmf_time_f90 -I/home/tr16/COAWST_3.7//WRF/frame -I/home/tr16/COAWST_3.7//WRF/share bbl.f90
cd ./Build_roms; /opt/ohpc/pub/apps/openmpi-4.0.2/bin/mpif90 -c -frepack-arrays -O3 -ffast-math -O3 -ftree-vectorize -funroll-loops -w -ffree-form -ffree-line-length-none -frecord-marker=4 -fconvert=big-endian -I/usr/include -I/home/tr16/COAWST_3.7/MCT_LIB/include -I/home/tr16/COAWST_3.7//WRF/main -I/home/tr16/COAWST_3.7//WRF/external/esmf_time_f90 -I/home/tr16/COAWST_3.7//WRF/frame -I/home/tr16/COAWST_3.7//WRF/share marsh_wave_thrust.f90
cd ./Build_roms; /opt/ohpc/pub/apps/openmpi-4.0.2/bin/mpif90 -c -frepack-arrays -O3 -ffast-math -O3 -ftree-vectorize -funroll-loops -w -ffree-form -ffree-line-length-none -frecord-marker=4 -fconvert=big-endian -I/usr/include -I/home/tr16/COAWST_3.7/MCT_LIB/include -I/home/tr16/COAWST_3.7//WRF/main -I/home/tr16/COAWST_3.7//WRF/external/esmf_time_f90 -I/home/tr16/COAWST_3.7//WRF/frame -I/home/tr16/COAWST_3.7//WRF/share set_vbc.f90
cd ./Build_roms; /opt/ohpc/pub/apps/openmpi-4.0.2/bin/mpif90 -c -frepack-arrays -O3 -ffast-math -O3 -ftree-vectorize -funroll-loops -w -ffree-form -ffree-line-length-none -frecord-marker=4 -fconvert=big-endian -I/usr/include -I/home/tr16/COAWST_3.7/MCT_LIB/include -I/home/tr16/COAWST_3.7//WRF/main -I/home/tr16/COAWST_3.7//WRF/external/esmf_time_f90 -I/home/tr16/COAWST_3.7//WRF/frame -I/home/tr16/COAWST_3.7//WRF/share wec_dissip.f90
cd ./Build_roms; /opt/ohpc/pub/apps/openmpi-4.0.2/bin/mpif90 -c -frepack-arrays -O3 -ffast-math -O3 -ftree-vectorize -funroll-loops -w -ffree-form -ffree-line-length-none -frecord-marker=4 -fconvert=big-endian -I/usr/include -I/home/tr16/COAWST_3.7/MCT_LIB/include -I/home/tr16/COAWST_3.7//WRF/main -I/home/tr16/COAWST_3.7//WRF/external/esmf_time_f90 -I/home/tr16/COAWST_3.7//WRF/frame -I/home/tr16/COAWST_3.7//WRF/share wec_roller.f90
cd ./Build_roms; /opt/ohpc/pub/apps/openmpi-4.0.2/bin/mpif90 -c -frepack-arrays -O3 -ffast-math -O3 -ftree-vectorize -funroll-loops -w -ffree-form -ffree-line-length-none -frecord-marker=4 -fconvert=big-endian -I/usr/include -I/home/tr16/COAWST_3.7/MCT_LIB/include -I/home/tr16/COAWST_3.7//WRF/main -I/home/tr16/COAWST_3.7//WRF/external/esmf_time_f90 -I/home/tr16/COAWST_3.7//WRF/frame -I/home/tr16/COAWST_3.7//WRF/share conv_3d.f90
cd ./Build_roms; /opt/ohpc/pub/apps/openmpi-4.0.2/bin/mpif90 -c -frepack-arrays -O3 -ffast-math -O3 -ftree-vectorize -funroll-loops -w -ffree-form -ffree-line-length-none -frecord-marker=4 -fconvert=big-endian -I/usr/include -I/home/tr16/COAWST_3.7/MCT_LIB/include -I/home/tr16/COAWST_3.7//WRF/main -I/home/tr16/COAWST_3.7//WRF/external/esmf_time_f90 -I/home/tr16/COAWST_3.7//WRF/frame -I/home/tr16/COAWST_3.7//WRF/share wvelocity.f90
cd ./Build_roms; /opt/ohpc/pub/apps/openmpi-4.0.2/bin/mpif90 -c -frepack-arrays -O3 -ffast-math -O3 -ftree-vectorize -funroll-loops -w -ffree-form -ffree-line-length-none -frecord-marker=4 -fconvert=big-endian -I/usr/include -I/home/tr16/COAWST_3.7/MCT_LIB/include -I/home/tr16/COAWST_3.7//WRF/main -I/home/tr16/COAWST_3.7//WRF/external/esmf_time_f90 -I/home/tr16/COAWST_3.7//WRF/frame -I/home/tr16/COAWST_3.7//WRF/share -ffree-form -ffree-line-length-none biology.f90
cd ./Build_roms; /opt/ohpc/pub/apps/openmpi-4.0.2/bin/mpif90 -c -frepack-arrays -O3 -ffast-math -O3 -ftree-vectorize -funroll-loops -w -ffree-form -ffree-line-length-none -frecord-marker=4 -fconvert=big-endian -I/usr/include -I/home/tr16/COAWST_3.7/MCT_LIB/include -I/home/tr16/COAWST_3.7//WRF/main -I/home/tr16/COAWST_3.7//WRF/external/esmf_time_f90 -I/home/tr16/COAWST_3.7//WRF/frame -I/home/tr16/COAWST_3.7//WRF/share vegetation_drag.f90
cd ./Build_roms; /opt/ohpc/pub/apps/openmpi-4.0.2/bin/mpif90 -c -frepack-arrays -O3 -ffast-math -O3 -ftree-vectorize -funroll-loops -w -ffree-form -ffree-line-length-none -frecord-marker=4 -fconvert=big-endian -I/usr/include -I/home/tr16/COAWST_3.7/MCT_LIB/include -I/home/tr16/COAWST_3.7//WRF/main -I/home/tr16/COAWST_3.7//WRF/external/esmf_time_f90 -I/home/tr16/COAWST_3.7//WRF/frame -I/home/tr16/COAWST_3.7//WRF/share lmd_vmix.f90
cd ./Build_roms; /opt/ohpc/pub/apps/openmpi-4.0.2/bin/mpif90 -c -frepack-arrays -O3 -ffast-math -O3 -ftree-vectorize -funroll-loops -w -ffree-form -ffree-line-length-none -frecord-marker=4 -fconvert=big-endian -I/usr/include -I/home/tr16/COAWST_3.7/MCT_LIB/include -I/home/tr16/COAWST_3.7//WRF/main -I/home/tr16/COAWST_3.7//WRF/external/esmf_time_f90 -I/home/tr16/COAWST_3.7//WRF/frame -I/home/tr16/COAWST_3.7//WRF/share marsh_sed_erosion.f90
cd ./Build_roms; /opt/ohpc/pub/apps/openmpi-4.0.2/bin/mpif90 -c -frepack-arrays -O3 -ffast-math -O3 -ftree-vectorize -funroll-loops -w -ffree-form -ffree-line-length-none -frecord-marker=4 -fconvert=big-endian -I/usr/include -I/home/tr16/COAWST_3.7/MCT_LIB/include -I/home/tr16/COAWST_3.7//WRF/main -I/home/tr16/COAWST_3.7//WRF/external/esmf_time_f90 -I/home/tr16/COAWST_3.7//WRF/frame -I/home/tr16/COAWST_3.7//WRF/share marsh_tidal_range_calc.f90
cd ./Build_roms; /opt/ohpc/pub/apps/openmpi-4.0.2/bin/mpif90 -c -frepack-arrays -O3 -ffast-math -O3 -ftree-vectorize -funroll-loops -w -ffree-form -ffree-line-length-none -frecord-marker=4 -fconvert=big-endian -I/usr/include -I/home/tr16/COAWST_3.7/MCT_LIB/include -I/home/tr16/COAWST_3.7//WRF/main -I/home/tr16/COAWST_3.7//WRF/external/esmf_time_f90 -I/home/tr16/COAWST_3.7//WRF/frame -I/home/tr16/COAWST_3.7//WRF/share marsh_vert_growth.f90
cd ./Build_roms; /opt/ohpc/pub/apps/openmpi-4.0.2/bin/mpif90 -c -frepack-arrays -O3 -ffast-math -O3 -ftree-vectorize -funroll-loops -w -ffree-form -ffree-line-length-none -frecord-marker=4 -fconvert=big-endian -I/usr/include -I/home/tr16/COAWST_3.7/MCT_LIB/include -I/home/tr16/COAWST_3.7//WRF/main -I/home/tr16/COAWST_3.7//WRF/external/esmf_time_f90 -I/home/tr16/COAWST_3.7//WRF/frame -I/home/tr16/COAWST_3.7//WRF/share radiation_stress.f90
cd ./Build_roms; /opt/ohpc/pub/apps/openmpi-4.0.2/bin/mpif90 -c -frepack-arrays -O3 -ffast-math -O3 -ftree-vectorize -funroll-loops -w -ffree-form -ffree-line-length-none -frecord-marker=4 -fconvert=big-endian -I/usr/include -I/home/tr16/COAWST_3.7/MCT_LIB/include -I/home/tr16/COAWST_3.7//WRF/main -I/home/tr16/COAWST_3.7//WRF/external/esmf_time_f90 -I/home/tr16/COAWST_3.7//WRF/frame -I/home/tr16/COAWST_3.7//WRF/share wec_streaming.f90
cd ./Build_roms; /opt/ohpc/pub/apps/openmpi-4.0.2/bin/mpif90 -c -frepack-arrays -O3 -ffast-math -O3 -ftree-vectorize -funroll-loops -w -ffree-form -ffree-line-length-none -frecord-marker=4 -fconvert=big-endian -I/usr/include -I/home/tr16/COAWST_3.7/MCT_LIB/include -I/home/tr16/COAWST_3.7//WRF/main -I/home/tr16/COAWST_3.7//WRF/external/esmf_time_f90 -I/home/tr16/COAWST_3.7//WRF/frame -I/home/tr16/COAWST_3.7//WRF/share wec_vf.f90
cd ./Build_roms; /opt/ohpc/pub/apps/openmpi-4.0.2/bin/mpif90 -c -frepack-arrays -O3 -ffast-math -O3 -ftree-vectorize -funroll-loops -w -ffree-form -ffree-line-length-none -frecord-marker=4 -fconvert=big-endian -I/usr/include -I/home/tr16/COAWST_3.7/MCT_LIB/include -I/home/tr16/COAWST_3.7//WRF/main -I/home/tr16/COAWST_3.7//WRF/external/esmf_time_f90 -I/home/tr16/COAWST_3.7//WRF/frame -I/home/tr16/COAWST_3.7//WRF/share sed_bed.f90
cd ./Build_roms; /opt/ohpc/pub/apps/openmpi-4.0.2/bin/mpif90 -c -frepack-arrays -O3 -ffast-math -O3 -ftree-vectorize -funroll-loops -w -ffree-form -ffree-line-length-none -frecord-marker=4 -fconvert=big-endian -I/usr/include -I/home/tr16/COAWST_3.7/MCT_LIB/include -I/home/tr16/COAWST_3.7//WRF/main -I/home/tr16/COAWST_3.7//WRF/external/esmf_time_f90 -I/home/tr16/COAWST_3.7//WRF/frame -I/home/tr16/COAWST_3.7//WRF/share sed_bed2.f90
cd ./Build_roms; /opt/ohpc/pub/apps/openmpi-4.0.2/bin/mpif90 -c -frepack-arrays -O3 -ffast-math -O3 -ftree-vectorize -funroll-loops -w -ffree-form -ffree-line-length-none -frecord-marker=4 -fconvert=big-endian -I/usr/include -I/home/tr16/COAWST_3.7/MCT_LIB/include -I/home/tr16/COAWST_3.7//WRF/main -I/home/tr16/COAWST_3.7//WRF/external/esmf_time_f90 -I/home/tr16/COAWST_3.7//WRF/frame -I/home/tr16/COAWST_3.7//WRF/share sed_bed_cohesive.f90
cd ./Build_roms; /opt/ohpc/pub/apps/openmpi-4.0.2/bin/mpif90 -c -frepack-arrays -O3 -ffast-math -O3 -ftree-vectorize -funroll-loops -w -ffree-form -ffree-line-length-none -frecord-marker=4 -fconvert=big-endian -I/usr/include -I/home/tr16/COAWST_3.7/MCT_LIB/include -I/home/tr16/COAWST_3.7//WRF/main -I/home/tr16/COAWST_3.7//WRF/external/esmf_time_f90 -I/home/tr16/COAWST_3.7//WRF/frame -I/home/tr16/COAWST_3.7//WRF/share sed_bedload.f90
cd ./Build_roms; /opt/ohpc/pub/apps/openmpi-4.0.2/bin/mpif90 -c -frepack-arrays -O3 -ffast-math -O3 -ftree-vectorize -funroll-loops -w -ffree-form -ffree-line-length-none -frecord-marker=4 -fconvert=big-endian -I/usr/include -I/home/tr16/COAWST_3.7/MCT_LIB/include -I/home/tr16/COAWST_3.7//WRF/main -I/home/tr16/COAWST_3.7//WRF/external/esmf_time_f90 -I/home/tr16/COAWST_3.7//WRF/frame -I/home/tr16/COAWST_3.7//WRF/share sed_bedload_vandera.f90
cd ./Build_roms; /opt/ohpc/pub/apps/openmpi-4.0.2/bin/mpif90 -c -frepack-arrays -O3 -ffast-math -O3 -ftree-vectorize -funroll-loops -w -ffree-form -ffree-line-length-none -frecord-marker=4 -fconvert=big-endian -I/usr/include -I/home/tr16/COAWST_3.7/MCT_LIB/include -I/home/tr16/COAWST_3.7//WRF/main -I/home/tr16/COAWST_3.7//WRF/external/esmf_time_f90 -I/home/tr16/COAWST_3.7//WRF/frame -I/home/tr16/COAWST_3.7//WRF/share sed_biodiff.f90
cd ./Build_roms; /opt/ohpc/pub/apps/openmpi-4.0.2/bin/mpif90 -c -frepack-arrays -O3 -ffast-math -O3 -ftree-vectorize -funroll-loops -w -ffree-form -ffree-line-length-none -frecord-marker=4 -fconvert=big-endian -I/usr/include -I/home/tr16/COAWST_3.7/MCT_LIB/include -I/home/tr16/COAWST_3.7//WRF/main -I/home/tr16/COAWST_3.7//WRF/external/esmf_time_f90 -I/home/tr16/COAWST_3.7//WRF/frame -I/home/tr16/COAWST_3.7//WRF/share sed_surface.f90
cd ./Build_roms; /opt/ohpc/pub/apps/openmpi-4.0.2/bin/mpif90 -c -frepack-arrays -O3 -ffast-math -O3 -ftree-vectorize -funroll-loops -w -ffree-form -ffree-line-length-none -frecord-marker=4 -fconvert=big-endian -I/usr/include -I/home/tr16/COAWST_3.7/MCT_LIB/include -I/home/tr16/COAWST_3.7//WRF/main -I/home/tr16/COAWST_3.7//WRF/external/esmf_time_f90 -I/home/tr16/COAWST_3.7//WRF/frame -I/home/tr16/COAWST_3.7//WRF/share sedtr_decay.f90
cd ./Build_roms; /opt/ohpc/pub/apps/openmpi-4.0.2/bin/mpif90 -c -frepack-arrays -O3 -ffast-math -O3 -ftree-vectorize -funroll-loops -w -ffree-form -ffree-line-length-none -frecord-marker=4 -fconvert=big-endian -I/usr/include -I/home/tr16/COAWST_3.7/MCT_LIB/include -I/home/tr16/COAWST_3.7//WRF/main -I/home/tr16/COAWST_3.7//WRF/external/esmf_time_f90 -I/home/tr16/COAWST_3.7//WRF/frame -I/home/tr16/COAWST_3.7//WRF/share sedtr_reactions_pom.f90
cd ./Build_roms; /opt/ohpc/pub/apps/openmpi-4.0.2/bin/mpif90 -c -frepack-arrays -O3 -ffast-math -O3 -ftree-vectorize -funroll-loops -w -ffree-form -ffree-line-length-none -frecord-marker=4 -fconvert=big-endian -I/usr/include -I/home/tr16/COAWST_3.7/MCT_LIB/include -I/home/tr16/COAWST_3.7//WRF/main -I/home/tr16/COAWST_3.7//WRF/external/esmf_time_f90 -I/home/tr16/COAWST_3.7//WRF/frame -I/home/tr16/COAWST_3.7//WRF/share wec_stokes.f90
cd ./Build_roms; /opt/ohpc/pub/apps/openmpi-4.0.2/bin/mpif90 -c -frepack-arrays -O3 -ffast-math -O3 -ftree-vectorize -funroll-loops -w -ffree-form -ffree-line-length-none -frecord-marker=4 -fconvert=big-endian -I/usr/include -I/home/tr16/COAWST_3.7/MCT_LIB/include -I/home/tr16/COAWST_3.7//WRF/main -I/home/tr16/COAWST_3.7//WRF/external/esmf_time_f90 -I/home/tr16/COAWST_3.7//WRF/frame -I/home/tr16/COAWST_3.7//WRF/share wstvelocity.f90
cd ./Build_roms; /opt/ohpc/pub/apps/openmpi-4.0.2/bin/mpif90 -c -frepack-arrays -O3 -ffast-math -O3 -ftree-vectorize -funroll-loops -w -ffree-form -ffree-line-length-none -frecord-marker=4 -fconvert=big-endian -I/usr/include -I/home/tr16/COAWST_3.7/MCT_LIB/include -I/home/tr16/COAWST_3.7//WRF/main -I/home/tr16/COAWST_3.7//WRF/external/esmf_time_f90 -I/home/tr16/COAWST_3.7//WRF/frame -I/home/tr16/COAWST_3.7//WRF/share sedtr_reactions_sed_decay.f90
cd ./Build_roms; /opt/ohpc/pub/apps/openmpi-4.0.2/bin/mpif90 -c -frepack-arrays -O3 -ffast-math -O3 -ftree-vectorize -funroll-loops -w -ffree-form -ffree-line-length-none -frecord-marker=4 -fconvert=big-endian -I/usr/include -I/home/tr16/COAWST_3.7/MCT_LIB/include -I/home/tr16/COAWST_3.7//WRF/main -I/home/tr16/COAWST_3.7//WRF/external/esmf_time_f90 -I/home/tr16/COAWST_3.7//WRF/frame -I/home/tr16/COAWST_3.7//WRF/share set_diags.f90
cd ./Build_roms; /opt/ohpc/pub/apps/openmpi-4.0.2/bin/mpif90 -c -frepack-arrays -O3 -ffast-math -O3 -ftree-vectorize -funroll-loops -w -ffree-form -ffree-line-length-none -frecord-marker=4 -fconvert=big-endian -I/usr/include -I/home/tr16/COAWST_3.7/MCT_LIB/include -I/home/tr16/COAWST_3.7//WRF/main -I/home/tr16/COAWST_3.7//WRF/external/esmf_time_f90 -I/home/tr16/COAWST_3.7//WRF/frame -I/home/tr16/COAWST_3.7//WRF/share vegetation_turb_cal.f90
ar -r Build_roms/libNLM_bio.a Build_roms/biology.o Build_roms/biology_floats.o
cd ./Build_roms; /opt/ohpc/pub/apps/openmpi-4.0.2/bin/mpif90 -c -frepack-arrays -O3 -ffast-math -O3 -ftree-vectorize -funroll-loops -w -ffree-form -ffree-line-length-none -frecord-marker=4 -fconvert=big-endian -I/usr/include -I/home/tr16/COAWST_3.7/MCT_LIB/include -I/home/tr16/COAWST_3.7//WRF/main -I/home/tr16/COAWST_3.7//WRF/external/esmf_time_f90 -I/home/tr16/COAWST_3.7//WRF/frame -I/home/tr16/COAWST_3.7//WRF/share marsh_dynamics.f90
ar: creating Build_roms/libNLM_bio.a
ranlib Build_roms/libNLM_bio.a
cd ./Build_roms; /opt/ohpc/pub/apps/openmpi-4.0.2/bin/mpif90 -c -frepack-arrays -O3 -ffast-math -O3 -ftree-vectorize -funroll-loops -w -ffree-form -ffree-line-length-none -frecord-marker=4 -fconvert=big-endian -I/usr/include -I/home/tr16/COAWST_3.7/MCT_LIB/include -I/home/tr16/COAWST_3.7//WRF/main -I/home/tr16/COAWST_3.7//WRF/external/esmf_time_f90 -I/home/tr16/COAWST_3.7//WRF/frame -I/home/tr16/COAWST_3.7//WRF/share sediment.f90
cd ./Build_roms; /opt/ohpc/pub/apps/openmpi-4.0.2/bin/mpif90 -c -frepack-arrays -O3 -ffast-math -O3 -ftree-vectorize -funroll-loops -w -ffree-form -ffree-line-length-none -frecord-marker=4 -fconvert=big-endian -I/usr/include -I/home/tr16/COAWST_3.7/MCT_LIB/include -I/home/tr16/COAWST_3.7//WRF/main -I/home/tr16/COAWST_3.7//WRF/external/esmf_time_f90 -I/home/tr16/COAWST_3.7//WRF/frame -I/home/tr16/COAWST_3.7//WRF/share gls_corstep.f90
ar -r Build_roms/libNLM_veg.a Build_roms/vegetation_turb_cal.o Build_roms/marsh_vert_growth.o Build_roms/marsh_dynamics.o Build_roms/marsh_tidal_range_calc.o Build_roms/marsh_wave_thrust.o Build_roms/marsh_sed_erosion.o Build_roms/vegetation_stream.o Build_roms/vegetation_biomass.o Build_roms/vegetation_drag.o
ar: creating Build_roms/libNLM_veg.a
ar -r Build_roms/libNLM_sed.a Build_roms/sediment.o Build_roms/sed_bedload_vandera.o Build_roms/sed_bedload.o Build_roms/sedtr_decay.o Build_roms/sed_fluxes.o Build_roms/sed_surface.o Build_roms/sed_settling.o Build_roms/sed_biodiff.o Build_roms/sed_flocs.o Build_roms/mod_vandera_funcs.o Build_roms/sedtr_reactions_sed_decay.o Build_roms/sed_bed_cohesive.o Build_roms/sedtr_reactions_pom.o Build_roms/sed_bed2.o Build_roms/sed_bed.o
ranlib Build_roms/libNLM_veg.a
ar: creating Build_roms/libNLM_sed.a
ranlib Build_roms/libNLM_sed.a
cd ./Build_roms; /opt/ohpc/pub/apps/openmpi-4.0.2/bin/mpif90 -c -frepack-arrays -O3 -ffast-math -O3 -ftree-vectorize -funroll-loops -w -ffree-form -ffree-line-length-none -frecord-marker=4 -fconvert=big-endian -I/usr/include -I/home/tr16/COAWST_3.7/MCT_LIB/include -I/home/tr16/COAWST_3.7//WRF/main -I/home/tr16/COAWST_3.7//WRF/external/esmf_time_f90 -I/home/tr16/COAWST_3.7//WRF/frame -I/home/tr16/COAWST_3.7//WRF/share ini_fields.f90
cd ./Build_roms; /opt/ohpc/pub/apps/openmpi-4.0.2/bin/mpif90 -c -frepack-arrays -O3 -ffast-math -O3 -ftree-vectorize -funroll-loops -w -ffree-form -ffree-line-length-none -frecord-marker=4 -fconvert=big-endian -I/usr/include -I/home/tr16/COAWST_3.7/MCT_LIB/include -I/home/tr16/COAWST_3.7//WRF/main -I/home/tr16/COAWST_3.7//WRF/external/esmf_time_f90 -I/home/tr16/COAWST_3.7//WRF/frame -I/home/tr16/COAWST_3.7//WRF/share vwalk_floats.f90
cd ./Build_roms; /opt/ohpc/pub/apps/openmpi-4.0.2/bin/mpif90 -c -frepack-arrays -O3 -ffast-math -O3 -ftree-vectorize -funroll-loops -w -ffree-form -ffree-line-length-none -frecord-marker=4 -fconvert=big-endian -I/usr/include -I/home/tr16/COAWST_3.7/MCT_LIB/include -I/home/tr16/COAWST_3.7//WRF/main -I/home/tr16/COAWST_3.7//WRF/external/esmf_time_f90 -I/home/tr16/COAWST_3.7//WRF/frame -I/home/tr16/COAWST_3.7//WRF/share strings.f90
cd ./Build_roms; /opt/ohpc/pub/apps/openmpi-4.0.2/bin/mpif90 -c -frepack-arrays -O3 -ffast-math -O3 -ftree-vectorize -funroll-loops -w -ffree-form -ffree-line-length-none -frecord-marker=4 -fconvert=big-endian -I/usr/include -I/home/tr16/COAWST_3.7/MCT_LIB/include -I/home/tr16/COAWST_3.7//WRF/main -I/home/tr16/COAWST_3.7//WRF/external/esmf_time_f90 -I/home/tr16/COAWST_3.7//WRF/frame -I/home/tr16/COAWST_3.7//WRF/share -ffree-form -ffree-line-length-none stats.f90
cd ./Build_roms; /opt/ohpc/pub/apps/openmpi-4.0.2/bin/mpif90 -c -frepack-arrays -O3 -ffast-math -O3 -ftree-vectorize -funroll-loops -w -ffree-form -ffree-line-length-none -frecord-marker=4 -fconvert=big-endian -I/usr/include -I/home/tr16/COAWST_3.7/MCT_LIB/include -I/home/tr16/COAWST_3.7//WRF/main -I/home/tr16/COAWST_3.7//WRF/external/esmf_time_f90 -I/home/tr16/COAWST_3.7//WRF/frame -I/home/tr16/COAWST_3.7//WRF/share ocean_coupler.f90
cd ./Build_roms; /opt/ohpc/pub/apps/openmpi-4.0.2/bin/mpif90 -c -frepack-arrays -O3 -ffast-math -O3 -ftree-vectorize -funroll-loops -w -ffree-form -ffree-line-length-none -frecord-marker=4 -fconvert=big-endian -I/usr/include -I/home/tr16/COAWST_3.7/MCT_LIB/include -I/home/tr16/COAWST_3.7//WRF/main -I/home/tr16/COAWST_3.7//WRF/external/esmf_time_f90 -I/home/tr16/COAWST_3.7//WRF/frame -I/home/tr16/COAWST_3.7//WRF/share obc_volcons.f90
cd ./Build_roms; /opt/ohpc/pub/apps/openmpi-4.0.2/bin/mpif90 -c -frepack-arrays -O3 -ffast-math -O3 -ftree-vectorize -funroll-loops -w -ffree-form -ffree-line-length-none -frecord-marker=4 -fconvert=big-endian -I/usr/include -I/home/tr16/COAWST_3.7/MCT_LIB/include -I/home/tr16/COAWST_3.7//WRF/main -I/home/tr16/COAWST_3.7//WRF/external/esmf_time_f90 -I/home/tr16/COAWST_3.7//WRF/frame -I/home/tr16/COAWST_3.7//WRF/share stiffness.f90
cd ./Build_roms; /opt/ohpc/pub/apps/openmpi-4.0.2/bin/mpif90 -c -frepack-arrays -O3 -ffast-math -O3 -ftree-vectorize -funroll-loops -w -ffree-form -ffree-line-length-none -frecord-marker=4 -fconvert=big-endian -I/usr/include -I/home/tr16/COAWST_3.7/MCT_LIB/include -I/home/tr16/COAWST_3.7//WRF/main -I/home/tr16/COAWST_3.7//WRF/external/esmf_time_f90 -I/home/tr16/COAWST_3.7//WRF/frame -I/home/tr16/COAWST_3.7//WRF/share wpoints.f90
cd ./Build_roms; /opt/ohpc/pub/apps/openmpi-4.0.2/bin/mpif90 -c -frepack-arrays -O3 -ffast-math -O3 -ftree-vectorize -funroll-loops -w -ffree-form -ffree-line-length-none -frecord-marker=4 -fconvert=big-endian -I/usr/include -I/home/tr16/COAWST_3.7/MCT_LIB/include -I/home/tr16/COAWST_3.7//WRF/main -I/home/tr16/COAWST_3.7//WRF/external/esmf_time_f90 -I/home/tr16/COAWST_3.7//WRF/frame -I/home/tr16/COAWST_3.7//WRF/share white_noise.f90
cd ./Build_roms; /opt/ohpc/pub/apps/openmpi-4.0.2/bin/mpif90 -c -frepack-arrays -O3 -ffast-math -O3 -ftree-vectorize -funroll-loops -w -ffree-form -ffree-line-length-none -frecord-marker=4 -fconvert=big-endian -I/usr/include -I/home/tr16/COAWST_3.7/MCT_LIB/include -I/home/tr16/COAWST_3.7//WRF/main -I/home/tr16/COAWST_3.7//WRF/external/esmf_time_f90 -I/home/tr16/COAWST_3.7//WRF/frame -I/home/tr16/COAWST_3.7//WRF/share state_dotprod.f90
cd ./Build_roms; /opt/ohpc/pub/apps/openmpi-4.0.2/bin/mpif90 -c -frepack-arrays -O3 -ffast-math -O3 -ftree-vectorize -funroll-loops -w -ffree-form -ffree-line-length-none -frecord-marker=4 -fconvert=big-endian -I/usr/include -I/home/tr16/COAWST_3.7/MCT_LIB/include -I/home/tr16/COAWST_3.7//WRF/main -I/home/tr16/COAWST_3.7//WRF/external/esmf_time_f90 -I/home/tr16/COAWST_3.7//WRF/frame -I/home/tr16/COAWST_3.7//WRF/share state_product.f90
cd ./Build_roms; /opt/ohpc/pub/apps/openmpi-4.0.2/bin/mpif90 -c -frepack-arrays -O3 -ffast-math -O3 -ftree-vectorize -funroll-loops -w -ffree-form -ffree-line-length-none -frecord-marker=4 -fconvert=big-endian -I/usr/include -I/home/tr16/COAWST_3.7/MCT_LIB/include -I/home/tr16/COAWST_3.7//WRF/main -I/home/tr16/COAWST_3.7//WRF/external/esmf_time_f90 -I/home/tr16/COAWST_3.7//WRF/frame -I/home/tr16/COAWST_3.7//WRF/share extract_sta.f90
cd ./Build_roms; /opt/ohpc/pub/apps/openmpi-4.0.2/bin/mpif90 -c -frepack-arrays -O3 -ffast-math -O3 -ftree-vectorize -funroll-loops -w -ffree-form -ffree-line-length-none -frecord-marker=4 -fconvert=big-endian -I/usr/include -I/home/tr16/COAWST_3.7/MCT_LIB/include -I/home/tr16/COAWST_3.7//WRF/main -I/home/tr16/COAWST_3.7//WRF/external/esmf_time_f90 -I/home/tr16/COAWST_3.7//WRF/frame -I/home/tr16/COAWST_3.7//WRF/share grid_coords.f90
cd ./Build_roms; /opt/ohpc/pub/apps/openmpi-4.0.2/bin/mpif90 -c -frepack-arrays -O3 -ffast-math -O3 -ftree-vectorize -funroll-loops -w -ffree-form -ffree-line-length-none -frecord-marker=4 -fconvert=big-endian -I/usr/include -I/home/tr16/COAWST_3.7/MCT_LIB/include -I/home/tr16/COAWST_3.7//WRF/main -I/home/tr16/COAWST_3.7//WRF/external/esmf_time_f90 -I/home/tr16/COAWST_3.7//WRF/frame -I/home/tr16/COAWST_3.7//WRF/share roms_import.f90
cd ./Build_roms; /opt/ohpc/pub/apps/openmpi-4.0.2/bin/mpif90 -c -frepack-arrays -O3 -ffast-math -O3 -ftree-vectorize -funroll-loops -w -ffree-form -ffree-line-length-none -frecord-marker=4 -fconvert=big-endian -I/usr/include -I/home/tr16/COAWST_3.7/MCT_LIB/include -I/home/tr16/COAWST_3.7//WRF/main -I/home/tr16/COAWST_3.7//WRF/external/esmf_time_f90 -I/home/tr16/COAWST_3.7//WRF/frame -I/home/tr16/COAWST_3.7//WRF/share roms_export.f90
cd ./Build_roms; /opt/ohpc/pub/apps/openmpi-4.0.2/bin/mpif90 -c -frepack-arrays -O3 -ffast-math -O3 -ftree-vectorize -funroll-loops -w -ffree-form -ffree-line-length-none -frecord-marker=4 -fconvert=big-endian -I/usr/include -I/home/tr16/COAWST_3.7/MCT_LIB/include -I/home/tr16/COAWST_3.7//WRF/main -I/home/tr16/COAWST_3.7//WRF/external/esmf_time_f90 -I/home/tr16/COAWST_3.7//WRF/frame -I/home/tr16/COAWST_3.7//WRF/share step_floats.f90
cd ./Build_roms; /opt/ohpc/pub/apps/openmpi-4.0.2/bin/mpif90 -c -frepack-arrays -O3 -ffast-math -O3 -ftree-vectorize -funroll-loops -w -ffree-form -ffree-line-length-none -frecord-marker=4 -fconvert=big-endian -I/usr/include -I/home/tr16/COAWST_3.7/MCT_LIB/include -I/home/tr16/COAWST_3.7//WRF/main -I/home/tr16/COAWST_3.7//WRF/external/esmf_time_f90 -I/home/tr16/COAWST_3.7//WRF/frame -I/home/tr16/COAWST_3.7//WRF/share mod_netcdf.f90
cd ./Build_roms; /opt/ohpc/pub/apps/openmpi-4.0.2/bin/mpif90 -c -frepack-arrays -O3 -ffast-math -O3 -ftree-vectorize -funroll-loops -w -ffree-form -ffree-line-length-none -frecord-marker=4 -fconvert=big-endian -I/usr/include -I/home/tr16/COAWST_3.7/MCT_LIB/include -I/home/tr16/COAWST_3.7//WRF/main -I/home/tr16/COAWST_3.7//WRF/external/esmf_time_f90 -I/home/tr16/COAWST_3.7//WRF/frame -I/home/tr16/COAWST_3.7//WRF/share nesting.f90
cd ./Build_roms; /opt/ohpc/pub/apps/openmpi-4.0.2/bin/mpif90 -c -frepack-arrays -O3 -ffast-math -O3 -ftree-vectorize -funroll-loops -w -ffree-form -ffree-line-length-none -frecord-marker=4 -fconvert=big-endian -I/usr/include -I/home/tr16/COAWST_3.7/MCT_LIB/include -I/home/tr16/COAWST_3.7//WRF/main -I/home/tr16/COAWST_3.7//WRF/external/esmf_time_f90 -I/home/tr16/COAWST_3.7//WRF/frame -I/home/tr16/COAWST_3.7//WRF/share get_hash.f90
cd ./Build_roms; /opt/ohpc/pub/apps/openmpi-4.0.2/bin/mpif90 -c -frepack-arrays -O3 -ffast-math -O3 -ftree-vectorize -funroll-loops -w -ffree-form -ffree-line-length-none -frecord-marker=4 -fconvert=big-endian -I/usr/include -I/home/tr16/COAWST_3.7/MCT_LIB/include -I/home/tr16/COAWST_3.7//WRF/main -I/home/tr16/COAWST_3.7//WRF/external/esmf_time_f90 -I/home/tr16/COAWST_3.7//WRF/frame -I/home/tr16/COAWST_3.7//WRF/share checkdefs.f90
cd ./Build_roms; /opt/ohpc/pub/apps/openmpi-4.0.2/bin/mpif90 -c -frepack-arrays -O3 -ffast-math -O3 -ftree-vectorize -funroll-loops -w -ffree-form -ffree-line-length-none -frecord-marker=4 -fconvert=big-endian -I/usr/include -I/home/tr16/COAWST_3.7/MCT_LIB/include -I/home/tr16/COAWST_3.7//WRF/main -I/home/tr16/COAWST_3.7//WRF/external/esmf_time_f90 -I/home/tr16/COAWST_3.7//WRF/frame -I/home/tr16/COAWST_3.7//WRF/share regrid.f90
cd ./Build_roms; /opt/ohpc/pub/apps/openmpi-4.0.2/bin/mpif90 -c -frepack-arrays -O3 -ffast-math -O3 -ftree-vectorize -funroll-loops -w -ffree-form -ffree-line-length-none -frecord-marker=4 -fconvert=big-endian -I/usr/include -I/home/tr16/COAWST_3.7/MCT_LIB/include -I/home/tr16/COAWST_3.7//WRF/main -I/home/tr16/COAWST_3.7//WRF/external/esmf_time_f90 -I/home/tr16/COAWST_3.7//WRF/frame -I/home/tr16/COAWST_3.7//WRF/share checkadj.f90
cd ./Build_roms; /opt/ohpc/pub/apps/openmpi-4.0.2/bin/mpif90 -c -frepack-arrays -O3 -ffast-math -O3 -ftree-vectorize -funroll-loops -w -ffree-form -ffree-line-length-none -frecord-marker=4 -fconvert=big-endian -I/usr/include -I/home/tr16/COAWST_3.7/MCT_LIB/include -I/home/tr16/COAWST_3.7//WRF/main -I/home/tr16/COAWST_3.7//WRF/external/esmf_time_f90 -I/home/tr16/COAWST_3.7//WRF/frame -I/home/tr16/COAWST_3.7//WRF/share timers.f90
cd ./Build_roms; /opt/ohpc/pub/apps/openmpi-4.0.2/bin/mpif90 -c -frepack-arrays -O3 -ffast-math -O3 -ftree-vectorize -funroll-loops -w -ffree-form -ffree-line-length-none -frecord-marker=4 -fconvert=big-endian -I/usr/include -I/home/tr16/COAWST_3.7/MCT_LIB/include -I/home/tr16/COAWST_3.7//WRF/main -I/home/tr16/COAWST_3.7//WRF/external/esmf_time_f90 -I/home/tr16/COAWST_3.7//WRF/frame -I/home/tr16/COAWST_3.7//WRF/share vorticity.f90
ar -r Build_roms/libSWAN.a Build_roms/swancom4.o Build_roms/SwanReadGrid.o Build_roms/SwanSumOverNodes.o Build_roms/SwanCrossObstacle.o Build_roms/SwanFindObstacles.o Build_roms/ocpmix.o Build_roms/SwanVertlist.o Build_roms/swanmain.o Build_roms/serv_xnl4v5.o Build_roms/swpoint.o Build_roms/SwanMaxOverNodes.o Build_roms/swancom5.o Build_roms/SwanReadEasymeshGrid.o Build_roms/SwanBpntlist.o Build_roms/waves_control.o Build_roms/swancom1.o Build_roms/SwanInitCompGrid.o Build_roms/SwanInterpolateOutput.o Build_roms/agioncmd.o Build_roms/SwanGSECorr.o Build_roms/SwanPrepComp.o Build_roms/SwanPropvelS.o Build_roms/SwanCheckGrid.o Build_roms/SwanGriddata.o Build_roms/SwanCompUnstruc.o Build_roms/SwanConvAccur.o Build_roms/swmod2.o Build_roms/SwanGridCell.o Build_roms/SwanDiffPar.o Build_roms/swanpre1.o Build_roms/swancom2.o Build_roms/SwanGridVert.o Build_roms/ocpids.o Build_roms/swanout1.o Build_roms/SwanPointinMesh.o Build_roms/SwanInterpolatePoint.o Build_roms/swan_iounits.o Build_roms/swanhcat.o Build_roms/SwanCreateEdges.o Build_roms/SwanThreadBounds.o Build_roms/SdsBabanin.o Build_roms/mod_xnl4v5.o Build_roms/swanout2.o Build_roms/HottifySWAN.o Build_roms/SwanTranspX.o Build_roms/SwanReadADCGrid.o Build_roms/SwanBndStruc.o Build_roms/SwanComputeForce.o Build_roms/SwanGradDepthorK.o Build_roms/swanpre2.o Build_roms/nctablemd.o Build_roms/mod_swan_kinds.o Build_roms/ocpcre.o Build_roms/SwanIntgratSpc.o Build_roms/SwanGridobjects.o Build_roms/SwanReadTriangleGrid.o Build_roms/SwanTranspAc.o Build_roms/SwanPropvelX.o Build_roms/SwanGridTopology.o Build_roms/SwanDispParm.o Build_roms/swancom3.o Build_roms/SwanSpectPart.o Build_roms/m_fileio.o Build_roms/SwanGradVel.o Build_roms/swmod1.o Build_roms/waves_coupler.o Build_roms/couple2adcirc.o Build_roms/SwanConvStopc.o Build_roms/swanser.o Build_roms/SwanPrintGridInfo.o Build_roms/SwanPunCollect.o Build_roms/SwanSweepSel.o Build_roms/SwanMinOverNodes.o Build_roms/SwanFindPoint.o Build_roms/SwanGridFace.o Build_roms/swan2coh.o Build_roms/SwanCompdata.o Build_roms/SwanReadfort18.o Build_roms/swanparll.o Build_roms/m_constants.o Build_roms/swanpre3.o Build_roms/SwanInterpolateAc.o Build_roms/swn_outnc.o
ar: creating Build_roms/libSWAN.a
ranlib Build_roms/libSWAN.a
ar -r Build_roms/libNLM_wec.a Build_roms/wec_stokes.o Build_roms/us2dbc_im.o Build_roms/wstvelocity.o Build_roms/wec_roller.o Build_roms/vs3dbc_im.o Build_roms/us3dbc_im.o Build_roms/wec_streaming.o Build_roms/wec_wave_mix.o Build_roms/radiation_stress.o Build_roms/wec_vf.o Build_roms/wec_dissip.o Build_roms/vs2dbc_im.o
ar: creating Build_roms/libNLM_wec.a
ranlib Build_roms/libNLM_wec.a
cd ./Build_roms; /opt/ohpc/pub/apps/openmpi-4.0.2/bin/mpif90 -c -frepack-arrays -O3 -ffast-math -O3 -ftree-vectorize -funroll-loops -w -ffree-form -ffree-line-length-none -frecord-marker=4 -fconvert=big-endian -I/usr/include -I/home/tr16/COAWST_3.7/MCT_LIB/include -I/home/tr16/COAWST_3.7//WRF/main -I/home/tr16/COAWST_3.7//WRF/external/esmf_time_f90 -I/home/tr16/COAWST_3.7//WRF/frame -I/home/tr16/COAWST_3.7//WRF/share mod_tides.f90
cd ./Build_roms; /opt/ohpc/pub/apps/openmpi-4.0.2/bin/mpif90 -c -frepack-arrays -O3 -ffast-math -O3 -ftree-vectorize -funroll-loops -w -ffree-form -ffree-line-length-none -frecord-marker=4 -fconvert=big-endian -I/usr/include -I/home/tr16/COAWST_3.7/MCT_LIB/include -I/home/tr16/COAWST_3.7//WRF/main -I/home/tr16/COAWST_3.7//WRF/external/esmf_time_f90 -I/home/tr16/COAWST_3.7//WRF/frame -I/home/tr16/COAWST_3.7//WRF/share -ffree-form -ffree-line-length-none mod_sources.f90
cd ./Build_roms; /opt/ohpc/pub/apps/openmpi-4.0.2/bin/mpif90 -c -frepack-arrays -O3 -ffast-math -O3 -ftree-vectorize -funroll-loops -w -ffree-form -ffree-line-length-none -frecord-marker=4 -fconvert=big-endian -I/usr/include -I/home/tr16/COAWST_3.7/MCT_LIB/include -I/home/tr16/COAWST_3.7//WRF/main -I/home/tr16/COAWST_3.7//WRF/external/esmf_time_f90 -I/home/tr16/COAWST_3.7//WRF/frame -I/home/tr16/COAWST_3.7//WRF/share mod_fourdvar.f90
cd ./Build_roms; /opt/ohpc/pub/apps/openmpi-4.0.2/bin/mpif90 -c -frepack-arrays -O3 -ffast-math -O3 -ftree-vectorize -funroll-loops -w -ffree-form -ffree-line-length-none -frecord-marker=4 -fconvert=big-endian -I/usr/include -I/home/tr16/COAWST_3.7/MCT_LIB/include -I/home/tr16/COAWST_3.7//WRF/main -I/home/tr16/COAWST_3.7//WRF/external/esmf_time_f90 -I/home/tr16/COAWST_3.7//WRF/frame -I/home/tr16/COAWST_3.7//WRF/share nf_fread3d.f90
cd ./Build_roms; /opt/ohpc/pub/apps/openmpi-4.0.2/bin/mpif90 -c -frepack-arrays -O3 -ffast-math -O3 -ftree-vectorize -funroll-loops -w -ffree-form -ffree-line-length-none -frecord-marker=4 -fconvert=big-endian -I/usr/include -I/home/tr16/COAWST_3.7/MCT_LIB/include -I/home/tr16/COAWST_3.7//WRF/main -I/home/tr16/COAWST_3.7//WRF/external/esmf_time_f90 -I/home/tr16/COAWST_3.7//WRF/frame -I/home/tr16/COAWST_3.7//WRF/share nf_fread4d.f90
cd ./Build_roms; /opt/ohpc/pub/apps/openmpi-4.0.2/bin/mpif90 -c -frepack-arrays -O3 -ffast-math -O3 -ftree-vectorize -funroll-loops -w -ffree-form -ffree-line-length-none -frecord-marker=4 -fconvert=big-endian -I/usr/include -I/home/tr16/COAWST_3.7/MCT_LIB/include -I/home/tr16/COAWST_3.7//WRF/main -I/home/tr16/COAWST_3.7//WRF/external/esmf_time_f90 -I/home/tr16/COAWST_3.7//WRF/frame -I/home/tr16/COAWST_3.7//WRF/share nf_fwrite2d.f90
cd ./Build_roms; /opt/ohpc/pub/apps/openmpi-4.0.2/bin/mpif90 -c -frepack-arrays -O3 -ffast-math -O3 -ftree-vectorize -funroll-loops -w -ffree-form -ffree-line-length-none -frecord-marker=4 -fconvert=big-endian -I/usr/include -I/home/tr16/COAWST_3.7/MCT_LIB/include -I/home/tr16/COAWST_3.7//WRF/main -I/home/tr16/COAWST_3.7//WRF/external/esmf_time_f90 -I/home/tr16/COAWST_3.7//WRF/frame -I/home/tr16/COAWST_3.7//WRF/share nf_fwrite3d.f90
cd ./Build_roms; /opt/ohpc/pub/apps/openmpi-4.0.2/bin/mpif90 -c -frepack-arrays -O3 -ffast-math -O3 -ftree-vectorize -funroll-loops -w -ffree-form -ffree-line-length-none -frecord-marker=4 -fconvert=big-endian -I/usr/include -I/home/tr16/COAWST_3.7/MCT_LIB/include -I/home/tr16/COAWST_3.7//WRF/main -I/home/tr16/COAWST_3.7//WRF/external/esmf_time_f90 -I/home/tr16/COAWST_3.7//WRF/frame -I/home/tr16/COAWST_3.7//WRF/share nf_fread2d.f90
cd ./Build_roms; /opt/ohpc/pub/apps/openmpi-4.0.2/bin/mpif90 -c -frepack-arrays -O3 -ffast-math -O3 -ftree-vectorize -funroll-loops -w -ffree-form -ffree-line-length-none -frecord-marker=4 -fconvert=big-endian -I/usr/include -I/home/tr16/COAWST_3.7/MCT_LIB/include -I/home/tr16/COAWST_3.7//WRF/main -I/home/tr16/COAWST_3.7//WRF/external/esmf_time_f90 -I/home/tr16/COAWST_3.7//WRF/frame -I/home/tr16/COAWST_3.7//WRF/share -fno-bounds-check def_var.f90
cd ./Build_roms; /opt/ohpc/pub/apps/openmpi-4.0.2/bin/mpif90 -c -frepack-arrays -O3 -ffast-math -O3 -ftree-vectorize -funroll-loops -w -ffree-form -ffree-line-length-none -frecord-marker=4 -fconvert=big-endian -I/usr/include -I/home/tr16/COAWST_3.7/MCT_LIB/include -I/home/tr16/COAWST_3.7//WRF/main -I/home/tr16/COAWST_3.7//WRF/external/esmf_time_f90 -I/home/tr16/COAWST_3.7//WRF/frame -I/home/tr16/COAWST_3.7//WRF/share wrt_gst.f90
cd ./Build_roms; /opt/ohpc/pub/apps/openmpi-4.0.2/bin/mpif90 -c -frepack-arrays -O3 -ffast-math -O3 -ftree-vectorize -funroll-loops -w -ffree-form -ffree-line-length-none -frecord-marker=4 -fconvert=big-endian -I/usr/include -I/home/tr16/COAWST_3.7/MCT_LIB/include -I/home/tr16/COAWST_3.7//WRF/main -I/home/tr16/COAWST_3.7//WRF/external/esmf_time_f90 -I/home/tr16/COAWST_3.7//WRF/frame -I/home/tr16/COAWST_3.7//WRF/share nf_fwrite2d_bry.f90
cd ./Build_roms; /opt/ohpc/pub/apps/openmpi-4.0.2/bin/mpif90 -c -frepack-arrays -O3 -ffast-math -O3 -ftree-vectorize -funroll-loops -w -ffree-form -ffree-line-length-none -frecord-marker=4 -fconvert=big-endian -I/usr/include -I/home/tr16/COAWST_3.7/MCT_LIB/include -I/home/tr16/COAWST_3.7//WRF/main -I/home/tr16/COAWST_3.7//WRF/external/esmf_time_f90 -I/home/tr16/COAWST_3.7//WRF/frame -I/home/tr16/COAWST_3.7//WRF/share nf_fwrite3d_bry.f90
cd ./Build_roms; /opt/ohpc/pub/apps/openmpi-4.0.2/bin/mpif90 -c -frepack-arrays -O3 -ffast-math -O3 -ftree-vectorize -funroll-loops -w -ffree-form -ffree-line-length-none -frecord-marker=4 -fconvert=big-endian -I/usr/include -I/home/tr16/COAWST_3.7/MCT_LIB/include -I/home/tr16/COAWST_3.7//WRF/main -I/home/tr16/COAWST_3.7//WRF/external/esmf_time_f90 -I/home/tr16/COAWST_3.7//WRF/frame -I/home/tr16/COAWST_3.7//WRF/share inp_decode.f90
cd ./Build_roms; /opt/ohpc/pub/apps/openmpi-4.0.2/bin/mpif90 -c -frepack-arrays -O3 -ffast-math -O3 -ftree-vectorize -funroll-loops -w -ffree-form -ffree-line-length-none -frecord-marker=4 -fconvert=big-endian -I/usr/include -I/home/tr16/COAWST_3.7/MCT_LIB/include -I/home/tr16/COAWST_3.7//WRF/main -I/home/tr16/COAWST_3.7//WRF/external/esmf_time_f90 -I/home/tr16/COAWST_3.7//WRF/frame -I/home/tr16/COAWST_3.7//WRF/share nf_fread2d_bry.f90
cd ./Build_roms; /opt/ohpc/pub/apps/openmpi-4.0.2/bin/mpif90 -c -frepack-arrays -O3 -ffast-math -O3 -ftree-vectorize -funroll-loops -w -ffree-form -ffree-line-length-none -frecord-marker=4 -fconvert=big-endian -I/usr/include -I/home/tr16/COAWST_3.7/MCT_LIB/include -I/home/tr16/COAWST_3.7//WRF/main -I/home/tr16/COAWST_3.7//WRF/external/esmf_time_f90 -I/home/tr16/COAWST_3.7//WRF/frame -I/home/tr16/COAWST_3.7//WRF/share nf_fread3d_bry.f90
cd ./Build_roms; /opt/ohpc/pub/apps/openmpi-4.0.2/bin/mpif90 -c -frepack-arrays -O3 -ffast-math -O3 -ftree-vectorize -funroll-loops -w -ffree-form -ffree-line-length-none -frecord-marker=4 -fconvert=big-endian -I/usr/include -I/home/tr16/COAWST_3.7/MCT_LIB/include -I/home/tr16/COAWST_3.7//WRF/main -I/home/tr16/COAWST_3.7//WRF/external/esmf_time_f90 -I/home/tr16/COAWST_3.7//WRF/frame -I/home/tr16/COAWST_3.7//WRF/share wrt_floats.f90
cd ./Build_roms; /opt/ohpc/pub/apps/openmpi-4.0.2/bin/mpif90 -c -frepack-arrays -O3 -ffast-math -O3 -ftree-vectorize -funroll-loops -w -ffree-form -ffree-line-length-none -frecord-marker=4 -fconvert=big-endian -I/usr/include -I/home/tr16/COAWST_3.7/MCT_LIB/include -I/home/tr16/COAWST_3.7//WRF/main -I/home/tr16/COAWST_3.7//WRF/external/esmf_time_f90 -I/home/tr16/COAWST_3.7//WRF/frame -I/home/tr16/COAWST_3.7//WRF/share get_cycle.f90
cd ./Build_roms; /opt/ohpc/pub/apps/openmpi-4.0.2/bin/mpif90 -c -frepack-arrays -O3 -ffast-math -O3 -ftree-vectorize -funroll-loops -w -ffree-form -ffree-line-length-none -frecord-marker=4 -fconvert=big-endian -I/usr/include -I/home/tr16/COAWST_3.7/MCT_LIB/include -I/home/tr16/COAWST_3.7//WRF/main -I/home/tr16/COAWST_3.7//WRF/external/esmf_time_f90 -I/home/tr16/COAWST_3.7//WRF/frame -I/home/tr16/COAWST_3.7//WRF/share memory.f90
cd ./Build_roms; /opt/ohpc/pub/apps/openmpi-4.0.2/bin/mpif90 -c -frepack-arrays -O3 -ffast-math -O3 -ftree-vectorize -funroll-loops -w -ffree-form -ffree-line-length-none -frecord-marker=4 -fconvert=big-endian -I/usr/include -I/home/tr16/COAWST_3.7/MCT_LIB/include -I/home/tr16/COAWST_3.7//WRF/main -I/home/tr16/COAWST_3.7//WRF/external/esmf_time_f90 -I/home/tr16/COAWST_3.7//WRF/frame -I/home/tr16/COAWST_3.7//WRF/share tides_date.f90
cd ./Build_roms; /opt/ohpc/pub/apps/openmpi-4.0.2/bin/mpif90 -c -frepack-arrays -O3 -ffast-math -O3 -ftree-vectorize -funroll-loops -w -ffree-form -ffree-line-length-none -frecord-marker=4 -fconvert=big-endian -I/usr/include -I/home/tr16/COAWST_3.7/MCT_LIB/include -I/home/tr16/COAWST_3.7//WRF/main -I/home/tr16/COAWST_3.7//WRF/external/esmf_time_f90 -I/home/tr16/COAWST_3.7//WRF/frame -I/home/tr16/COAWST_3.7//WRF/share get_ngfld.f90
cd ./Build_roms; /opt/ohpc/pub/apps/openmpi-4.0.2/bin/mpif90 -c -frepack-arrays -O3 -ffast-math -O3 -ftree-vectorize -funroll-loops -w -ffree-form -ffree-line-length-none -frecord-marker=4 -fconvert=big-endian -I/usr/include -I/home/tr16/COAWST_3.7/MCT_LIB/include -I/home/tr16/COAWST_3.7//WRF/main -I/home/tr16/COAWST_3.7//WRF/external/esmf_time_f90 -I/home/tr16/COAWST_3.7//WRF/frame -I/home/tr16/COAWST_3.7//WRF/share nf_fwrite4d.f90
cd ./Build_roms; /opt/ohpc/pub/apps/openmpi-4.0.2/bin/mpif90 -c -frepack-arrays -O3 -ffast-math -O3 -ftree-vectorize -funroll-loops -w -ffree-form -ffree-line-length-none -frecord-marker=4 -fconvert=big-endian -I/usr/include -I/home/tr16/COAWST_3.7/MCT_LIB/include -I/home/tr16/COAWST_3.7//WRF/main -I/home/tr16/COAWST_3.7//WRF/external/esmf_time_f90 -I/home/tr16/COAWST_3.7//WRF/frame -I/home/tr16/COAWST_3.7//WRF/share tadv.f90
cd ./Build_roms; /opt/ohpc/pub/apps/openmpi-4.0.2/bin/mpif90 -c -frepack-arrays -O3 -ffast-math -O3 -ftree-vectorize -funroll-loops -w -ffree-form -ffree-line-length-none -frecord-marker=4 -fconvert=big-endian -I/usr/include -I/home/tr16/COAWST_3.7/MCT_LIB/include -I/home/tr16/COAWST_3.7//WRF/main -I/home/tr16/COAWST_3.7//WRF/external/esmf_time_f90 -I/home/tr16/COAWST_3.7//WRF/frame -I/home/tr16/COAWST_3.7//WRF/share get_gst.f90
cd ./Build_roms; /opt/ohpc/pub/apps/openmpi-4.0.2/bin/mpif90 -c -frepack-arrays -O3 -ffast-math -O3 -ftree-vectorize -funroll-loops -w -ffree-form -ffree-line-length-none -frecord-marker=4 -fconvert=big-endian -I/usr/include -I/home/tr16/COAWST_3.7/MCT_LIB/include -I/home/tr16/COAWST_3.7//WRF/main -I/home/tr16/COAWST_3.7//WRF/external/esmf_time_f90 -I/home/tr16/COAWST_3.7//WRF/frame -I/home/tr16/COAWST_3.7//WRF/share lbc.f90
cd ./Build_roms; /opt/ohpc/pub/apps/openmpi-4.0.2/bin/mpif90 -c -frepack-arrays -O3 -ffast-math -O3 -ftree-vectorize -funroll-loops -w -ffree-form -ffree-line-length-none -frecord-marker=4 -fconvert=big-endian -I/usr/include -I/home/tr16/COAWST_3.7/MCT_LIB/include -I/home/tr16/COAWST_3.7//WRF/main -I/home/tr16/COAWST_3.7//WRF/external/esmf_time_f90 -I/home/tr16/COAWST_3.7//WRF/frame -I/home/tr16/COAWST_3.7//WRF/share set_contact.f90
cd ./Build_roms; /opt/ohpc/pub/apps/openmpi-4.0.2/bin/mpif90 -c -frepack-arrays -O3 -ffast-math -O3 -ftree-vectorize -funroll-loops -w -ffree-form -ffree-line-length-none -frecord-marker=4 -fconvert=big-endian -I/usr/include -I/home/tr16/COAWST_3.7/MCT_LIB/include -I/home/tr16/COAWST_3.7//WRF/main -I/home/tr16/COAWST_3.7//WRF/external/esmf_time_f90 -I/home/tr16/COAWST_3.7//WRF/frame -I/home/tr16/COAWST_3.7//WRF/share edit_multifile.f90
cd ./Build_roms; /opt/ohpc/pub/apps/openmpi-4.0.2/bin/mpif90 -c -frepack-arrays -O3 -ffast-math -O3 -ftree-vectorize -funroll-loops -w -ffree-form -ffree-line-length-none -frecord-marker=4 -fconvert=big-endian -I/usr/include -I/home/tr16/COAWST_3.7/MCT_LIB/include -I/home/tr16/COAWST_3.7//WRF/main -I/home/tr16/COAWST_3.7//WRF/external/esmf_time_f90 -I/home/tr16/COAWST_3.7//WRF/frame -I/home/tr16/COAWST_3.7//WRF/share def_dim.f90
cd ./Build_roms; /opt/ohpc/pub/apps/openmpi-4.0.2/bin/mpif90 -c -frepack-arrays -O3 -ffast-math -O3 -ftree-vectorize -funroll-loops -w -ffree-form -ffree-line-length-none -frecord-marker=4 -fconvert=big-endian -I/usr/include -I/home/tr16/COAWST_3.7/MCT_LIB/include -I/home/tr16/COAWST_3.7//WRF/main -I/home/tr16/COAWST_3.7//WRF/external/esmf_time_f90 -I/home/tr16/COAWST_3.7//WRF/frame -I/home/tr16/COAWST_3.7//WRF/share get_varcoords.f90
cd ./Build_roms; /opt/ohpc/pub/apps/openmpi-4.0.2/bin/mpif90 -c -frepack-arrays -O3 -ffast-math -O3 -ftree-vectorize -funroll-loops -w -ffree-form -ffree-line-length-none -frecord-marker=4 -fconvert=big-endian -I/usr/include -I/home/tr16/COAWST_3.7/MCT_LIB/include -I/home/tr16/COAWST_3.7//WRF/main -I/home/tr16/COAWST_3.7//WRF/external/esmf_time_f90 -I/home/tr16/COAWST_3.7//WRF/frame -I/home/tr16/COAWST_3.7//WRF/share checkvars.f90
cd ./Build_roms; /opt/ohpc/pub/apps/openmpi-4.0.2/bin/mpif90 -c -frepack-arrays -O3 -ffast-math -O3 -ftree-vectorize -funroll-loops -w -ffree-form -ffree-line-length-none -frecord-marker=4 -fconvert=big-endian -I/usr/include -I/home/tr16/COAWST_3.7/MCT_LIB/include -I/home/tr16/COAWST_3.7//WRF/main -I/home/tr16/COAWST_3.7//WRF/external/esmf_time_f90 -I/home/tr16/COAWST_3.7//WRF/frame -I/home/tr16/COAWST_3.7//WRF/share get_ngfldr.f90
cd ./Build_roms; /opt/ohpc/pub/apps/openmpi-4.0.2/bin/mpif90 -c -frepack-arrays -O3 -ffast-math -O3 -ftree-vectorize -funroll-loops -w -ffree-form -ffree-line-length-none -frecord-marker=4 -fconvert=big-endian -I/usr/include -I/home/tr16/COAWST_3.7/MCT_LIB/include -I/home/tr16/COAWST_3.7//WRF/main -I/home/tr16/COAWST_3.7//WRF/external/esmf_time_f90 -I/home/tr16/COAWST_3.7//WRF/frame -I/home/tr16/COAWST_3.7//WRF/share close_io.f90
cd ./Build_roms; /opt/ohpc/pub/apps/openmpi-4.0.2/bin/mpif90 -c -frepack-arrays -O3 -ffast-math -O3 -ftree-vectorize -funroll-loops -w -ffree-form -ffree-line-length-none -frecord-marker=4 -fconvert=big-endian -I/usr/include -I/home/tr16/COAWST_3.7/MCT_LIB/include -I/home/tr16/COAWST_3.7//WRF/main -I/home/tr16/COAWST_3.7//WRF/external/esmf_time_f90 -I/home/tr16/COAWST_3.7//WRF/frame -I/home/tr16/COAWST_3.7//WRF/share check_multifile.f90
cd ./Build_roms; /opt/ohpc/pub/apps/openmpi-4.0.2/bin/mpif90 -c -frepack-arrays -O3 -ffast-math -O3 -ftree-vectorize -funroll-loops -w -ffree-form -ffree-line-length-none -frecord-marker=4 -fconvert=big-endian -I/usr/include -I/home/tr16/COAWST_3.7/MCT_LIB/include -I/home/tr16/COAWST_3.7//WRF/main -I/home/tr16/COAWST_3.7//WRF/external/esmf_time_f90 -I/home/tr16/COAWST_3.7//WRF/frame -I/home/tr16/COAWST_3.7//WRF/share wrt_station.f90
cd ./Build_roms; /opt/ohpc/pub/apps/openmpi-4.0.2/bin/mpif90 -c -frepack-arrays -O3 -ffast-math -O3 -ftree-vectorize -funroll-loops -w -ffree-form -ffree-line-length-none -frecord-marker=4 -fconvert=big-endian -I/usr/include -I/home/tr16/COAWST_3.7/MCT_LIB/include -I/home/tr16/COAWST_3.7//WRF/main -I/home/tr16/COAWST_3.7//WRF/external/esmf_time_f90 -I/home/tr16/COAWST_3.7//WRF/frame -I/home/tr16/COAWST_3.7//WRF/share obs_depth.f90
cd ./Build_roms; /opt/ohpc/pub/apps/openmpi-4.0.2/bin/mpif90 -c -frepack-arrays -O3 -ffast-math -O3 -ftree-vectorize -funroll-loops -w -ffree-form -ffree-line-length-none -frecord-marker=4 -fconvert=big-endian -I/usr/include -I/home/tr16/COAWST_3.7/MCT_LIB/include -I/home/tr16/COAWST_3.7//WRF/main -I/home/tr16/COAWST_3.7//WRF/external/esmf_time_f90 -I/home/tr16/COAWST_3.7//WRF/frame -I/home/tr16/COAWST_3.7//WRF/share inquiry.f90
cd ./Build_roms; /opt/ohpc/pub/apps/openmpi-4.0.2/bin/mpif90 -c -frepack-arrays -O3 -ffast-math -O3 -ftree-vectorize -funroll-loops -w -ffree-form -ffree-line-length-none -frecord-marker=4 -fconvert=big-endian -I/usr/include -I/home/tr16/COAWST_3.7/MCT_LIB/include -I/home/tr16/COAWST_3.7//WRF/main -I/home/tr16/COAWST_3.7//WRF/external/esmf_time_f90 -I/home/tr16/COAWST_3.7//WRF/frame -I/home/tr16/COAWST_3.7//WRF/share obs_cost.f90
cd ./Build_roms; /opt/ohpc/pub/apps/openmpi-4.0.2/bin/mpif90 -c -frepack-arrays -O3 -ffast-math -O3 -ftree-vectorize -funroll-loops -w -ffree-form -ffree-line-length-none -frecord-marker=4 -fconvert=big-endian -I/usr/include -I/home/tr16/COAWST_3.7/MCT_LIB/include -I/home/tr16/COAWST_3.7//WRF/main -I/home/tr16/COAWST_3.7//WRF/external/esmf_time_f90 -I/home/tr16/COAWST_3.7//WRF/frame -I/home/tr16/COAWST_3.7//WRF/share dotproduct.f90
cd ./Build_roms; /opt/ohpc/pub/apps/openmpi-4.0.2/bin/mpif90 -c -frepack-arrays -O3 -ffast-math -O3 -ftree-vectorize -funroll-loops -w -ffree-form -ffree-line-length-none -frecord-marker=4 -fconvert=big-endian -I/usr/include -I/home/tr16/COAWST_3.7/MCT_LIB/include -I/home/tr16/COAWST_3.7//WRF/main -I/home/tr16/COAWST_3.7//WRF/external/esmf_time_f90 -I/home/tr16/COAWST_3.7//WRF/frame -I/home/tr16/COAWST_3.7//WRF/share output.f90
cd ./Build_roms; /opt/ohpc/pub/apps/openmpi-4.0.2/bin/mpif90 -c -frepack-arrays -O3 -ffast-math -O3 -ftree-vectorize -funroll-loops -w -ffree-form -ffree-line-length-none -frecord-marker=4 -fconvert=big-endian -I/usr/include -I/home/tr16/COAWST_3.7/MCT_LIB/include -I/home/tr16/COAWST_3.7//WRF/main -I/home/tr16/COAWST_3.7//WRF/external/esmf_time_f90 -I/home/tr16/COAWST_3.7//WRF/frame -I/home/tr16/COAWST_3.7//WRF/share ini_adjust.f90
cd ./Build_roms; /opt/ohpc/pub/apps/openmpi-4.0.2/bin/mpif90 -c -frepack-arrays -O3 -ffast-math -O3 -ftree-vectorize -funroll-loops -w -ffree-form -ffree-line-length-none -frecord-marker=4 -fconvert=big-endian -I/usr/include -I/home/tr16/COAWST_3.7/MCT_LIB/include -I/home/tr16/COAWST_3.7//WRF/main -I/home/tr16/COAWST_3.7//WRF/external/esmf_time_f90 -I/home/tr16/COAWST_3.7//WRF/frame -I/home/tr16/COAWST_3.7//WRF/share metrics.f90
cd ./Build_roms; /opt/ohpc/pub/apps/openmpi-4.0.2/bin/mpif90 -c -frepack-arrays -O3 -ffast-math -O3 -ftree-vectorize -funroll-loops -w -ffree-form -ffree-line-length-none -frecord-marker=4 -fconvert=big-endian -I/usr/include -I/home/tr16/COAWST_3.7/MCT_LIB/include -I/home/tr16/COAWST_3.7//WRF/main -I/home/tr16/COAWST_3.7//WRF/external/esmf_time_f90 -I/home/tr16/COAWST_3.7//WRF/frame -I/home/tr16/COAWST_3.7//WRF/share zeta_balance.f90
cd ./Build_roms; /opt/ohpc/pub/apps/openmpi-4.0.2/bin/mpif90 -c -frepack-arrays -O3 -ffast-math -O3 -ftree-vectorize -funroll-loops -w -ffree-form -ffree-line-length-none -frecord-marker=4 -fconvert=big-endian -I/usr/include -I/home/tr16/COAWST_3.7/MCT_LIB/include -I/home/tr16/COAWST_3.7//WRF/main -I/home/tr16/COAWST_3.7//WRF/external/esmf_time_f90 -I/home/tr16/COAWST_3.7//WRF/frame -I/home/tr16/COAWST_3.7//WRF/share congrad.f90
cd ./Build_roms; /opt/ohpc/pub/apps/openmpi-4.0.2/bin/mpif90 -c -frepack-arrays -O3 -ffast-math -O3 -ftree-vectorize -funroll-loops -w -ffree-form -ffree-line-length-none -frecord-marker=4 -fconvert=big-endian -I/usr/include -I/home/tr16/COAWST_3.7/MCT_LIB/include -I/home/tr16/COAWST_3.7//WRF/main -I/home/tr16/COAWST_3.7//WRF/external/esmf_time_f90 -I/home/tr16/COAWST_3.7//WRF/frame -I/home/tr16/COAWST_3.7//WRF/share array_modes.f90
cd ./Build_roms; /opt/ohpc/pub/apps/openmpi-4.0.2/bin/mpif90 -c -frepack-arrays -O3 -ffast-math -O3 -ftree-vectorize -funroll-loops -w -ffree-form -ffree-line-length-none -frecord-marker=4 -fconvert=big-endian -I/usr/include -I/home/tr16/COAWST_3.7/MCT_LIB/include -I/home/tr16/COAWST_3.7//WRF/main -I/home/tr16/COAWST_3.7//WRF/external/esmf_time_f90 -I/home/tr16/COAWST_3.7//WRF/frame -I/home/tr16/COAWST_3.7//WRF/share comp_Jb0.f90
cd ./Build_roms; /opt/ohpc/pub/apps/openmpi-4.0.2/bin/mpif90 -c -frepack-arrays -O3 -ffast-math -O3 -ftree-vectorize -funroll-loops -w -ffree-form -ffree-line-length-none -frecord-marker=4 -fconvert=big-endian -I/usr/include -I/home/tr16/COAWST_3.7/MCT_LIB/include -I/home/tr16/COAWST_3.7//WRF/main -I/home/tr16/COAWST_3.7//WRF/external/esmf_time_f90 -I/home/tr16/COAWST_3.7//WRF/frame -I/home/tr16/COAWST_3.7//WRF/share back_cost.f90
cd ./Build_roms; /opt/ohpc/pub/apps/openmpi-4.0.2/bin/mpif90 -c -frepack-arrays -O3 -ffast-math -O3 -ftree-vectorize -funroll-loops -w -ffree-form -ffree-line-length-none -frecord-marker=4 -fconvert=big-endian -I/usr/include -I/home/tr16/COAWST_3.7/MCT_LIB/include -I/home/tr16/COAWST_3.7//WRF/main -I/home/tr16/COAWST_3.7//WRF/external/esmf_time_f90 -I/home/tr16/COAWST_3.7//WRF/frame -I/home/tr16/COAWST_3.7//WRF/share random_ic.f90
cd ./Build_roms; /opt/ohpc/pub/apps/openmpi-4.0.2/bin/mpif90 -c -frepack-arrays -O3 -ffast-math -O3 -ftree-vectorize -funroll-loops -w -ffree-form -ffree-line-length-none -frecord-marker=4 -fconvert=big-endian -I/usr/include -I/home/tr16/COAWST_3.7/MCT_LIB/include -I/home/tr16/COAWST_3.7//WRF/main -I/home/tr16/COAWST_3.7//WRF/external/esmf_time_f90 -I/home/tr16/COAWST_3.7//WRF/frame -I/home/tr16/COAWST_3.7//WRF/share rpcg_lanczos.f90
cd ./Build_roms; /opt/ohpc/pub/apps/openmpi-4.0.2/bin/mpif90 -c -frepack-arrays -O3 -ffast-math -O3 -ftree-vectorize -funroll-loops -w -ffree-form -ffree-line-length-none -frecord-marker=4 -fconvert=big-endian -I/usr/include -I/home/tr16/COAWST_3.7/MCT_LIB/include -I/home/tr16/COAWST_3.7//WRF/main -I/home/tr16/COAWST_3.7//WRF/external/esmf_time_f90 -I/home/tr16/COAWST_3.7//WRF/frame -I/home/tr16/COAWST_3.7//WRF/share stats_modobs.f90
cd ./Build_roms; /opt/ohpc/pub/apps/openmpi-4.0.2/bin/mpif90 -c -frepack-arrays -O3 -ffast-math -O3 -ftree-vectorize -funroll-loops -w -ffree-form -ffree-line-length-none -frecord-marker=4 -fconvert=big-endian -I/usr/include -I/home/tr16/COAWST_3.7/MCT_LIB/include -I/home/tr16/COAWST_3.7//WRF/main -I/home/tr16/COAWST_3.7//WRF/external/esmf_time_f90 -I/home/tr16/COAWST_3.7//WRF/frame -I/home/tr16/COAWST_3.7//WRF/share obs_read.f90
cd ./Build_roms; /opt/ohpc/pub/apps/openmpi-4.0.2/bin/mpif90 -c -frepack-arrays -O3 -ffast-math -O3 -ftree-vectorize -funroll-loops -w -ffree-form -ffree-line-length-none -frecord-marker=4 -fconvert=big-endian -I/usr/include -I/home/tr16/COAWST_3.7/MCT_LIB/include -I/home/tr16/COAWST_3.7//WRF/main -I/home/tr16/COAWST_3.7//WRF/external/esmf_time_f90 -I/home/tr16/COAWST_3.7//WRF/frame -I/home/tr16/COAWST_3.7//WRF/share extract_obs.f90
cd ./Build_roms; /opt/ohpc/pub/apps/openmpi-4.0.2/bin/mpif90 -c -frepack-arrays -O3 -ffast-math -O3 -ftree-vectorize -funroll-loops -w -ffree-form -ffree-line-length-none -frecord-marker=4 -fconvert=big-endian -I/usr/include -I/home/tr16/COAWST_3.7/MCT_LIB/include -I/home/tr16/COAWST_3.7//WRF/main -I/home/tr16/COAWST_3.7//WRF/external/esmf_time_f90 -I/home/tr16/COAWST_3.7//WRF/frame -I/home/tr16/COAWST_3.7//WRF/share obs_initial.f90
cd ./Build_roms; /opt/ohpc/pub/apps/openmpi-4.0.2/bin/mpif90 -c -frepack-arrays -O3 -ffast-math -O3 -ftree-vectorize -funroll-loops -w -ffree-form -ffree-line-length-none -frecord-marker=4 -fconvert=big-endian -I/usr/include -I/home/tr16/COAWST_3.7/MCT_LIB/include -I/home/tr16/COAWST_3.7//WRF/main -I/home/tr16/COAWST_3.7//WRF/external/esmf_time_f90 -I/home/tr16/COAWST_3.7//WRF/frame -I/home/tr16/COAWST_3.7//WRF/share frc_weak.f90
cd ./Build_roms; /opt/ohpc/pub/apps/openmpi-4.0.2/bin/mpif90 -c -frepack-arrays -O3 -ffast-math -O3 -ftree-vectorize -funroll-loops -w -ffree-form -ffree-line-length-none -frecord-marker=4 -fconvert=big-endian -I/usr/include -I/home/tr16/COAWST_3.7/MCT_LIB/include -I/home/tr16/COAWST_3.7//WRF/main -I/home/tr16/COAWST_3.7//WRF/external/esmf_time_f90 -I/home/tr16/COAWST_3.7//WRF/frame -I/home/tr16/COAWST_3.7//WRF/share rep_matrix.f90
cd ./Build_roms; /opt/ohpc/pub/apps/openmpi-4.0.2/bin/mpif90 -c -frepack-arrays -O3 -ffast-math -O3 -ftree-vectorize -funroll-loops -w -ffree-form -ffree-line-length-none -frecord-marker=4 -fconvert=big-endian -I/usr/include -I/home/tr16/COAWST_3.7/MCT_LIB/include -I/home/tr16/COAWST_3.7//WRF/main -I/home/tr16/COAWST_3.7//WRF/external/esmf_time_f90 -I/home/tr16/COAWST_3.7//WRF/frame -I/home/tr16/COAWST_3.7//WRF/share normalization.f90
cd ./Build_roms; /opt/ohpc/pub/apps/openmpi-4.0.2/bin/mpif90 -c -frepack-arrays -O3 -ffast-math -O3 -ftree-vectorize -funroll-loops -w -ffree-form -ffree-line-length-none -frecord-marker=4 -fconvert=big-endian -I/usr/include -I/home/tr16/COAWST_3.7/MCT_LIB/include -I/home/tr16/COAWST_3.7//WRF/main -I/home/tr16/COAWST_3.7//WRF/external/esmf_time_f90 -I/home/tr16/COAWST_3.7//WRF/frame -I/home/tr16/COAWST_3.7//WRF/share obs_write.f90
cd ./Build_roms; /opt/ohpc/pub/apps/openmpi-4.0.2/bin/mpif90 -c -frepack-arrays -O3 -ffast-math -O3 -ftree-vectorize -funroll-loops -w -ffree-form -ffree-line-length-none -frecord-marker=4 -fconvert=big-endian -I/usr/include -I/home/tr16/COAWST_3.7/MCT_LIB/include -I/home/tr16/COAWST_3.7//WRF/main -I/home/tr16/COAWST_3.7//WRF/external/esmf_time_f90 -I/home/tr16/COAWST_3.7//WRF/frame -I/home/tr16/COAWST_3.7//WRF/share wrt_filt.f90
cd ./Build_roms; /opt/ohpc/pub/apps/openmpi-4.0.2/bin/mpif90 -c -frepack-arrays -O3 -ffast-math -O3 -ftree-vectorize -funroll-loops -w -ffree-form -ffree-line-length-none -frecord-marker=4 -fconvert=big-endian -I/usr/include -I/home/tr16/COAWST_3.7/MCT_LIB/include -I/home/tr16/COAWST_3.7//WRF/main -I/home/tr16/COAWST_3.7//WRF/external/esmf_time_f90 -I/home/tr16/COAWST_3.7//WRF/frame -I/home/tr16/COAWST_3.7//WRF/share wrt_dai.f90
cd ./Build_roms; /opt/ohpc/pub/apps/openmpi-4.0.2/bin/mpif90 -c -frepack-arrays -O3 -ffast-math -O3 -ftree-vectorize -funroll-loops -w -ffree-form -ffree-line-length-none -frecord-marker=4 -fconvert=big-endian -I/usr/include -I/home/tr16/COAWST_3.7/MCT_LIB/include -I/home/tr16/COAWST_3.7//WRF/main -I/home/tr16/COAWST_3.7//WRF/external/esmf_time_f90 -I/home/tr16/COAWST_3.7//WRF/frame -I/home/tr16/COAWST_3.7//WRF/share get_3dfldr.f90
cd ./Build_roms; /opt/ohpc/pub/apps/openmpi-4.0.2/bin/mpif90 -c -frepack-arrays -O3 -ffast-math -O3 -ftree-vectorize -funroll-loops -w -ffree-form -ffree-line-length-none -frecord-marker=4 -fconvert=big-endian -I/usr/include -I/home/tr16/COAWST_3.7/MCT_LIB/include -I/home/tr16/COAWST_3.7//WRF/main -I/home/tr16/COAWST_3.7//WRF/external/esmf_time_f90 -I/home/tr16/COAWST_3.7//WRF/frame -I/home/tr16/COAWST_3.7//WRF/share wrt_aug_imp.f90
cd ./Build_roms; /opt/ohpc/pub/apps/openmpi-4.0.2/bin/mpif90 -c -frepack-arrays -O3 -ffast-math -O3 -ftree-vectorize -funroll-loops -w -ffree-form -ffree-line-length-none -frecord-marker=4 -fconvert=big-endian -I/usr/include -I/home/tr16/COAWST_3.7/MCT_LIB/include -I/home/tr16/COAWST_3.7//WRF/main -I/home/tr16/COAWST_3.7//WRF/external/esmf_time_f90 -I/home/tr16/COAWST_3.7//WRF/frame -I/home/tr16/COAWST_3.7//WRF/share get_3dfld.f90
cd ./Build_roms; /opt/ohpc/pub/apps/openmpi-4.0.2/bin/mpif90 -c -frepack-arrays -O3 -ffast-math -O3 -ftree-vectorize -funroll-loops -w -ffree-form -ffree-line-length-none -frecord-marker=4 -fconvert=big-endian -I/usr/include -I/home/tr16/COAWST_3.7/MCT_LIB/include -I/home/tr16/COAWST_3.7//WRF/main -I/home/tr16/COAWST_3.7//WRF/external/esmf_time_f90 -I/home/tr16/COAWST_3.7//WRF/frame -I/home/tr16/COAWST_3.7//WRF/share wrt_diags.f90
cd ./Build_roms; /opt/ohpc/pub/apps/openmpi-4.0.2/bin/mpif90 -c -frepack-arrays -O3 -ffast-math -O3 -ftree-vectorize -funroll-loops -w -ffree-form -ffree-line-length-none -frecord-marker=4 -fconvert=big-endian -I/usr/include -I/home/tr16/COAWST_3.7/MCT_LIB/include -I/home/tr16/COAWST_3.7//WRF/main -I/home/tr16/COAWST_3.7//WRF/external/esmf_time_f90 -I/home/tr16/COAWST_3.7//WRF/frame -I/home/tr16/COAWST_3.7//WRF/share wrt_rst.f90
cd ./Build_roms; /opt/ohpc/pub/apps/openmpi-4.0.2/bin/mpif90 -c -frepack-arrays -O3 -ffast-math -O3 -ftree-vectorize -funroll-loops -w -ffree-form -ffree-line-length-none -frecord-marker=4 -fconvert=big-endian -I/usr/include -I/home/tr16/COAWST_3.7/MCT_LIB/include -I/home/tr16/COAWST_3.7//WRF/main -I/home/tr16/COAWST_3.7//WRF/external/esmf_time_f90 -I/home/tr16/COAWST_3.7//WRF/frame -I/home/tr16/COAWST_3.7//WRF/share wrt_hessian.f90
cd ./Build_roms; /opt/ohpc/pub/apps/openmpi-4.0.2/bin/mpif90 -c -frepack-arrays -O3 -ffast-math -O3 -ftree-vectorize -funroll-loops -w -ffree-form -ffree-line-length-none -frecord-marker=4 -fconvert=big-endian -I/usr/include -I/home/tr16/COAWST_3.7/MCT_LIB/include -I/home/tr16/COAWST_3.7//WRF/main -I/home/tr16/COAWST_3.7//WRF/external/esmf_time_f90 -I/home/tr16/COAWST_3.7//WRF/frame -I/home/tr16/COAWST_3.7//WRF/share wrt_ini.f90
cd ./Build_roms; /opt/ohpc/pub/apps/openmpi-4.0.2/bin/mpif90 -c -frepack-arrays -O3 -ffast-math -O3 -ftree-vectorize -funroll-loops -w -ffree-form -ffree-line-length-none -frecord-marker=4 -fconvert=big-endian -I/usr/include -I/home/tr16/COAWST_3.7/MCT_LIB/include -I/home/tr16/COAWST_3.7//WRF/main -I/home/tr16/COAWST_3.7//WRF/external/esmf_time_f90 -I/home/tr16/COAWST_3.7//WRF/frame -I/home/tr16/COAWST_3.7//WRF/share wrt_state.f90
cd ./Build_roms; /opt/ohpc/pub/apps/openmpi-4.0.2/bin/mpif90 -c -frepack-arrays -O3 -ffast-math -O3 -ftree-vectorize -funroll-loops -w -ffree-form -ffree-line-length-none -frecord-marker=4 -fconvert=big-endian -I/usr/include -I/home/tr16/COAWST_3.7/MCT_LIB/include -I/home/tr16/COAWST_3.7//WRF/main -I/home/tr16/COAWST_3.7//WRF/external/esmf_time_f90 -I/home/tr16/COAWST_3.7//WRF/frame -I/home/tr16/COAWST_3.7//WRF/share wrt_evolved.f90
cd ./Build_roms; /opt/ohpc/pub/apps/openmpi-4.0.2/bin/mpif90 -c -frepack-arrays -O3 -ffast-math -O3 -ftree-vectorize -funroll-loops -w -ffree-form -ffree-line-length-none -frecord-marker=4 -fconvert=big-endian -I/usr/include -I/home/tr16/COAWST_3.7/MCT_LIB/include -I/home/tr16/COAWST_3.7//WRF/main -I/home/tr16/COAWST_3.7//WRF/external/esmf_time_f90 -I/home/tr16/COAWST_3.7//WRF/frame -I/home/tr16/COAWST_3.7//WRF/share wrt_error.f90
cd ./Build_roms; /opt/ohpc/pub/apps/openmpi-4.0.2/bin/mpif90 -c -frepack-arrays -O3 -ffast-math -O3 -ftree-vectorize -funroll-loops -w -ffree-form -ffree-line-length-none -frecord-marker=4 -fconvert=big-endian -I/usr/include -I/home/tr16/COAWST_3.7/MCT_LIB/include -I/home/tr16/COAWST_3.7//WRF/main -I/home/tr16/COAWST_3.7//WRF/external/esmf_time_f90 -I/home/tr16/COAWST_3.7//WRF/frame -I/home/tr16/COAWST_3.7//WRF/share convolve.f90
cd ./Build_roms; /opt/ohpc/pub/apps/openmpi-4.0.2/bin/mpif90 -c -frepack-arrays -O3 -ffast-math -O3 -ftree-vectorize -funroll-loops -w -ffree-form -ffree-line-length-none -frecord-marker=4 -fconvert=big-endian -I/usr/include -I/home/tr16/COAWST_3.7/MCT_LIB/include -I/home/tr16/COAWST_3.7//WRF/main -I/home/tr16/COAWST_3.7//WRF/external/esmf_time_f90 -I/home/tr16/COAWST_3.7//WRF/frame -I/home/tr16/COAWST_3.7//WRF/share prsgrd.f90
cd ./Build_roms; /opt/ohpc/pub/apps/openmpi-4.0.2/bin/mpif90 -c -frepack-arrays -O3 -ffast-math -O3 -ftree-vectorize -funroll-loops -w -ffree-form -ffree-line-length-none -frecord-marker=4 -fconvert=big-endian -I/usr/include -I/home/tr16/COAWST_3.7/MCT_LIB/include -I/home/tr16/COAWST_3.7//WRF/main -I/home/tr16/COAWST_3.7//WRF/external/esmf_time_f90 -I/home/tr16/COAWST_3.7//WRF/frame -I/home/tr16/COAWST_3.7//WRF/share set_tides.f90
cd ./Build_roms; /opt/ohpc/pub/apps/openmpi-4.0.2/bin/mpif90 -c -frepack-arrays -O3 -ffast-math -O3 -ftree-vectorize -funroll-loops -w -ffree-form -ffree-line-length-none -frecord-marker=4 -fconvert=big-endian -I/usr/include -I/home/tr16/COAWST_3.7/MCT_LIB/include -I/home/tr16/COAWST_3.7//WRF/main -I/home/tr16/COAWST_3.7//WRF/external/esmf_time_f90 -I/home/tr16/COAWST_3.7//WRF/frame -I/home/tr16/COAWST_3.7//WRF/share inp_par.f90
cd ./Build_roms; /opt/ohpc/pub/apps/openmpi-4.0.2/bin/mpif90 -c -frepack-arrays -O3 -ffast-math -O3 -ftree-vectorize -funroll-loops -w -ffree-form -ffree-line-length-none -frecord-marker=4 -fconvert=big-endian -I/usr/include -I/home/tr16/COAWST_3.7/MCT_LIB/include -I/home/tr16/COAWST_3.7//WRF/main -I/home/tr16/COAWST_3.7//WRF/external/esmf_time_f90 -I/home/tr16/COAWST_3.7//WRF/frame -I/home/tr16/COAWST_3.7//WRF/share wrt_avg.f90
cd ./Build_roms; /opt/ohpc/pub/apps/openmpi-4.0.2/bin/mpif90 -c -frepack-arrays -O3 -ffast-math -O3 -ftree-vectorize -funroll-loops -w -ffree-form -ffree-line-length-none -frecord-marker=4 -fconvert=big-endian -I/usr/include -I/home/tr16/COAWST_3.7/MCT_LIB/include -I/home/tr16/COAWST_3.7//WRF/main -I/home/tr16/COAWST_3.7//WRF/external/esmf_time_f90 -I/home/tr16/COAWST_3.7//WRF/frame -I/home/tr16/COAWST_3.7//WRF/share wrt_tides.f90
cd ./Build_roms; /opt/ohpc/pub/apps/openmpi-4.0.2/bin/mpif90 -c -frepack-arrays -O3 -ffast-math -O3 -ftree-vectorize -funroll-loops -w -ffree-form -ffree-line-length-none -frecord-marker=4 -fconvert=big-endian -I/usr/include -I/home/tr16/COAWST_3.7/MCT_LIB/include -I/home/tr16/COAWST_3.7//WRF/main -I/home/tr16/COAWST_3.7//WRF/external/esmf_time_f90 -I/home/tr16/COAWST_3.7//WRF/frame -I/home/tr16/COAWST_3.7//WRF/share -ffree-form -ffree-line-length-none analytical.f90
cd ./Build_roms; /opt/ohpc/pub/apps/openmpi-4.0.2/bin/mpif90 -c -frepack-arrays -O3 -ffast-math -O3 -ftree-vectorize -funroll-loops -w -ffree-form -ffree-line-length-none -frecord-marker=4 -fconvert=big-endian -I/usr/include -I/home/tr16/COAWST_3.7/MCT_LIB/include -I/home/tr16/COAWST_3.7//WRF/main -I/home/tr16/COAWST_3.7//WRF/external/esmf_time_f90 -I/home/tr16/COAWST_3.7//WRF/frame -I/home/tr16/COAWST_3.7//WRF/share omega.f90
cd ./Build_roms; /opt/ohpc/pub/apps/openmpi-4.0.2/bin/mpif90 -c -frepack-arrays -O3 -ffast-math -O3 -ftree-vectorize -funroll-loops -w -ffree-form -ffree-line-length-none -frecord-marker=4 -fconvert=big-endian -I/usr/include -I/home/tr16/COAWST_3.7/MCT_LIB/include -I/home/tr16/COAWST_3.7//WRF/main -I/home/tr16/COAWST_3.7//WRF/external/esmf_time_f90 -I/home/tr16/COAWST_3.7//WRF/frame -I/home/tr16/COAWST_3.7//WRF/share pre_step3d.f90
cd ./Build_roms; /opt/ohpc/pub/apps/openmpi-4.0.2/bin/mpif90 -c -frepack-arrays -O3 -ffast-math -O3 -ftree-vectorize -funroll-loops -w -ffree-form -ffree-line-length-none -frecord-marker=4 -fconvert=big-endian -I/usr/include -I/home/tr16/COAWST_3.7/MCT_LIB/include -I/home/tr16/COAWST_3.7//WRF/main -I/home/tr16/COAWST_3.7//WRF/external/esmf_time_f90 -I/home/tr16/COAWST_3.7//WRF/frame -I/home/tr16/COAWST_3.7//WRF/share set_masks.f90
cd ./Build_roms; /opt/ohpc/pub/apps/openmpi-4.0.2/bin/mpif90 -c -frepack-arrays -O3 -ffast-math -O3 -ftree-vectorize -funroll-loops -w -ffree-form -ffree-line-length-none -frecord-marker=4 -fconvert=big-endian -I/usr/include -I/home/tr16/COAWST_3.7/MCT_LIB/include -I/home/tr16/COAWST_3.7//WRF/main -I/home/tr16/COAWST_3.7//WRF/external/esmf_time_f90 -I/home/tr16/COAWST_3.7//WRF/frame -I/home/tr16/COAWST_3.7//WRF/share wetdry.f90
cd ./Build_roms; /opt/ohpc/pub/apps/openmpi-4.0.2/bin/mpif90 -c -frepack-arrays -O3 -ffast-math -O3 -ftree-vectorize -funroll-loops -w -ffree-form -ffree-line-length-none -frecord-marker=4 -fconvert=big-endian -I/usr/include -I/home/tr16/COAWST_3.7/MCT_LIB/include -I/home/tr16/COAWST_3.7//WRF/main -I/home/tr16/COAWST_3.7//WRF/external/esmf_time_f90 -I/home/tr16/COAWST_3.7//WRF/frame -I/home/tr16/COAWST_3.7//WRF/share step3d_t.f90
cd ./Build_roms; /opt/ohpc/pub/apps/openmpi-4.0.2/bin/mpif90 -c -frepack-arrays -O3 -ffast-math -O3 -ftree-vectorize -funroll-loops -w -ffree-form -ffree-line-length-none -frecord-marker=4 -fconvert=big-endian -I/usr/include -I/home/tr16/COAWST_3.7/MCT_LIB/include -I/home/tr16/COAWST_3.7//WRF/main -I/home/tr16/COAWST_3.7//WRF/external/esmf_time_f90 -I/home/tr16/COAWST_3.7//WRF/frame -I/home/tr16/COAWST_3.7//WRF/share step3d_uv.f90
cd ./Build_roms; /opt/ohpc/pub/apps/openmpi-4.0.2/bin/mpif90 -c -frepack-arrays -O3 -ffast-math -O3 -ftree-vectorize -funroll-loops -w -ffree-form -ffree-line-length-none -frecord-marker=4 -fconvert=big-endian -I/usr/include -I/home/tr16/COAWST_3.7/MCT_LIB/include -I/home/tr16/COAWST_3.7//WRF/main -I/home/tr16/COAWST_3.7//WRF/external/esmf_time_f90 -I/home/tr16/COAWST_3.7//WRF/frame -I/home/tr16/COAWST_3.7//WRF/share get_data.f90
cd ./Build_roms; /opt/ohpc/pub/apps/openmpi-4.0.2/bin/mpif90 -c -frepack-arrays -O3 -ffast-math -O3 -ftree-vectorize -funroll-loops -w -ffree-form -ffree-line-length-none -frecord-marker=4 -fconvert=big-endian -I/usr/include -I/home/tr16/COAWST_3.7/MCT_LIB/include -I/home/tr16/COAWST_3.7//WRF/main -I/home/tr16/COAWST_3.7//WRF/external/esmf_time_f90 -I/home/tr16/COAWST_3.7//WRF/frame -I/home/tr16/COAWST_3.7//WRF/share get_idata.f90
cd ./Build_roms; /opt/ohpc/pub/apps/openmpi-4.0.2/bin/mpif90 -c -frepack-arrays -O3 -ffast-math -O3 -ftree-vectorize -funroll-loops -w -ffree-form -ffree-line-length-none -frecord-marker=4 -fconvert=big-endian -I/usr/include -I/home/tr16/COAWST_3.7/MCT_LIB/include -I/home/tr16/COAWST_3.7//WRF/main -I/home/tr16/COAWST_3.7//WRF/external/esmf_time_f90 -I/home/tr16/COAWST_3.7//WRF/frame -I/home/tr16/COAWST_3.7//WRF/share wrt_info.f90
cd ./Build_roms; /opt/ohpc/pub/apps/openmpi-4.0.2/bin/mpif90 -c -frepack-arrays -O3 -ffast-math -O3 -ftree-vectorize -funroll-loops -w -ffree-form -ffree-line-length-none -frecord-marker=4 -fconvert=big-endian -I/usr/include -I/home/tr16/COAWST_3.7/MCT_LIB/include -I/home/tr16/COAWST_3.7//WRF/main -I/home/tr16/COAWST_3.7//WRF/external/esmf_time_f90 -I/home/tr16/COAWST_3.7//WRF/frame -I/home/tr16/COAWST_3.7//WRF/share mod_arrays.f90
cd ./Build_roms; /opt/ohpc/pub/apps/openmpi-4.0.2/bin/mpif90 -c -frepack-arrays -O3 -ffast-math -O3 -ftree-vectorize -funroll-loops -w -ffree-form -ffree-line-length-none -frecord-marker=4 -fconvert=big-endian -I/usr/include -I/home/tr16/COAWST_3.7/MCT_LIB/include -I/home/tr16/COAWST_3.7//WRF/main -I/home/tr16/COAWST_3.7//WRF/external/esmf_time_f90 -I/home/tr16/COAWST_3.7//WRF/frame -I/home/tr16/COAWST_3.7//WRF/share step2d.f90
cd ./Build_roms; /opt/ohpc/pub/apps/openmpi-4.0.2/bin/mpif90 -c -frepack-arrays -O3 -ffast-math -O3 -ftree-vectorize -funroll-loops -w -ffree-form -ffree-line-length-none -frecord-marker=4 -fconvert=big-endian -I/usr/include -I/home/tr16/COAWST_3.7/MCT_LIB/include -I/home/tr16/COAWST_3.7//WRF/main -I/home/tr16/COAWST_3.7//WRF/external/esmf_time_f90 -I/home/tr16/COAWST_3.7//WRF/frame -I/home/tr16/COAWST_3.7//WRF/share get_nudgcoef.f90
cd ./Build_roms; /opt/ohpc/pub/apps/openmpi-4.0.2/bin/mpif90 -c -frepack-arrays -O3 -ffast-math -O3 -ftree-vectorize -funroll-loops -w -ffree-form -ffree-line-length-none -frecord-marker=4 -fconvert=big-endian -I/usr/include -I/home/tr16/COAWST_3.7/MCT_LIB/include -I/home/tr16/COAWST_3.7//WRF/main -I/home/tr16/COAWST_3.7//WRF/external/esmf_time_f90 -I/home/tr16/COAWST_3.7//WRF/frame -I/home/tr16/COAWST_3.7//WRF/share cgradient.f90
cd ./Build_roms; /opt/ohpc/pub/apps/openmpi-4.0.2/bin/mpif90 -c -frepack-arrays -O3 -ffast-math -O3 -ftree-vectorize -funroll-loops -w -ffree-form -ffree-line-length-none -frecord-marker=4 -fconvert=big-endian -I/usr/include -I/home/tr16/COAWST_3.7/MCT_LIB/include -I/home/tr16/COAWST_3.7//WRF/main -I/home/tr16/COAWST_3.7//WRF/external/esmf_time_f90 -I/home/tr16/COAWST_3.7//WRF/frame -I/home/tr16/COAWST_3.7//WRF/share packing.f90
cd ./Build_roms; /opt/ohpc/pub/apps/openmpi-4.0.2/bin/mpif90 -c -frepack-arrays -O3 -ffast-math -O3 -ftree-vectorize -funroll-loops -w -ffree-form -ffree-line-length-none -frecord-marker=4 -fconvert=big-endian -I/usr/include -I/home/tr16/COAWST_3.7/MCT_LIB/include -I/home/tr16/COAWST_3.7//WRF/main -I/home/tr16/COAWST_3.7//WRF/external/esmf_time_f90 -I/home/tr16/COAWST_3.7//WRF/frame -I/home/tr16/COAWST_3.7//WRF/share inner2state.f90
cd ./Build_roms; /opt/ohpc/pub/apps/openmpi-4.0.2/bin/mpif90 -c -frepack-arrays -O3 -ffast-math -O3 -ftree-vectorize -funroll-loops -w -ffree-form -ffree-line-length-none -frecord-marker=4 -fconvert=big-endian -I/usr/include -I/home/tr16/COAWST_3.7/MCT_LIB/include -I/home/tr16/COAWST_3.7//WRF/main -I/home/tr16/COAWST_3.7//WRF/external/esmf_time_f90 -I/home/tr16/COAWST_3.7//WRF/frame -I/home/tr16/COAWST_3.7//WRF/share posterior.f90
cd ./Build_roms; /opt/ohpc/pub/apps/openmpi-4.0.2/bin/mpif90 -c -frepack-arrays -O3 -ffast-math -O3 -ftree-vectorize -funroll-loops -w -ffree-form -ffree-line-length-none -frecord-marker=4 -fconvert=big-endian -I/usr/include -I/home/tr16/COAWST_3.7/MCT_LIB/include -I/home/tr16/COAWST_3.7//WRF/main -I/home/tr16/COAWST_3.7//WRF/external/esmf_time_f90 -I/home/tr16/COAWST_3.7//WRF/frame -I/home/tr16/COAWST_3.7//WRF/share ini_lanczos.f90
cd ./Build_roms; /opt/ohpc/pub/apps/openmpi-4.0.2/bin/mpif90 -c -frepack-arrays -O3 -ffast-math -O3 -ftree-vectorize -funroll-loops -w -ffree-form -ffree-line-length-none -frecord-marker=4 -fconvert=big-endian -I/usr/include -I/home/tr16/COAWST_3.7/MCT_LIB/include -I/home/tr16/COAWST_3.7//WRF/main -I/home/tr16/COAWST_3.7//WRF/external/esmf_time_f90 -I/home/tr16/COAWST_3.7//WRF/frame -I/home/tr16/COAWST_3.7//WRF/share get_2dfld.f90
cd ./Build_roms; /opt/ohpc/pub/apps/openmpi-4.0.2/bin/mpif90 -c -frepack-arrays -O3 -ffast-math -O3 -ftree-vectorize -funroll-loops -w -ffree-form -ffree-line-length-none -frecord-marker=4 -fconvert=big-endian -I/usr/include -I/home/tr16/COAWST_3.7/MCT_LIB/include -I/home/tr16/COAWST_3.7//WRF/main -I/home/tr16/COAWST_3.7//WRF/external/esmf_time_f90 -I/home/tr16/COAWST_3.7//WRF/frame -I/home/tr16/COAWST_3.7//WRF/share state_read.f90
cd ./Build_roms; /opt/ohpc/pub/apps/openmpi-4.0.2/bin/mpif90 -c -frepack-arrays -O3 -ffast-math -O3 -ftree-vectorize -funroll-loops -w -ffree-form -ffree-line-length-none -frecord-marker=4 -fconvert=big-endian -I/usr/include -I/home/tr16/COAWST_3.7/MCT_LIB/include -I/home/tr16/COAWST_3.7//WRF/main -I/home/tr16/COAWST_3.7//WRF/external/esmf_time_f90 -I/home/tr16/COAWST_3.7//WRF/frame -I/home/tr16/COAWST_3.7//WRF/share wrt_impulse.f90
cd ./Build_roms; /opt/ohpc/pub/apps/openmpi-4.0.2/bin/mpif90 -c -frepack-arrays -O3 -ffast-math -O3 -ftree-vectorize -funroll-loops -w -ffree-form -ffree-line-length-none -frecord-marker=4 -fconvert=big-endian -I/usr/include -I/home/tr16/COAWST_3.7/MCT_LIB/include -I/home/tr16/COAWST_3.7//WRF/main -I/home/tr16/COAWST_3.7//WRF/external/esmf_time_f90 -I/home/tr16/COAWST_3.7//WRF/frame -I/home/tr16/COAWST_3.7//WRF/share get_2dfldr.f90
cd ./Build_roms; /opt/ohpc/pub/apps/openmpi-4.0.2/bin/mpif90 -c -frepack-arrays -O3 -ffast-math -O3 -ftree-vectorize -funroll-loops -w -ffree-form -ffree-line-length-none -frecord-marker=4 -fconvert=big-endian -I/usr/include -I/home/tr16/COAWST_3.7/MCT_LIB/include -I/home/tr16/COAWST_3.7//WRF/main -I/home/tr16/COAWST_3.7//WRF/external/esmf_time_f90 -I/home/tr16/COAWST_3.7//WRF/frame -I/home/tr16/COAWST_3.7//WRF/share time_corr.f90
cd ./Build_roms; /opt/ohpc/pub/apps/openmpi-4.0.2/bin/mpif90 -c -frepack-arrays -O3 -ffast-math -O3 -ftree-vectorize -funroll-loops -w -ffree-form -ffree-line-length-none -frecord-marker=4 -fconvert=big-endian -I/usr/include -I/home/tr16/COAWST_3.7/MCT_LIB/include -I/home/tr16/COAWST_3.7//WRF/main -I/home/tr16/COAWST_3.7//WRF/external/esmf_time_f90 -I/home/tr16/COAWST_3.7//WRF/frame -I/home/tr16/COAWST_3.7//WRF/share get_grid.f90
cd ./Build_roms; /opt/ohpc/pub/apps/openmpi-4.0.2/bin/mpif90 -c -frepack-arrays -O3 -ffast-math -O3 -ftree-vectorize -funroll-loops -w -ffree-form -ffree-line-length-none -frecord-marker=4 -fconvert=big-endian -I/usr/include -I/home/tr16/COAWST_3.7/MCT_LIB/include -I/home/tr16/COAWST_3.7//WRF/main -I/home/tr16/COAWST_3.7//WRF/external/esmf_time_f90 -I/home/tr16/COAWST_3.7//WRF/frame -I/home/tr16/COAWST_3.7//WRF/share get_state.f90
cd ./Build_roms; /opt/ohpc/pub/apps/openmpi-4.0.2/bin/mpif90 -c -frepack-arrays -O3 -ffast-math -O3 -ftree-vectorize -funroll-loops -w -ffree-form -ffree-line-length-none -frecord-marker=4 -fconvert=big-endian -I/usr/include -I/home/tr16/COAWST_3.7/MCT_LIB/include -I/home/tr16/COAWST_3.7//WRF/main -I/home/tr16/COAWST_3.7//WRF/external/esmf_time_f90 -I/home/tr16/COAWST_3.7//WRF/frame -I/home/tr16/COAWST_3.7//WRF/share get_filter.f90
cd ./Build_roms; /opt/ohpc/pub/apps/openmpi-4.0.2/bin/mpif90 -c -frepack-arrays -O3 -ffast-math -O3 -ftree-vectorize -funroll-loops -w -ffree-form -ffree-line-length-none -frecord-marker=4 -fconvert=big-endian -I/usr/include -I/home/tr16/COAWST_3.7/MCT_LIB/include -I/home/tr16/COAWST_3.7//WRF/main -I/home/tr16/COAWST_3.7//WRF/external/esmf_time_f90 -I/home/tr16/COAWST_3.7//WRF/frame -I/home/tr16/COAWST_3.7//WRF/share state_join.f90
cd ./Build_roms; /opt/ohpc/pub/apps/openmpi-4.0.2/bin/mpif90 -c -frepack-arrays -O3 -ffast-math -O3 -ftree-vectorize -funroll-loops -w -ffree-form -ffree-line-length-none -frecord-marker=4 -fconvert=big-endian -I/usr/include -I/home/tr16/COAWST_3.7/MCT_LIB/include -I/home/tr16/COAWST_3.7//WRF/main -I/home/tr16/COAWST_3.7//WRF/external/esmf_time_f90 -I/home/tr16/COAWST_3.7//WRF/frame -I/home/tr16/COAWST_3.7//WRF/share get_wetdry.f90
ar -r Build_roms/libMODS.a Build_roms/mod_mixing.o Build_roms/mod_sedbed.o Build_roms/mod_storage.o Build_roms/mod_sources.o Build_roms/mod_scalars.o Build_roms/mod_fourdvar.o Build_roms/mod_vegetation.o Build_roms/mod_sedflocs.o Build_roms/mod_arrays.o Build_roms/mod_eclight.o Build_roms/mod_tides.o Build_roms/mod_grid.o Build_roms/mod_boundary.o Build_roms/mod_trc_sources.o Build_roms/mod_sediment.o Build_roms/mod_parallel.o Build_roms/mod_ocean.o Build_roms/mod_forces.o Build_roms/mod_ncparam.o Build_roms/mod_vegarr.o Build_roms/mod_nesting.o Build_roms/mod_average.o Build_roms/mod_filter.o Build_roms/mod_eoscoef.o Build_roms/mod_behavior.o Build_roms/mod_bbl.o Build_roms/mod_kinds.o Build_roms/mod_stepping.o Build_roms/mod_biology.o Build_roms/mod_strings.o Build_roms/mod_diags.o Build_roms/mod_iounits.o Build_roms/mod_param.o Build_roms/mod_coupler.o Build_roms/mod_netcdf.o Build_roms/mod_clima.o Build_roms/mod_floats.o Build_roms/mod_coupling.o
ar: creating Build_roms/libMODS.a
ranlib Build_roms/libMODS.a
cd ./Build_roms; /opt/ohpc/pub/apps/openmpi-4.0.2/bin/mpif90 -c -frepack-arrays -O3 -ffast-math -O3 -ftree-vectorize -funroll-loops -w -ffree-form -ffree-line-length-none -frecord-marker=4 -fconvert=big-endian -I/usr/include -I/home/tr16/COAWST_3.7/MCT_LIB/include -I/home/tr16/COAWST_3.7//WRF/main -I/home/tr16/COAWST_3.7//WRF/external/esmf_time_f90 -I/home/tr16/COAWST_3.7//WRF/frame -I/home/tr16/COAWST_3.7//WRF/share propagator.f90
cd ./Build_roms; /opt/ohpc/pub/apps/openmpi-4.0.2/bin/mpif90 -c -frepack-arrays -O3 -ffast-math -O3 -ftree-vectorize -funroll-loops -w -ffree-form -ffree-line-length-none -frecord-marker=4 -fconvert=big-endian -I/usr/include -I/home/tr16/COAWST_3.7/MCT_LIB/include -I/home/tr16/COAWST_3.7//WRF/main -I/home/tr16/COAWST_3.7//WRF/external/esmf_time_f90 -I/home/tr16/COAWST_3.7//WRF/frame -I/home/tr16/COAWST_3.7//WRF/share posterior_var.f90
cd ./Build_roms; /opt/ohpc/pub/apps/openmpi-4.0.2/bin/mpif90 -c -frepack-arrays -O3 -ffast-math -O3 -ftree-vectorize -funroll-loops -w -ffree-form -ffree-line-length-none -frecord-marker=4 -fconvert=big-endian -I/usr/include -I/home/tr16/COAWST_3.7/MCT_LIB/include -I/home/tr16/COAWST_3.7//WRF/main -I/home/tr16/COAWST_3.7//WRF/external/esmf_time_f90 -I/home/tr16/COAWST_3.7//WRF/frame -I/home/tr16/COAWST_3.7//WRF/share r4dvar.f90
cd ./Build_roms; /opt/ohpc/pub/apps/openmpi-4.0.2/bin/mpif90 -c -frepack-arrays -O3 -ffast-math -O3 -ftree-vectorize -funroll-loops -w -ffree-form -ffree-line-length-none -frecord-marker=4 -fconvert=big-endian -I/usr/include -I/home/tr16/COAWST_3.7/MCT_LIB/include -I/home/tr16/COAWST_3.7//WRF/main -I/home/tr16/COAWST_3.7//WRF/external/esmf_time_f90 -I/home/tr16/COAWST_3.7//WRF/frame -I/home/tr16/COAWST_3.7//WRF/share rbl4dvar.f90
cd ./Build_roms; /opt/ohpc/pub/apps/openmpi-4.0.2/bin/mpif90 -c -frepack-arrays -O3 -ffast-math -O3 -ftree-vectorize -funroll-loops -w -ffree-form -ffree-line-length-none -frecord-marker=4 -fconvert=big-endian -I/usr/include -I/home/tr16/COAWST_3.7/MCT_LIB/include -I/home/tr16/COAWST_3.7//WRF/main -I/home/tr16/COAWST_3.7//WRF/external/esmf_time_f90 -I/home/tr16/COAWST_3.7//WRF/frame -I/home/tr16/COAWST_3.7//WRF/share def_tides.f90
cd ./Build_roms; /opt/ohpc/pub/apps/openmpi-4.0.2/bin/mpif90 -c -frepack-arrays -O3 -ffast-math -O3 -ftree-vectorize -funroll-loops -w -ffree-form -ffree-line-length-none -frecord-marker=4 -fconvert=big-endian -I/usr/include -I/home/tr16/COAWST_3.7/MCT_LIB/include -I/home/tr16/COAWST_3.7//WRF/main -I/home/tr16/COAWST_3.7//WRF/external/esmf_time_f90 -I/home/tr16/COAWST_3.7//WRF/frame -I/home/tr16/COAWST_3.7//WRF/share def_gst.f90
cd ./Build_roms; /opt/ohpc/pub/apps/openmpi-4.0.2/bin/mpif90 -c -frepack-arrays -O3 -ffast-math -O3 -ftree-vectorize -funroll-loops -w -ffree-form -ffree-line-length-none -frecord-marker=4 -fconvert=big-endian -I/usr/include -I/home/tr16/COAWST_3.7/MCT_LIB/include -I/home/tr16/COAWST_3.7//WRF/main -I/home/tr16/COAWST_3.7//WRF/external/esmf_time_f90 -I/home/tr16/COAWST_3.7//WRF/frame -I/home/tr16/COAWST_3.7//WRF/share def_lanczos.f90
cd ./Build_roms; /opt/ohpc/pub/apps/openmpi-4.0.2/bin/mpif90 -c -frepack-arrays -O3 -ffast-math -O3 -ftree-vectorize -funroll-loops -w -ffree-form -ffree-line-length-none -frecord-marker=4 -fconvert=big-endian -I/usr/include -I/home/tr16/COAWST_3.7/MCT_LIB/include -I/home/tr16/COAWST_3.7//WRF/main -I/home/tr16/COAWST_3.7//WRF/external/esmf_time_f90 -I/home/tr16/COAWST_3.7//WRF/frame -I/home/tr16/COAWST_3.7//WRF/share def_state.f90
cd ./Build_roms; /opt/ohpc/pub/apps/openmpi-4.0.2/bin/mpif90 -c -frepack-arrays -O3 -ffast-math -O3 -ftree-vectorize -funroll-loops -w -ffree-form -ffree-line-length-none -frecord-marker=4 -fconvert=big-endian -I/usr/include -I/home/tr16/COAWST_3.7/MCT_LIB/include -I/home/tr16/COAWST_3.7//WRF/main -I/home/tr16/COAWST_3.7//WRF/external/esmf_time_f90 -I/home/tr16/COAWST_3.7//WRF/frame -I/home/tr16/COAWST_3.7//WRF/share def_mod.f90
cd ./Build_roms; /opt/ohpc/pub/apps/openmpi-4.0.2/bin/mpif90 -c -frepack-arrays -O3 -ffast-math -O3 -ftree-vectorize -funroll-loops -w -ffree-form -ffree-line-length-none -frecord-marker=4 -fconvert=big-endian -I/usr/include -I/home/tr16/COAWST_3.7/MCT_LIB/include -I/home/tr16/COAWST_3.7//WRF/main -I/home/tr16/COAWST_3.7//WRF/external/esmf_time_f90 -I/home/tr16/COAWST_3.7//WRF/frame -I/home/tr16/COAWST_3.7//WRF/share def_hessian.f90
cd ./Build_roms; /opt/ohpc/pub/apps/openmpi-4.0.2/bin/mpif90 -c -frepack-arrays -O3 -ffast-math -O3 -ftree-vectorize -funroll-loops -w -ffree-form -ffree-line-length-none -frecord-marker=4 -fconvert=big-endian -I/usr/include -I/home/tr16/COAWST_3.7/MCT_LIB/include -I/home/tr16/COAWST_3.7//WRF/main -I/home/tr16/COAWST_3.7//WRF/external/esmf_time_f90 -I/home/tr16/COAWST_3.7//WRF/frame -I/home/tr16/COAWST_3.7//WRF/share def_diags.f90
cd ./Build_roms; /opt/ohpc/pub/apps/openmpi-4.0.2/bin/mpif90 -c -frepack-arrays -O3 -ffast-math -O3 -ftree-vectorize -funroll-loops -w -ffree-form -ffree-line-length-none -frecord-marker=4 -fconvert=big-endian -I/usr/include -I/home/tr16/COAWST_3.7/MCT_LIB/include -I/home/tr16/COAWST_3.7//WRF/main -I/home/tr16/COAWST_3.7//WRF/external/esmf_time_f90 -I/home/tr16/COAWST_3.7//WRF/frame -I/home/tr16/COAWST_3.7//WRF/share def_station.f90
cd ./Build_roms; /opt/ohpc/pub/apps/openmpi-4.0.2/bin/mpif90 -c -frepack-arrays -O3 -ffast-math -O3 -ftree-vectorize -funroll-loops -w -ffree-form -ffree-line-length-none -frecord-marker=4 -fconvert=big-endian -I/usr/include -I/home/tr16/COAWST_3.7/MCT_LIB/include -I/home/tr16/COAWST_3.7//WRF/main -I/home/tr16/COAWST_3.7//WRF/external/esmf_time_f90 -I/home/tr16/COAWST_3.7//WRF/frame -I/home/tr16/COAWST_3.7//WRF/share def_floats.f90
cd ./Build_roms; /opt/ohpc/pub/apps/openmpi-4.0.2/bin/mpif90 -c -frepack-arrays -O3 -ffast-math -O3 -ftree-vectorize -funroll-loops -w -ffree-form -ffree-line-length-none -frecord-marker=4 -fconvert=big-endian -I/usr/include -I/home/tr16/COAWST_3.7/MCT_LIB/include -I/home/tr16/COAWST_3.7//WRF/main -I/home/tr16/COAWST_3.7//WRF/external/esmf_time_f90 -I/home/tr16/COAWST_3.7//WRF/frame -I/home/tr16/COAWST_3.7//WRF/share def_his.f90
cd ./Build_roms; /opt/ohpc/pub/apps/openmpi-4.0.2/bin/mpif90 -c -frepack-arrays -O3 -ffast-math -O3 -ftree-vectorize -funroll-loops -w -ffree-form -ffree-line-length-none -frecord-marker=4 -fconvert=big-endian -I/usr/include -I/home/tr16/COAWST_3.7/MCT_LIB/include -I/home/tr16/COAWST_3.7//WRF/main -I/home/tr16/COAWST_3.7//WRF/external/esmf_time_f90 -I/home/tr16/COAWST_3.7//WRF/frame -I/home/tr16/COAWST_3.7//WRF/share def_info.f90
cd ./Build_roms; /opt/ohpc/pub/apps/openmpi-4.0.2/bin/mpif90 -c -frepack-arrays -O3 -ffast-math -O3 -ftree-vectorize -funroll-loops -w -ffree-form -ffree-line-length-none -frecord-marker=4 -fconvert=big-endian -I/usr/include -I/home/tr16/COAWST_3.7/MCT_LIB/include -I/home/tr16/COAWST_3.7//WRF/main -I/home/tr16/COAWST_3.7//WRF/external/esmf_time_f90 -I/home/tr16/COAWST_3.7//WRF/frame -I/home/tr16/COAWST_3.7//WRF/share def_norm.f90
cd ./Build_roms; /opt/ohpc/pub/apps/openmpi-4.0.2/bin/mpif90 -c -frepack-arrays -O3 -ffast-math -O3 -ftree-vectorize -funroll-loops -w -ffree-form -ffree-line-length-none -frecord-marker=4 -fconvert=big-endian -I/usr/include -I/home/tr16/COAWST_3.7/MCT_LIB/include -I/home/tr16/COAWST_3.7//WRF/main -I/home/tr16/COAWST_3.7//WRF/external/esmf_time_f90 -I/home/tr16/COAWST_3.7//WRF/frame -I/home/tr16/COAWST_3.7//WRF/share def_rst.f90
cd ./Build_roms; /opt/ohpc/pub/apps/openmpi-4.0.2/bin/mpif90 -c -frepack-arrays -O3 -ffast-math -O3 -ftree-vectorize -funroll-loops -w -ffree-form -ffree-line-length-none -frecord-marker=4 -fconvert=big-endian -I/usr/include -I/home/tr16/COAWST_3.7/MCT_LIB/include -I/home/tr16/COAWST_3.7//WRF/main -I/home/tr16/COAWST_3.7//WRF/external/esmf_time_f90 -I/home/tr16/COAWST_3.7//WRF/frame -I/home/tr16/COAWST_3.7//WRF/share def_impulse.f90
cd ./Build_roms; /opt/ohpc/pub/apps/openmpi-4.0.2/bin/mpif90 -c -frepack-arrays -O3 -ffast-math -O3 -ftree-vectorize -funroll-loops -w -ffree-form -ffree-line-length-none -frecord-marker=4 -fconvert=big-endian -I/usr/include -I/home/tr16/COAWST_3.7/MCT_LIB/include -I/home/tr16/COAWST_3.7//WRF/main -I/home/tr16/COAWST_3.7//WRF/external/esmf_time_f90 -I/home/tr16/COAWST_3.7//WRF/frame -I/home/tr16/COAWST_3.7//WRF/share def_quick.f90
cd ./Build_roms; /opt/ohpc/pub/apps/openmpi-4.0.2/bin/mpif90 -c -frepack-arrays -O3 -ffast-math -O3 -ftree-vectorize -funroll-loops -w -ffree-form -ffree-line-length-none -frecord-marker=4 -fconvert=big-endian -I/usr/include -I/home/tr16/COAWST_3.7/MCT_LIB/include -I/home/tr16/COAWST_3.7//WRF/main -I/home/tr16/COAWST_3.7//WRF/external/esmf_time_f90 -I/home/tr16/COAWST_3.7//WRF/frame -I/home/tr16/COAWST_3.7//WRF/share def_ini.f90
cd ./Build_roms; /opt/ohpc/pub/apps/openmpi-4.0.2/bin/mpif90 -c -frepack-arrays -O3 -ffast-math -O3 -ftree-vectorize -funroll-loops -w -ffree-form -ffree-line-length-none -frecord-marker=4 -fconvert=big-endian -I/usr/include -I/home/tr16/COAWST_3.7/MCT_LIB/include -I/home/tr16/COAWST_3.7//WRF/main -I/home/tr16/COAWST_3.7//WRF/external/esmf_time_f90 -I/home/tr16/COAWST_3.7//WRF/frame -I/home/tr16/COAWST_3.7//WRF/share def_avg.f90
cd ./Build_roms; /opt/ohpc/pub/apps/openmpi-4.0.2/bin/mpif90 -c -frepack-arrays -O3 -ffast-math -O3 -ftree-vectorize -funroll-loops -w -ffree-form -ffree-line-length-none -frecord-marker=4 -fconvert=big-endian -I/usr/include -I/home/tr16/COAWST_3.7/MCT_LIB/include -I/home/tr16/COAWST_3.7//WRF/main -I/home/tr16/COAWST_3.7//WRF/external/esmf_time_f90 -I/home/tr16/COAWST_3.7//WRF/frame -I/home/tr16/COAWST_3.7//WRF/share def_dai.f90
cd ./Build_roms; /opt/ohpc/pub/apps/openmpi-4.0.2/bin/mpif90 -c -frepack-arrays -O3 -ffast-math -O3 -ftree-vectorize -funroll-loops -w -ffree-form -ffree-line-length-none -frecord-marker=4 -fconvert=big-endian -I/usr/include -I/home/tr16/COAWST_3.7/MCT_LIB/include -I/home/tr16/COAWST_3.7//WRF/main -I/home/tr16/COAWST_3.7//WRF/external/esmf_time_f90 -I/home/tr16/COAWST_3.7//WRF/frame -I/home/tr16/COAWST_3.7//WRF/share def_error.f90
cd ./Build_roms; /opt/ohpc/pub/apps/openmpi-4.0.2/bin/mpif90 -c -frepack-arrays -O3 -ffast-math -O3 -ftree-vectorize -funroll-loops -w -ffree-form -ffree-line-length-none -frecord-marker=4 -fconvert=big-endian -I/usr/include -I/home/tr16/COAWST_3.7/MCT_LIB/include -I/home/tr16/COAWST_3.7//WRF/main -I/home/tr16/COAWST_3.7//WRF/external/esmf_time_f90 -I/home/tr16/COAWST_3.7//WRF/frame -I/home/tr16/COAWST_3.7//WRF/share def_filt.f90
cd ./Build_roms; /opt/ohpc/pub/apps/openmpi-4.0.2/bin/mpif90 -c -frepack-arrays -O3 -ffast-math -O3 -ftree-vectorize -funroll-loops -w -ffree-form -ffree-line-length-none -frecord-marker=4 -fconvert=big-endian -I/usr/include -I/home/tr16/COAWST_3.7/MCT_LIB/include -I/home/tr16/COAWST_3.7//WRF/main -I/home/tr16/COAWST_3.7//WRF/external/esmf_time_f90 -I/home/tr16/COAWST_3.7//WRF/frame -I/home/tr16/COAWST_3.7//WRF/share wrt_quick.f90
cd ./Build_roms; /opt/ohpc/pub/apps/openmpi-4.0.2/bin/mpif90 -c -frepack-arrays -O3 -ffast-math -O3 -ftree-vectorize -funroll-loops -w -ffree-form -ffree-line-length-none -frecord-marker=4 -fconvert=big-endian -I/usr/include -I/home/tr16/COAWST_3.7/MCT_LIB/include -I/home/tr16/COAWST_3.7//WRF/main -I/home/tr16/COAWST_3.7//WRF/external/esmf_time_f90 -I/home/tr16/COAWST_3.7//WRF/frame -I/home/tr16/COAWST_3.7//WRF/share wrt_his.f90
cd ./Build_roms; /opt/ohpc/pub/apps/openmpi-4.0.2/bin/mpif90 -c -frepack-arrays -O3 -ffast-math -O3 -ftree-vectorize -funroll-loops -w -ffree-form -ffree-line-length-none -frecord-marker=4 -fconvert=big-endian -I/usr/include -I/home/tr16/COAWST_3.7/MCT_LIB/include -I/home/tr16/COAWST_3.7//WRF/main -I/home/tr16/COAWST_3.7//WRF/external/esmf_time_f90 -I/home/tr16/COAWST_3.7//WRF/frame -I/home/tr16/COAWST_3.7//WRF/share set_avg.f90
cd ./Build_roms; /opt/ohpc/pub/apps/openmpi-4.0.2/bin/mpif90 -c -frepack-arrays -O3 -ffast-math -O3 -ftree-vectorize -funroll-loops -w -ffree-form -ffree-line-length-none -frecord-marker=4 -fconvert=big-endian -I/usr/include -I/home/tr16/COAWST_3.7/MCT_LIB/include -I/home/tr16/COAWST_3.7//WRF/main -I/home/tr16/COAWST_3.7//WRF/external/esmf_time_f90 -I/home/tr16/COAWST_3.7//WRF/frame -I/home/tr16/COAWST_3.7//WRF/share i4dvar.f90
cd ./Build_roms; /opt/ohpc/pub/apps/openmpi-4.0.2/bin/mpif90 -c -frepack-arrays -O3 -ffast-math -O3 -ftree-vectorize -funroll-loops -w -ffree-form -ffree-line-length-none -frecord-marker=4 -fconvert=big-endian -I/usr/include -I/home/tr16/COAWST_3.7/MCT_LIB/include -I/home/tr16/COAWST_3.7//WRF/main -I/home/tr16/COAWST_3.7//WRF/external/esmf_time_f90 -I/home/tr16/COAWST_3.7//WRF/frame -I/home/tr16/COAWST_3.7//WRF/share set_filter.f90
ar -r Build_roms/libDRIVER.a Build_roms/rbl4dvar.o Build_roms/r4dvar.o Build_roms/i4dvar.o
ar: creating Build_roms/libDRIVER.a
ranlib Build_roms/libDRIVER.a
cd ./Build_roms; /opt/ohpc/pub/apps/openmpi-4.0.2/bin/mpif90 -c -frepack-arrays -O3 -ffast-math -O3 -ftree-vectorize -funroll-loops -w -ffree-form -ffree-line-length-none -frecord-marker=4 -fconvert=big-endian -I/usr/include -I/home/tr16/COAWST_3.7/MCT_LIB/include -I/home/tr16/COAWST_3.7//WRF/main -I/home/tr16/COAWST_3.7//WRF/external/esmf_time_f90 -I/home/tr16/COAWST_3.7//WRF/frame -I/home/tr16/COAWST_3.7//WRF/share diag.f90
cd ./Build_roms; /opt/ohpc/pub/apps/openmpi-4.0.2/bin/mpif90 -c -frepack-arrays -O3 -ffast-math -O3 -ftree-vectorize -funroll-loops -w -ffree-form -ffree-line-length-none -frecord-marker=4 -fconvert=big-endian -I/usr/include -I/home/tr16/COAWST_3.7/MCT_LIB/include -I/home/tr16/COAWST_3.7//WRF/main -I/home/tr16/COAWST_3.7//WRF/external/esmf_time_f90 -I/home/tr16/COAWST_3.7//WRF/frame -I/home/tr16/COAWST_3.7//WRF/share set_data.f90
ar -r Build_roms/libANA.a Build_roms/analytical.o
ar: creating Build_roms/libANA.a
ranlib Build_roms/libANA.a
cd ./Build_roms; /opt/ohpc/pub/apps/openmpi-4.0.2/bin/mpif90 -c -frepack-arrays -O3 -ffast-math -O3 -ftree-vectorize -funroll-loops -w -ffree-form -ffree-line-length-none -frecord-marker=4 -fconvert=big-endian -I/usr/include -I/home/tr16/COAWST_3.7/MCT_LIB/include -I/home/tr16/COAWST_3.7//WRF/main -I/home/tr16/COAWST_3.7//WRF/external/esmf_time_f90 -I/home/tr16/COAWST_3.7//WRF/frame -I/home/tr16/COAWST_3.7//WRF/share initial.f90
cd ./Build_roms; /opt/ohpc/pub/apps/openmpi-4.0.2/bin/mpif90 -c -frepack-arrays -O3 -ffast-math -O3 -ftree-vectorize -funroll-loops -w -ffree-form -ffree-line-length-none -frecord-marker=4 -fconvert=big-endian -I/usr/include -I/home/tr16/COAWST_3.7/MCT_LIB/include -I/home/tr16/COAWST_3.7//WRF/main -I/home/tr16/COAWST_3.7//WRF/external/esmf_time_f90 -I/home/tr16/COAWST_3.7//WRF/frame -I/home/tr16/COAWST_3.7//WRF/share set_grid.f90
cd ./Build_roms; /opt/ohpc/pub/apps/openmpi-4.0.2/bin/mpif90 -c -frepack-arrays -O3 -ffast-math -O3 -ftree-vectorize -funroll-loops -w -ffree-form -ffree-line-length-none -frecord-marker=4 -fconvert=big-endian -I/usr/include -I/home/tr16/COAWST_3.7/MCT_LIB/include -I/home/tr16/COAWST_3.7//WRF/main -I/home/tr16/COAWST_3.7//WRF/external/esmf_time_f90 -I/home/tr16/COAWST_3.7//WRF/frame -I/home/tr16/COAWST_3.7//WRF/share read_sedpar.f90
cd ./Build_roms; /opt/ohpc/pub/apps/openmpi-4.0.2/bin/mpif90 -c -frepack-arrays -O3 -ffast-math -O3 -ftree-vectorize -funroll-loops -w -ffree-form -ffree-line-length-none -frecord-marker=4 -fconvert=big-endian -I/usr/include -I/home/tr16/COAWST_3.7/MCT_LIB/include -I/home/tr16/COAWST_3.7//WRF/main -I/home/tr16/COAWST_3.7//WRF/external/esmf_time_f90 -I/home/tr16/COAWST_3.7//WRF/frame -I/home/tr16/COAWST_3.7//WRF/share stdinp_mod.f90
cd ./Build_roms; /opt/ohpc/pub/apps/openmpi-4.0.2/bin/mpif90 -c -frepack-arrays -O3 -ffast-math -O3 -ftree-vectorize -funroll-loops -w -ffree-form -ffree-line-length-none -frecord-marker=4 -fconvert=big-endian -I/usr/include -I/home/tr16/COAWST_3.7/MCT_LIB/include -I/home/tr16/COAWST_3.7//WRF/main -I/home/tr16/COAWST_3.7//WRF/external/esmf_time_f90 -I/home/tr16/COAWST_3.7//WRF/frame -I/home/tr16/COAWST_3.7//WRF/share read_biopar.f90
cd ./Build_roms; /opt/ohpc/pub/apps/openmpi-4.0.2/bin/mpif90 -c -frepack-arrays -O3 -ffast-math -O3 -ftree-vectorize -funroll-loops -w -ffree-form -ffree-line-length-none -frecord-marker=4 -fconvert=big-endian -I/usr/include -I/home/tr16/COAWST_3.7/MCT_LIB/include -I/home/tr16/COAWST_3.7//WRF/main -I/home/tr16/COAWST_3.7//WRF/external/esmf_time_f90 -I/home/tr16/COAWST_3.7//WRF/frame -I/home/tr16/COAWST_3.7//WRF/share read_phypar.f90
cd ./Build_roms; /opt/ohpc/pub/apps/openmpi-4.0.2/bin/mpif90 -c -frepack-arrays -O3 -ffast-math -O3 -ftree-vectorize -funroll-loops -w -ffree-form -ffree-line-length-none -frecord-marker=4 -fconvert=big-endian -I/usr/include -I/home/tr16/COAWST_3.7/MCT_LIB/include -I/home/tr16/COAWST_3.7//WRF/main -I/home/tr16/COAWST_3.7//WRF/external/esmf_time_f90 -I/home/tr16/COAWST_3.7//WRF/frame -I/home/tr16/COAWST_3.7//WRF/share read_asspar.f90
cd ./Build_roms; /opt/ohpc/pub/apps/openmpi-4.0.2/bin/mpif90 -c -frepack-arrays -O3 -ffast-math -O3 -ftree-vectorize -funroll-loops -w -ffree-form -ffree-line-length-none -frecord-marker=4 -fconvert=big-endian -I/usr/include -I/home/tr16/COAWST_3.7/MCT_LIB/include -I/home/tr16/COAWST_3.7//WRF/main -I/home/tr16/COAWST_3.7//WRF/external/esmf_time_f90 -I/home/tr16/COAWST_3.7//WRF/frame -I/home/tr16/COAWST_3.7//WRF/share read_fltbiopar.f90
cd ./Build_roms; /opt/ohpc/pub/apps/openmpi-4.0.2/bin/mpif90 -c -frepack-arrays -O3 -ffast-math -O3 -ftree-vectorize -funroll-loops -w -ffree-form -ffree-line-length-none -frecord-marker=4 -fconvert=big-endian -I/usr/include -I/home/tr16/COAWST_3.7/MCT_LIB/include -I/home/tr16/COAWST_3.7//WRF/main -I/home/tr16/COAWST_3.7//WRF/external/esmf_time_f90 -I/home/tr16/COAWST_3.7//WRF/frame -I/home/tr16/COAWST_3.7//WRF/share read_couplepar.f90
cd ./Build_roms; /opt/ohpc/pub/apps/openmpi-4.0.2/bin/mpif90 -c -frepack-arrays -O3 -ffast-math -O3 -ftree-vectorize -funroll-loops -w -ffree-form -ffree-line-length-none -frecord-marker=4 -fconvert=big-endian -I/usr/include -I/home/tr16/COAWST_3.7/MCT_LIB/include -I/home/tr16/COAWST_3.7//WRF/main -I/home/tr16/COAWST_3.7//WRF/external/esmf_time_f90 -I/home/tr16/COAWST_3.7//WRF/frame -I/home/tr16/COAWST_3.7//WRF/share read_stapar.f90
cd ./Build_roms; /opt/ohpc/pub/apps/openmpi-4.0.2/bin/mpif90 -c -frepack-arrays -O3 -ffast-math -O3 -ftree-vectorize -funroll-loops -w -ffree-form -ffree-line-length-none -frecord-marker=4 -fconvert=big-endian -I/usr/include -I/home/tr16/COAWST_3.7/MCT_LIB/include -I/home/tr16/COAWST_3.7//WRF/main -I/home/tr16/COAWST_3.7//WRF/external/esmf_time_f90 -I/home/tr16/COAWST_3.7//WRF/frame -I/home/tr16/COAWST_3.7//WRF/share read_vegpar.f90
cd ./Build_roms; /opt/ohpc/pub/apps/openmpi-4.0.2/bin/mpif90 -c -frepack-arrays -O3 -ffast-math -O3 -ftree-vectorize -funroll-loops -w -ffree-form -ffree-line-length-none -frecord-marker=4 -fconvert=big-endian -I/usr/include -I/home/tr16/COAWST_3.7/MCT_LIB/include -I/home/tr16/COAWST_3.7//WRF/main -I/home/tr16/COAWST_3.7//WRF/external/esmf_time_f90 -I/home/tr16/COAWST_3.7//WRF/frame -I/home/tr16/COAWST_3.7//WRF/share read_fltpar.f90
cd ./Build_roms; /opt/ohpc/pub/apps/openmpi-4.0.2/bin/mpif90 -c -frepack-arrays -O3 -ffast-math -O3 -ftree-vectorize -funroll-loops -w -ffree-form -ffree-line-length-none -frecord-marker=4 -fconvert=big-endian -I/usr/include -I/home/tr16/COAWST_3.7/MCT_LIB/include -I/home/tr16/COAWST_3.7//WRF/main -I/home/tr16/COAWST_3.7//WRF/external/esmf_time_f90 -I/home/tr16/COAWST_3.7//WRF/frame -I/home/tr16/COAWST_3.7//WRF/share ocean_control.f90
cd ./Build_roms; /opt/ohpc/pub/apps/openmpi-4.0.2/bin/mpif90 -c -frepack-arrays -O3 -ffast-math -O3 -ftree-vectorize -funroll-loops -w -ffree-form -ffree-line-length-none -frecord-marker=4 -fconvert=big-endian -I/usr/include -I/home/tr16/COAWST_3.7/MCT_LIB/include -I/home/tr16/COAWST_3.7//WRF/main -I/home/tr16/COAWST_3.7//WRF/external/esmf_time_f90 -I/home/tr16/COAWST_3.7//WRF/frame -I/home/tr16/COAWST_3.7//WRF/share abort.f90
cd ./Build_roms; /opt/ohpc/pub/apps/openmpi-4.0.2/bin/mpif90 -c -frepack-arrays -O3 -ffast-math -O3 -ftree-vectorize -funroll-loops -w -ffree-form -ffree-line-length-none -frecord-marker=4 -fconvert=big-endian -I/usr/include -I/home/tr16/COAWST_3.7/MCT_LIB/include -I/home/tr16/COAWST_3.7//WRF/main -I/home/tr16/COAWST_3.7//WRF/external/esmf_time_f90 -I/home/tr16/COAWST_3.7//WRF/frame -I/home/tr16/COAWST_3.7//WRF/share master.f90
[01m[Kmaster.f90:26:10:[m[K

   26 |       USE module_wrf_top, ONLY : wrf_init
      |          [01;31m[K1[m[K
[01;31m[KFatal Error:[m[K Cannot open module file ‘[01m[Kmodule_wrf_top.mod[m[K’ for reading at (1): No such file or directory
compilation terminated.
make: *** [Master/Module.mk:25: Build_roms/master.o] Error 1
make: *** Waiting for unfinished jobs....
]0;tr16@master:~/COAWST_3.7[tr16@master COAWST_3.7]$ exit
exit

Script done on 2025-04-28 15:06:51+07:00
