1

                    Execution started at 20250430.163046         



                    ---------------------------------------
                                     SWAN
                    SIMULATION OF WAVES IN NEAR SHORE AREAS
                             VERSION NUMBER 41.31               
                    ---------------------------------------


    
 
    
 $
    
 
    
 PROJECT 'KARIMUN' '001'
    
 SET 0 MAXERR 99  NAUTICAL
    
 &MODE NONSTationary TWODimensional
 &COORDinates SPHE CCM
 
    
 MODE NONSTATIONARY TWODIMENSIONAL
    
 &SET DEPMIN 0.05 INRHOG 1 NAUTICAL PWTAIL 5
 COORDINATES SPHERICAL
    
 
    
 
    
 && KEYWORD for number of nested SWAN grids.
 NSGRIDS 2
    
 
    
 && KEYWORDS TO CREATE AND READ COMPUTATIONAL GRID &&
 CGRID CURVILINEAR 97 73 EXC 9.999000e+003 9.999000e+003 CIRCLE 24 0.04 1.0 28
 Resolution in sigma-space: df/f =  0.1218
    
 READGRID COORDINATES 1 '/home/tr16/COAWST_3.7/Projects/karimun/swan3km.grd' 3 0 0 FREE
    
 
    
 && KEYWORDS TO CREATE AND READ BATHYMETRY GRID &&
 INPGRID BOTTOM CURVILINEAR 0 0 112 106 EXC 9.999000e+003
    
 READINP BOTTOM 1 '/home/tr16/COAWST_3.7/Projects/karimun/swan3km.bot' 3 0 FREE
 ** Error            : Unexpected end of file while reading UNKNOWN_FILE
   0.0000E+00  0.0000E+00  0.0000E+00  0.0000E+00  0.0000E+00  0.0000E+00  0.0000E+00  0.0000E+00  0.0000E+00  0.0000E+00
   0.0000E+00  0.0000E+00  0.0000E+00  0.0000E+00  0.0000E+00  0.0000E+00  0.0000E+00  0.0000E+00  0.0000E+00  0.0000E+00
   0.0000E+00  0.0000E+00  0.0000E+00  0.0000E+00  0.0000E+00  0.0000E+00  0.0000E+00  0.0000E+00  0.0000E+00  0.0000E+00
   0.0000E+00  0.0000E+00  0.0000E+00  0.0000E+00  0.0000E+00  0.0000E+00  0.0000E+00  0.0000E+00  0.0000E+00  0.0000E+00
   0.0000E+00  0.0000E+00  0.0000E+00  0.0000E+00  0.0000E+00  0.0000E+00  0.0000E+00  0.0000E+00  0.0000E+00  0.0000E+00
   0.0000E+00  0.0000E+00  0.0000E+00  0.0000E+00  0.0000E+00  0.0000E+00  0.0000E+00  0.0000E+00  0.0000E+00  0.0000E+00
   0.0000E+00  0.0000E+00  0.0000E+00  0.0000E+00  0.0000E+00  0.0000E+00  0.0000E+00  0.0000E+00  0.0000E+00  0.0000E+00
   0.0000E+00  0.0000E+00  0.0000E+00  0.0000E+00  0.0000E+00  0.0000E+00  0.0000E+00  0.0000E+00  0.0000E+00  0.0000E+00
   0.0000E+00  0.0000E+00  0.0000E+00  0.0000E+00  0.0000E+00  0.0000E+00  0.0000E+00  0.0000E+00  0.0000E+00  0.0000E+00
   0.0000E+00  0.0000E+00  0.0000E+00  0.0000E+00  0.0000E+00  0.0000E+00  0.0000E+00  0.0000E+00  0.0000E+00  0.0000E+00
   0.0000E+00  0.0000E+00  0.0000E+00  0.0000E+00  0.0000E+00  0.0000E+00  0.0000E+00  0.0000E+00  0.0000E+00  0.0000E+00
   0.0000E+00  0.0000E+00  0.0000E+00
   0.0000E+00  0.0000E+00  0.0000E+00  0.0000E+00  0.0000E+00  0.0000E+00  0.0000E+00  0.0000E+00  0.0000E+00  0.0000E+00
   0.0000E+00  0.0000E+00  0.0000E+00  0.0000E+00  0.0000E+00  0.0000E+00  0.0000E+00  0.0000E+00  0.0000E+00  0.0000E+00
   0.0000E+00  0.0000E+00  0.0000E+00  0.0000E+00  0.0000E+00  0.0000E+00  0.0000E+00  0.0000E+00  0.0000E+00  0.0000E+00
   0.0000E+00  0.0000E+00  0.0000E+00  0.0000E+00  0.0000E+00  0.0000E+00  0.0000E+00  0.0000E+00  0.0000E+00  0.0000E+00
   0.0000E+00  0.0000E+00  0.0000E+00  0.0000E+00  0.0000E+00  0.0000E+00  0.0000E+00  0.0000E+00  0.0000E+00  0.0000E+00
   0.0000E+00  0.0000E+00  0.0000E+00  0.0000E+00  0.0000E+00  0.0000E+00  0.0000E+00  0.0000E+00  0.0000E+00  0.0000E+00
   0.0000E+00  0.0000E+00  0.0000E+00  0.0000E+00  0.0000E+00  0.0000E+00  0.0000E+00  0.0000E+00  0.0000E+00  0.0000E+00
   0.0000E+00  0.0000E+00  0.0000E+00  0.0000E+00  0.0000E+00  0.0000E+00  0.0000E+00  0.0000E+00  0.0000E+00  0.0000E+00
   0.0000E+00  0.0000E+00  0.0000E+00  0.0000E+00  0.0000E+00  0.0000E+00  0.0000E+00  0.0000E+00  0.0000E+00  0.0000E+00
   0.0000E+00  0.0000E+00  0.0000E+00  0.0000E+00  0.0000E+00  0.0000E+00  0.0000E+00  0.0000E+00  0.0000E+00  0.0000E+00
   0.0000E+00  0.0000E+00  0.0000E+00  0.0000E+00  0.0000E+00  0.0000E+00  0.0000E+00  0.0000E+00  0.0000E+00  0.0000E+00
   0.0000E+00  0.0000E+00  0.0000E+00
   0.0000E+00  0.0000E+00  0.0000E+00  0.0000E+00  0.0000E+00  0.0000E+00  0.0000E+00  0.0000E+00  0.0000E+00  0.0000E+00
   0.0000E+00  0.0000E+00  0.0000E+00  0.0000E+00  0.0000E+00  0.0000E+00  0.0000E+00  0.0000E+00  0.0000E+00  0.0000E+00
   0.0000E+00  0.0000E+00  0.0000E+00  0.0000E+00  0.0000E+00  0.0000E+00  0.0000E+00  0.0000E+00  0.0000E+00  0.0000E+00
   0.0000E+00  0.0000E+00  0.0000E+00  0.0000E+00  0.0000E+00  0.0000E+00  0.0000E+00  0.0000E+00  0.0000E+00  0.0000E+00
   0.0000E+00  0.0000E+00  0.0000E+00  0.0000E+00  0.0000E+00  0.0000E+00  0.0000E+00  0.0000E+00  0.0000E+00  0.0000E+00
   0.0000E+00  0.0000E+00  0.0000E+00  0.0000E+00  0.0000E+00  0.0000E+00  0.0000E+00  0.0000E+00  0.0000E+00  0.0000E+00
   0.0000E+00  0.0000E+00  0.0000E+00  0.0000E+00  0.0000E+00  0.0000E+00  0.0000E+00  0.0000E+00  0.0000E+00  0.0000E+00
   0.0000E+00  0.0000E+00  0.0000E+00  0.0000E+00  0.0000E+00  0.0000E+00  0.0000E+00  0.0000E+00  0.0000E+00  0.0000E+00
   0.0000E+00  0.0000E+00  0.0000E+00  0.0000E+00  0.0000E+00  0.0000E+00  0.0000E+00  0.0000E+00  0.0000E+00  0.0000E+00
   0.0000E+00  0.0000E+00  0.0000E+00  0.0000E+00  0.0000E+00  0.0000E+00  0.0000E+00  0.0000E+00  0.0000E+00  0.0000E+00
   0.0000E+00  0.0000E+00  0.0000E+00  0.0000E+00  0.0000E+00  0.0000E+00  0.0000E+00  0.0000E+00  0.0000E+00  0.0000E+00
   0.0000E+00  0.0000E+00  0.0000E+00
   0.0000E+00  0.0000E+00  0.0000E+00  0.0000E+00  0.0000E+00  0.0000E+00  0.0000E+00  0.0000E+00  0.0000E+00  0.0000E+00
   0.0000E+00  0.0000E+00  0.0000E+00  0.0000E+00  0.0000E+00  0.0000E+00  0.0000E+00  0.0000E+00  0.0000E+00  0.0000E+00
   0.0000E+00  0.0000E+00  0.0000E+00  0.0000E+00  0.0000E+00  0.0000E+00  0.0000E+00  0.0000E+00  0.0000E+00  0.0000E+00
   0.0000E+00  0.0000E+00  0.0000E+00  0.0000E+00  0.0000E+00  0.0000E+00  0.0000E+00  0.0000E+00  0.0000E+00  0.0000E+00
   0.0000E+00  0.0000E+00  0.0000E+00  0.0000E+00  0.0000E+00  0.0000E+00  0.0000E+00  0.0000E+00  0.0000E+00  0.0000E+00
   0.0000E+00  0.0000E+00  0.0000E+00  0.0000E+00  0.0000E+00  0.0000E+00  0.0000E+00  0.0000E+00  0.0000E+00  0.0000E+00
   0.0000E+00  0.0000E+00  0.0000E+00  0.0000E+00  0.0000E+00  0.0000E+00  0.0000E+00  0.0000E+00  0.0000E+00  0.0000E+00
   0.0000E+00  0.0000E+00  0.0000E+00  0.0000E+00  0.0000E+00  0.0000E+00  0.0000E+00  0.0000E+00  0.0000E+00  0.0000E+00
   0.0000E+00  0.0000E+00  0.0000E+00  0.0000E+00  0.0000E+00  0.0000E+00  0.0000E+00  0.0000E+00  0.0000E+00  0.0000E+00
   0.0000E+00  0.0000E+00  0.0000E+00  0.0000E+00  0.0000E+00  0.0000E+00  0.0000E+00  0.0000E+00  0.0000E+00  0.0000E+00
   0.0000E+00  0.0000E+00  0.0000E+00  0.0000E+00  0.0000E+00  0.0000E+00  0.0000E+00  0.0000E+00  0.0000E+00  0.0000E+00
   0.0000E+00  0.0000E+00  0.0000E+00
   0.0000E+00  0.0000E+00  0.0000E+00  0.0000E+00  0.0000E+00  0.0000E+00  0.0000E+00  0.0000E+00  0.0000E+00  0.0000E+00
   0.0000E+00  0.0000E+00  0.0000E+00  0.0000E+00  0.0000E+00  0.0000E+00  0.0000E+00  0.0000E+00  0.0000E+00  0.0000E+00
   0.0000E+00  0.0000E+00  0.0000E+00  0.0000E+00  0.0000E+00  0.0000E+00  0.0000E+00  0.0000E+00  0.0000E+00  0.0000E+00
   0.0000E+00  0.0000E+00  0.0000E+00  0.0000E+00  0.0000E+00  0.0000E+00  0.0000E+00  0.0000E+00  0.0000E+00  0.0000E+00
   0.0000E+00  0.0000E+00  0.0000E+00  0.0000E+00  0.0000E+00  0.0000E+00  0.0000E+00  0.0000E+00  0.0000E+00  0.0000E+00
   0.0000E+00  0.0000E+00  0.0000E+00  0.0000E+00  0.0000E+00  0.0000E+00  0.0000E+00  0.0000E+00  0.0000E+00  0.0000E+00
   0.0000E+00  0.0000E+00  0.0000E+00  0.0000E+00  0.0000E+00  0.0000E+00  0.0000E+00  0.0000E+00  0.0000E+00  0.0000E+00
   0.0000E+00  0.0000E+00  0.0000E+00  0.0000E+00  0.0000E+00  0.0000E+00  0.0000E+00  0.0000E+00  0.0000E+00  0.0000E+00
   0.0000E+00  0.0000E+00  0.0000E+00  0.0000E+00  0.0000E+00  0.0000E+00  0.0000E+00  0.0000E+00  0.0000E+00  0.0000E+00
   0.0000E+00  0.0000E+00  0.0000E+00  0.0000E+00  0.0000E+00  0.0000E+00  0.0000E+00  0.0000E+00  0.0000E+00  0.0000E+00
   0.0000E+00  0.0000E+00  0.0000E+00  0.0000E+00  0.0000E+00  0.0000E+00  0.0000E+00  0.0000E+00  0.0000E+00  0.0000E+00
   0.0000E+00  0.0000E+00  0.0000E+00
   0.0000E+00  0.0000E+00  0.0000E+00  0.0000E+00  0.0000E+00  0.0000E+00  0.0000E+00  0.0000E+00  0.0000E+00  0.0000E+00
   0.0000E+00  0.0000E+00  0.0000E+00  0.0000E+00  0.0000E+00  0.0000E+00  0.0000E+00  0.0000E+00  0.0000E+00  0.0000E+00
   0.0000E+00  0.0000E+00  0.0000E+00  0.0000E+00  0.0000E+00  0.0000E+00  0.0000E+00  0.0000E+00  0.0000E+00  0.0000E+00
   0.0000E+00  0.0000E+00  0.0000E+00  0.0000E+00  0.0000E+00  0.0000E+00  0.0000E+00  0.0000E+00  0.0000E+00  0.0000E+00
   0.0000E+00  0.0000E+00  0.0000E+00  0.0000E+00  0.0000E+00  0.0000E+00  0.0000E+00  0.0000E+00  0.0000E+00  0.0000E+00
   0.0000E+00  0.0000E+00  0.0000E+00  0.0000E+00  0.0000E+00  0.0000E+00  0.0000E+00  0.0000E+00  0.0000E+00  0.0000E+00
   0.0000E+00  0.0000E+00  0.0000E+00  0.0000E+00  0.0000E+00  0.0000E+00  0.0000E+00  0.0000E+00  0.0000E+00  0.0000E+00
   0.0000E+00  0.0000E+00  0.0000E+00  0.0000E+00  0.0000E+00  0.0000E+00  0.0000E+00  0.0000E+00  0.0000E+00  0.0000E+00
   0.0000E+00  0.0000E+00  0.0000E+00  0.0000E+00  0.0000E+00  0.0000E+00  0.0000E+00  0.0000E+00  0.0000E+00  0.0000E+00
   0.0000E+00  0.0000E+00  0.0000E+00  0.0000E+00  0.0000E+00  0.0000E+00  0.0000E+00  0.0000E+00  0.0000E+00  0.0000E+00
   0.0000E+00  0.0000E+00  0.0000E+00  0.0000E+00  0.0000E+00  0.0000E+00  0.0000E+00  0.0000E+00  0.0000E+00  0.0000E+00
   0.0000E+00  0.0000E+00  0.0000E+00
   0.0000E+00  0.0000E+00  0.0000E+00  0.0000E+00  0.0000E+00  0.0000E+00  0.0000E+00  0.0000E+00  0.0000E+00  0.0000E+00
   0.0000E+00  0.0000E+00  0.0000E+00  0.0000E+00  0.0000E+00  0.0000E+00  0.0000E+00  0.0000E+00  0.0000E+00  0.0000E+00
   0.0000E+00  0.0000E+00  0.0000E+00  0.0000E+00  0.0000E+00  0.0000E+00  0.0000E+00  0.0000E+00  0.0000E+00  0.0000E+00
   0.0000E+00  0.0000E+00  0.0000E+00  0.0000E+00  0.0000E+00  0.0000E+00  0.0000E+00  0.0000E+00  0.0000E+00  0.0000E+00
   0.0000E+00  0.0000E+00  0.0000E+00  0.0000E+00  0.0000E+00  0.0000E+00  0.0000E+00  0.0000E+00  0.0000E+00  0.0000E+00
   0.0000E+00  0.0000E+00  0.0000E+00  0.0000E+00  0.0000E+00  0.0000E+00  0.0000E+00  0.0000E+00  0.0000E+00  0.0000E+00
   0.0000E+00  0.0000E+00  0.0000E+00  0.0000E+00  0.0000E+00  0.0000E+00  0.0000E+00  0.0000E+00  0.0000E+00  0.0000E+00
   0.0000E+00  0.0000E+00  0.0000E+00  0.0000E+00  0.0000E+00  0.0000E+00  0.0000E+00  0.0000E+00  0.0000E+00  0.0000E+00
   0.0000E+00  0.0000E+00  0.0000E+00  0.0000E+00  0.0000E+00  0.0000E+00  0.0000E+00  0.0000E+00  0.0000E+00  0.0000E+00
   0.0000E+00  0.0000E+00  0.0000E+00  0.0000E+00  0.0000E+00  0.0000E+00  0.0000E+00  0.0000E+00  0.0000E+00  0.0000E+00
   0.0000E+00  0.0000E+00  0.0000E+00  0.0000E+00  0.0000E+00  0.0000E+00  0.0000E+00  0.0000E+00  0.0000E+00  0.0000E+00
   0.0000E+00  0.0000E+00  0.0000E+00
   0.0000E+00  0.0000E+00  0.0000E+00  0.0000E+00  0.0000E+00  0.0000E+00  0.0000E+00  0.0000E+00  0.0000E+00  0.0000E+00
   0.0000E+00  0.0000E+00  0.0000E+00  0.0000E+00  0.0000E+00  0.0000E+00  0.0000E+00  0.0000E+00  0.0000E+00  0.0000E+00
   0.0000E+00  0.0000E+00  0.0000E+00  0.0000E+00  0.0000E+00  0.0000E+00  0.0000E+00  0.0000E+00  0.0000E+00  0.0000E+00
   0.0000E+00  0.0000E+00  0.0000E+00  0.0000E+00  0.0000E+00  0.0000E+00  0.0000E+00  0.0000E+00  0.0000E+00  0.0000E+00
   0.0000E+00  0.0000E+00  0.0000E+00  0.0000E+00  0.0000E+00  0.0000E+00  0.0000E+00  0.0000E+00  0.0000E+00  0.0000E+00
   0.0000E+00  0.0000E+00  0.0000E+00  0.0000E+00  0.0000E+00  0.0000E+00  0.0000E+00  0.0000E+00  0.0000E+00  0.0000E+00
   0.0000E+00  0.0000E+00  0.0000E+00  0.0000E+00  0.0000E+00  0.0000E+00  0.0000E+00  0.0000E+00  0.0000E+00  0.0000E+00
   0.0000E+00  0.0000E+00  0.0000E+00  0.0000E+00  0.0000E+00  0.0000E+00  0.0000E+00  0.0000E+00  0.0000E+00  0.0000E+00
   0.0000E+00  0.0000E+00  0.0000E+00  0.0000E+00  0.0000E+00  0.0000E+00  0.0000E+00  0.0000E+00  0.0000E+00  0.0000E+00
   0.0000E+00  0.0000E+00  0.0000E+00  0.0000E+00  0.0000E+00  0.0000E+00  0.0000E+00  0.0000E+00  0.0000E+00  0.0000E+00
   0.0000E+00  0.0000E+00  0.0000E+00  0.0000E+00  0.0000E+00  0.0000E+00  0.0000E+00  0.0000E+00  0.0000E+00  0.0000E+00
   0.0000E+00  0.0000E+00  0.0000E+00
   0.0000E+00  0.0000E+00  0.0000E+00  0.0000E+00  0.0000E+00  0.0000E+00  0.0000E+00  0.0000E+00  0.0000E+00  0.0000E+00
   0.0000E+00  0.0000E+00  0.0000E+00  0.0000E+00  0.0000E+00  0.0000E+00  0.0000E+00  0.0000E+00  0.0000E+00  0.0000E+00
   0.0000E+00  0.0000E+00  0.0000E+00  0.0000E+00  0.0000E+00  0.0000E+00  0.0000E+00  0.0000E+00  0.0000E+00  0.0000E+00
   0.0000E+00  0.0000E+00  0.0000E+00  0.0000E+00  0.0000E+00  0.0000E+00  0.0000E+00  0.0000E+00  0.0000E+00  0.0000E+00
   0.0000E+00  0.0000E+00  0.0000E+00  0.0000E+00  0.0000E+00  0.0000E+00  0.0000E+00  0.0000E+00  0.0000E+00  0.0000E+00
   0.0000E+00  0.0000E+00  0.0000E+00  0.0000E+00  0.0000E+00  0.0000E+00  0.0000E+00  0.0000E+00  0.0000E+00  0.0000E+00
   0.0000E+00  0.0000E+00  0.0000E+00  0.0000E+00  0.0000E+00  0.0000E+00  0.0000E+00  0.0000E+00  0.0000E+00  0.0000E+00
   0.0000E+00  0.0000E+00  0.0000E+00  0.0000E+00  0.0000E+00  0.0000E+00  0.0000E+00  0.0000E+00  0.0000E+00  0.0000E+00
   0.0000E+00  0.0000E+00  0.0000E+00  0.0000E+00  0.0000E+00  0.0000E+00  0.0000E+00  0.0000E+00  0.0000E+00  0.0000E+00
   0.0000E+00  0.0000E+00  0.0000E+00  0.0000E+00  0.0000E+00  0.0000E+00  0.0000E+00  0.0000E+00  0.0000E+00  0.0000E+00
   0.0000E+00  0.0000E+00  0.0000E+00  0.0000E+00  0.0000E+00  0.0000E+00  0.0000E+00  0.0000E+00  0.0000E+00  0.0000E+00
   0.0000E+00  0.0000E+00  0.0000E+00
   0.0000E+00  0.0000E+00  0.0000E+00  0.0000E+00  0.0000E+00  0.0000E+00  0.0000E+00  0.0000E+00  0.0000E+00  0.0000E+00
   0.0000E+00  0.0000E+00  0.0000E+00  0.0000E+00  0.0000E+00  0.0000E+00  0.0000E+00  0.0000E+00  0.0000E+00  0.0000E+00
   0.0000E+00  0.0000E+00  0.0000E+00  0.0000E+00  0.0000E+00  0.0000E+00  0.0000E+00  0.0000E+00  0.0000E+00  0.0000E+00
   0.0000E+00  0.0000E+00  0.0000E+00  0.0000E+00  0.0000E+00  0.0000E+00  0.0000E+00  0.0000E+00  0.0000E+00  0.0000E+00
   0.0000E+00  0.0000E+00  0.0000E+00  0.0000E+00  0.0000E+00  0.0000E+00  0.0000E+00  0.0000E+00  0.0000E+00  0.0000E+00
   0.0000E+00  0.0000E+00  0.0000E+00  0.0000E+00  0.0000E+00  0.0000E+00  0.0000E+00  0.0000E+00  0.0000E+00  0.0000E+00
   0.0000E+00  0.0000E+00  0.0000E+00  0.0000E+00  0.0000E+00  0.0000E+00  0.0000E+00  0.0000E+00  0.0000E+00  0.0000E+00
   0.0000E+00  0.0000E+00  0.0000E+00  0.0000E+00  0.0000E+00  0.0000E+00  0.0000E+00  0.0000E+00  0.0000E+00  0.0000E+00
   0.0000E+00  0.0000E+00  0.0000E+00  0.0000E+00  0.0000E+00  0.0000E+00  0.0000E+00  0.0000E+00  0.0000E+00  0.0000E+00
   0.0000E+00  0.0000E+00  0.0000E+00  0.0000E+00  0.0000E+00  0.0000E+00  0.0000E+00  0.0000E+00  0.0000E+00  0.0000E+00
   0.0000E+00  0.0000E+00  0.0000E+00  0.0000E+00  0.0000E+00  0.0000E+00  0.0000E+00  0.0000E+00  0.0000E+00  0.0000E+00
   0.0000E+00  0.0000E+00  0.0000E+00
   0.0000E+00  0.0000E+00  0.0000E+00  0.0000E+00  0.0000E+00  0.0000E+00  0.0000E+00  0.0000E+00  0.0000E+00  0.0000E+00
   0.0000E+00  0.0000E+00  0.0000E+00  0.0000E+00  0.0000E+00  0.0000E+00  0.0000E+00  0.0000E+00  0.0000E+00  0.0000E+00
   0.0000E+00  0.0000E+00  0.0000E+00  0.0000E+00  0.0000E+00  0.0000E+00  0.0000E+00  0.0000E+00  0.0000E+00  0.0000E+00
   0.0000E+00  0.0000E+00  0.0000E+00  0.0000E+00  0.0000E+00  0.0000E+00  0.0000E+00  0.0000E+00  0.0000E+00  0.0000E+00
   0.0000E+00  0.0000E+00  0.0000E+00  0.0000E+00  0.0000E+00  0.0000E+00  0.0000E+00  0.0000E+00  0.0000E+00  0.0000E+00
   0.0000E+00  0.0000E+00  0.0000E+00  0.0000E+00  0.0000E+00  0.0000E+00  0.0000E+00  0.0000E+00  0.0000E+00  0.0000E+00
   0.0000E+00  0.0000E+00  0.0000E+00  0.0000E+00  0.0000E+00  0.0000E+00  0.0000E+00  0.0000E+00  0.0000E+00  0.0000E+00
   0.0000E+00  0.0000E+00  0.0000E+00  0.0000E+00  0.0000E+00  0.0000E+00  0.0000E+00  0.0000E+00  0.0000E+00  0.0000E+00
   0.0000E+00  0.0000E+00  0.0000E+00  0.0000E+00  0.0000E+00  0.0000E+00  0.0000E+00  0.0000E+00  0.0000E+00  0.0000E+00
   0.0000E+00  0.0000E+00  0.0000E+00  0.0000E+00  0.0000E+00  0.0000E+00  0.0000E+00  0.0000E+00  0.0000E+00  0.0000E+00
   0.0000E+00  0.0000E+00  0.0000E+00  0.0000E+00  0.0000E+00  0.0000E+00  0.0000E+00  0.0000E+00  0.0000E+00  0.0000E+00
   0.0000E+00  0.0000E+00  0.0000E+00
   0.0000E+00  0.0000E+00  0.0000E+00  0.0000E+00  0.0000E+00  0.0000E+00  0.0000E+00  0.0000E+00  0.0000E+00  0.0000E+00
   0.0000E+00  0.0000E+00  0.0000E+00  0.0000E+00  0.0000E+00  0.0000E+00  0.0000E+00  0.0000E+00  0.0000E+00  0.0000E+00
   0.0000E+00  0.0000E+00  0.0000E+00  0.0000E+00  0.0000E+00  0.0000E+00  0.0000E+00  0.0000E+00  0.0000E+00  0.0000E+00
   0.0000E+00  0.0000E+00  0.0000E+00  0.0000E+00  0.0000E+00  0.0000E+00  0.0000E+00  0.0000E+00  0.0000E+00  0.0000E+00
   0.0000E+00  0.0000E+00  0.0000E+00  0.0000E+00  0.0000E+00  0.0000E+00  0.0000E+00  0.0000E+00  0.0000E+00  0.0000E+00
   0.0000E+00  0.0000E+00  0.0000E+00  0.0000E+00  0.0000E+00  0.0000E+00  0.0000E+00  0.0000E+00  0.0000E+00  0.0000E+00
   0.0000E+00  0.0000E+00  0.0000E+00  0.0000E+00  0.0000E+00  0.0000E+00  0.0000E+00  0.0000E+00  0.0000E+00  0.0000E+00
   0.0000E+00  0.0000E+00  0.0000E+00  0.0000E+00  0.0000E+00  0.0000E+00  0.0000E+00  0.0000E+00  0.0000E+00  0.0000E+00
   0.0000E+00  0.0000E+00  0.0000E+00  0.0000E+00  0.0000E+00  0.0000E+00  0.0000E+00  0.0000E+00  0.0000E+00  0.0000E+00
   0.0000E+00  0.0000E+00  0.0000E+00  0.0000E+00  0.0000E+00  0.0000E+00  0.0000E+00  0.0000E+00  0.0000E+00  0.0000E+00
   0.0000E+00  0.0000E+00  0.0000E+00  0.0000E+00  0.0000E+00  0.0000E+00  0.0000E+00  0.0000E+00  0.0000E+00  0.0000E+00
   0.0000E+00  0.0000E+00  0.0000E+00
   0.0000E+00  0.0000E+00  0.0000E+00  0.0000E+00  0.0000E+00  0.0000E+00  0.0000E+00  0.0000E+00  0.0000E+00  0.0000E+00
   0.0000E+00  0.0000E+00  0.0000E+00  0.0000E+00  0.0000E+00  0.0000E+00  0.0000E+00  0.0000E+00  0.0000E+00  0.0000E+00
   0.0000E+00  0.0000E+00  0.0000E+00  0.0000E+00  0.0000E+00  0.0000E+00  0.0000E+00  0.0000E+00  0.0000E+00  0.0000E+00
   0.0000E+00  0.0000E+00  0.0000E+00  0.0000E+00  0.0000E+00  0.0000E+00  0.0000E+00  0.0000E+00  0.0000E+00  0.0000E+00
   0.0000E+00  0.0000E+00  0.0000E+00  0.0000E+00  0.0000E+00  0.0000E+00  0.0000E+00  0.0000E+00  0.0000E+00  0.0000E+00
   0.0000E+00  0.0000E+00  0.0000E+00  0.0000E+00  0.0000E+00  0.0000E+00  0.0000E+00  0.0000E+00  0.0000E+00  0.0000E+00
   0.0000E+00  0.0000E+00  0.0000E+00  0.0000E+00  0.0000E+00  0.0000E+00  0.0000E+00  0.0000E+00  0.0000E+00  0.0000E+00
   0.0000E+00  0.0000E+00  0.0000E+00  0.0000E+00  0.0000E+00  0.0000E+00  0.0000E+00  0.0000E+00  0.0000E+00  0.0000E+00
   0.0000E+00  0.0000E+00  0.0000E+00  0.0000E+00  0.0000E+00  0.0000E+00  0.0000E+00  0.0000E+00  0.0000E+00  0.0000E+00
   0.0000E+00  0.0000E+00  0.0000E+00  0.0000E+00  0.0000E+00  0.0000E+00  0.0000E+00  0.0000E+00  0.0000E+00  0.0000E+00
   0.0000E+00  0.0000E+00  0.0000E+00  0.0000E+00  0.0000E+00  0.0000E+00  0.0000E+00  0.0000E+00  0.0000E+00  0.0000E+00
   0.0000E+00  0.0000E+00  0.0000E+00
   0.0000E+00  0.0000E+00  0.0000E+00  0.0000E+00  0.0000E+00  0.0000E+00  0.0000E+00  0.0000E+00  0.0000E+00  0.0000E+00
   0.0000E+00  0.0000E+00  0.0000E+00  0.0000E+00  0.0000E+00  0.0000E+00  0.0000E+00  0.0000E+00  0.0000E+00  0.0000E+00
   0.0000E+00  0.0000E+00  0.0000E+00  0.0000E+00  0.0000E+00  0.0000E+00  0.0000E+00  0.0000E+00  0.0000E+00  0.0000E+00
   0.0000E+00  0.0000E+00  0.0000E+00  0.0000E+00  0.0000E+00  0.0000E+00  0.0000E+00  0.0000E+00  0.0000E+00  0.0000E+00
   0.0000E+00  0.0000E+00  0.0000E+00  0.0000E+00  0.0000E+00  0.0000E+00  0.0000E+00  0.0000E+00  0.0000E+00  0.0000E+00
   0.0000E+00  0.0000E+00  0.0000E+00  0.0000E+00  0.0000E+00  0.0000E+00  0.0000E+00  0.0000E+00  0.0000E+00  0.0000E+00
   0.0000E+00  0.0000E+00  0.0000E+00  0.0000E+00  0.0000E+00  0.0000E+00  0.0000E+00  0.0000E+00  0.0000E+00  0.0000E+00
   0.0000E+00  0.0000E+00  0.0000E+00  0.0000E+00  0.0000E+00  0.0000E+00  0.0000E+00  0.0000E+00  0.0000E+00  0.0000E+00
   0.0000E+00  0.0000E+00  0.0000E+00  0.0000E+00  0.0000E+00  0.0000E+00  0.0000E+00  0.0000E+00  0.0000E+00  0.0000E+00
   0.0000E+00  0.0000E+00  0.0000E+00  0.0000E+00  0.0000E+00  0.0000E+00  0.0000E+00  0.0000E+00  0.0000E+00  0.0000E+00
   0.0000E+00  0.0000E+00  0.0000E+00  0.0000E+00  0.0000E+00  0.0000E+00  0.0000E+00  0.0000E+00  0.0000E+00  0.0000E+00
   0.0000E+00  0.0000E+00  0.0000E+00
   0.0000E+00  0.0000E+00  0.0000E+00  0.0000E+00  0.0000E+00  0.0000E+00  0.0000E+00  0.0000E+00  0.0000E+00  0.0000E+00
   0.0000E+00  0.0000E+00  0.0000E+00  0.0000E+00  0.0000E+00  0.0000E+00  0.0000E+00  0.0000E+00  0.0000E+00  0.0000E+00
   0.0000E+00  0.0000E+00  0.0000E+00  0.0000E+00  0.0000E+00  0.0000E+00  0.0000E+00  0.0000E+00  0.0000E+00  0.0000E+00
   0.0000E+00  0.0000E+00  0.0000E+00  0.0000E+00  0.0000E+00  0.0000E+00  0.0000E+00  0.0000E+00  0.0000E+00  0.0000E+00
   0.0000E+00  0.0000E+00  0.0000E+00  0.0000E+00  0.0000E+00  0.0000E+00  0.0000E+00  0.0000E+00  0.0000E+00  0.0000E+00
   0.0000E+00  0.0000E+00  0.0000E+00  0.0000E+00  0.0000E+00  0.0000E+00  0.0000E+00  0.0000E+00  0.0000E+00  0.0000E+00
   0.0000E+00  0.0000E+00  0.0000E+00  0.0000E+00  0.0000E+00  0.0000E+00  0.0000E+00  0.0000E+00  0.0000E+00  0.0000E+00
   0.0000E+00  0.0000E+00  0.0000E+00  0.0000E+00  0.0000E+00  0.0000E+00  0.0000E+00  0.0000E+00  0.0000E+00  0.0000E+00
   0.0000E+00  0.0000E+00  0.0000E+00  0.0000E+00  0.0000E+00  0.0000E+00  0.0000E+00  0.0000E+00  0.0000E+00  0.0000E+00
   0.0000E+00  0.0000E+00  0.0000E+00  0.0000E+00  0.0000E+00  0.0000E+00  0.0000E+00  0.0000E+00  0.0000E+00  0.0000E+00
   0.0000E+00  0.0000E+00  0.0000E+00  0.0000E+00  0.0000E+00  0.0000E+00  0.0000E+00  0.0000E+00  0.0000E+00  0.0000E+00
   0.0000E+00  0.0000E+00  0.0000E+00
   0.0000E+00  0.0000E+00  0.0000E+00  0.0000E+00  0.0000E+00  0.0000E+00  0.0000E+00  0.0000E+00  0.0000E+00  0.0000E+00
   0.0000E+00  0.0000E+00  0.0000E+00  0.0000E+00  0.0000E+00  0.0000E+00  0.0000E+00  0.0000E+00  0.0000E+00  0.0000E+00
   0.0000E+00  0.0000E+00  0.0000E+00  0.0000E+00  0.0000E+00  0.0000E+00  0.0000E+00  0.0000E+00  0.0000E+00  0.0000E+00
   0.0000E+00  0.0000E+00  0.0000E+00  0.0000E+00  0.0000E+00  0.0000E+00  0.0000E+00  0.0000E+00  0.0000E+00  0.0000E+00
   0.0000E+00  0.0000E+00  0.0000E+00  0.0000E+00  0.0000E+00  0.0000E+00  0.0000E+00  0.0000E+00  0.0000E+00  0.0000E+00
   0.0000E+00  0.0000E+00  0.0000E+00  0.0000E+00  0.0000E+00  0.0000E+00  0.0000E+00  0.0000E+00  0.0000E+00  0.0000E+00
   0.0000E+00  0.0000E+00  0.0000E+00  0.0000E+00  0.0000E+00  0.0000E+00  0.0000E+00  0.0000E+00  0.0000E+00  0.0000E+00
   0.0000E+00  0.0000E+00  0.0000E+00  0.0000E+00  0.0000E+00  0.0000E+00  0.0000E+00  0.0000E+00  0.0000E+00  0.0000E+00
   0.0000E+00  0.0000E+00  0.0000E+00  0.0000E+00  0.0000E+00  0.0000E+00  0.0000E+00  0.0000E+00  0.0000E+00  0.0000E+00
   0.0000E+00  0.0000E+00  0.0000E+00  0.0000E+00  0.0000E+00  0.0000E+00  0.0000E+00  0.0000E+00  0.0000E+00  0.0000E+00
   0.0000E+00  0.0000E+00  0.0000E+00  0.0000E+00  0.0000E+00  0.0000E+00  0.0000E+00  0.0000E+00  0.0000E+00  0.0000E+00
   0.0000E+00  0.0000E+00  0.0000E+00
   0.0000E+00  0.0000E+00  0.0000E+00  0.0000E+00  0.0000E+00  0.0000E+00  0.0000E+00  0.0000E+00  0.0000E+00  0.0000E+00
   0.0000E+00  0.0000E+00  0.0000E+00  0.0000E+00  0.0000E+00  0.0000E+00  0.0000E+00  0.0000E+00  0.0000E+00  0.0000E+00
   0.0000E+00  0.0000E+00  0.0000E+00  0.0000E+00  0.0000E+00  0.0000E+00  0.0000E+00  0.0000E+00  0.0000E+00  0.0000E+00
   0.0000E+00  0.0000E+00  0.0000E+00  0.0000E+00  0.0000E+00  0.0000E+00  0.0000E+00  0.0000E+00  0.0000E+00  0.0000E+00
   0.0000E+00  0.0000E+00  0.0000E+00  0.0000E+00  0.0000E+00  0.0000E+00  0.0000E+00  0.0000E+00  0.0000E+00  0.0000E+00
   0.0000E+00  0.0000E+00  0.0000E+00  0.0000E+00  0.0000E+00  0.0000E+00  0.0000E+00  0.0000E+00  0.0000E+00  0.0000E+00
   0.0000E+00  0.0000E+00  0.0000E+00  0.0000E+00  0.0000E+00  0.0000E+00  0.0000E+00  0.0000E+00  0.0000E+00  0.0000E+00
   0.0000E+00  0.0000E+00  0.0000E+00  0.0000E+00  0.0000E+00  0.0000E+00  0.0000E+00  0.0000E+00  0.0000E+00  0.0000E+00
   0.0000E+00  0.0000E+00  0.0000E+00  0.0000E+00  0.0000E+00  0.0000E+00  0.0000E+00  0.0000E+00  0.0000E+00  0.0000E+00
   0.0000E+00  0.0000E+00  0.0000E+00  0.0000E+00  0.0000E+00  0.0000E+00  0.0000E+00  0.0000E+00  0.0000E+00  0.0000E+00
   0.0000E+00  0.0000E+00  0.0000E+00  0.0000E+00  0.0000E+00  0.0000E+00  0.0000E+00  0.0000E+00  0.0000E+00  0.0000E+00
   0.0000E+00  0.0000E+00  0.0000E+00
   0.0000E+00  0.0000E+00  0.0000E+00  0.0000E+00  0.0000E+00  0.0000E+00  0.0000E+00  0.0000E+00  0.0000E+00  0.0000E+00
   0.0000E+00  0.0000E+00  0.0000E+00  0.0000E+00  0.0000E+00  0.0000E+00  0.0000E+00  0.0000E+00  0.0000E+00  0.0000E+00
   0.0000E+00  0.0000E+00  0.0000E+00  0.0000E+00  0.0000E+00  0.0000E+00  0.0000E+00  0.0000E+00  0.0000E+00  0.0000E+00
   0.0000E+00  0.0000E+00  0.0000E+00  0.0000E+00  0.0000E+00  0.0000E+00  0.0000E+00  0.0000E+00  0.0000E+00  0.0000E+00
   0.0000E+00  0.0000E+00  0.0000E+00  0.0000E+00  0.0000E+00  0.0000E+00  0.0000E+00  0.0000E+00  0.0000E+00  0.0000E+00
   0.0000E+00  0.0000E+00  0.0000E+00  0.0000E+00  0.0000E+00  0.0000E+00  0.0000E+00  0.0000E+00  0.0000E+00  0.0000E+00
   0.0000E+00  0.0000E+00  0.0000E+00  0.0000E+00  0.0000E+00  0.0000E+00  0.0000E+00  0.0000E+00  0.0000E+00  0.0000E+00
   0.0000E+00  0.0000E+00  0.0000E+00  0.0000E+00  0.0000E+00  0.0000E+00  0.0000E+00  0.0000E+00  0.0000E+00  0.0000E+00
   0.0000E+00  0.0000E+00  0.0000E+00  0.0000E+00  0.0000E+00  0.0000E+00  0.0000E+00  0.0000E+00  0.0000E+00  0.0000E+00
   0.0000E+00  0.0000E+00  0.0000E+00  0.0000E+00  0.0000E+00  0.0000E+00  0.0000E+00  0.0000E+00  0.0000E+00  0.0000E+00
   0.0000E+00  0.0000E+00  0.0000E+00  0.0000E+00  0.0000E+00  0.0000E+00  0.0000E+00  0.0000E+00  0.0000E+00  0.0000E+00
   0.0000E+00  0.0000E+00  0.0000E+00
   0.0000E+00  0.0000E+00  0.0000E+00  0.0000E+00  0.0000E+00  0.0000E+00  0.0000E+00  0.0000E+00  0.0000E+00  0.0000E+00
   0.0000E+00  0.0000E+00  0.0000E+00  0.0000E+00  0.0000E+00  0.0000E+00  0.0000E+00  0.0000E+00  0.0000E+00  0.0000E+00
   0.0000E+00  0.0000E+00  0.0000E+00  0.0000E+00  0.0000E+00  0.0000E+00  0.0000E+00  0.0000E+00  0.0000E+00  0.0000E+00
   0.0000E+00  0.0000E+00  0.0000E+00  0.0000E+00  0.0000E+00  0.0000E+00  0.0000E+00  0.0000E+00  0.0000E+00  0.0000E+00
   0.0000E+00  0.0000E+00  0.0000E+00  0.0000E+00  0.0000E+00  0.0000E+00  0.0000E+00  0.0000E+00  0.0000E+00  0.0000E+00
   0.0000E+00  0.0000E+00  0.0000E+00  0.0000E+00  0.0000E+00  0.0000E+00  0.0000E+00  0.0000E+00  0.0000E+00  0.0000E+00
   0.0000E+00  0.0000E+00  0.0000E+00  0.0000E+00  0.0000E+00  0.0000E+00  0.0000E+00  0.0000E+00  0.0000E+00  0.0000E+00
   0.0000E+00  0.0000E+00  0.0000E+00  0.0000E+00  0.0000E+00  0.0000E+00  0.0000E+00  0.0000E+00  0.0000E+00  0.0000E+00
   0.0000E+00  0.0000E+00  0.0000E+00  0.0000E+00  0.0000E+00  0.0000E+00  0.0000E+00  0.0000E+00  0.0000E+00  0.0000E+00
   0.0000E+00  0.0000E+00  0.0000E+00  0.0000E+00  0.0000E+00  0.0000E+00  0.0000E+00  0.0000E+00  0.0000E+00  0.0000E+00
   0.0000E+00  0.0000E+00  0.0000E+00  0.0000E+00  0.0000E+00  0.0000E+00  0.0000E+00  0.0000E+00  0.0000E+00  0.0000E+00
   0.0000E+00  0.0000E+00  0.0000E+00
   0.0000E+00  0.0000E+00  0.0000E+00  0.0000E+00  0.0000E+00  0.0000E+00  0.0000E+00  0.0000E+00  0.0000E+00  0.0000E+00
   0.0000E+00  0.0000E+00  0.0000E+00  0.0000E+00  0.0000E+00  0.0000E+00  0.0000E+00  0.0000E+00  0.0000E+00  0.0000E+00
   0.0000E+00  0.0000E+00  0.0000E+00  0.0000E+00  0.0000E+00  0.0000E+00  0.0000E+00  0.0000E+00  0.0000E+00  0.0000E+00
   0.0000E+00  0.0000E+00  0.0000E+00  0.0000E+00  0.0000E+00  0.0000E+00  0.0000E+00  0.0000E+00  0.0000E+00  0.0000E+00
   0.0000E+00  0.0000E+00  0.0000E+00  0.0000E+00  0.0000E+00  0.0000E+00  0.0000E+00  0.0000E+00  0.0000E+00  0.0000E+00
   0.0000E+00  0.0000E+00  0.0000E+00  0.0000E+00  0.0000E+00  0.0000E+00  0.0000E+00  0.0000E+00  0.0000E+00  0.0000E+00
   0.0000E+00  0.0000E+00  0.0000E+00  0.0000E+00  0.0000E+00  0.0000E+00  0.0000E+00  0.0000E+00  0.0000E+00  0.0000E+00
   0.0000E+00  0.0000E+00  0.0000E+00  0.0000E+00  0.0000E+00  0.0000E+00  0.0000E+00  0.0000E+00  0.0000E+00  0.0000E+00
   0.0000E+00  0.0000E+00  0.0000E+00  0.0000E+00  0.0000E+00  0.0000E+00  0.0000E+00  0.0000E+00  0.0000E+00  0.0000E+00
   0.0000E+00  0.0000E+00  0.0000E+00  0.0000E+00  0.0000E+00  0.0000E+00  0.0000E+00  0.0000E+00  0.0000E+00  0.0000E+00
   0.0000E+00  0.0000E+00  0.0000E+00  0.0000E+00  0.0000E+00  0.0000E+00  0.0000E+00  0.0000E+00  0.0000E+00  0.0000E+00
   0.0000E+00  0.0000E+00  0.0000E+00
   0.0000E+00  0.0000E+00  0.0000E+00  0.0000E+00  0.0000E+00  0.0000E+00  0.0000E+00  0.0000E+00  0.0000E+00  0.0000E+00
   0.0000E+00  0.0000E+00  0.0000E+00  0.0000E+00  0.0000E+00  0.0000E+00  0.0000E+00  0.0000E+00  0.0000E+00  0.0000E+00
   0.0000E+00  0.0000E+00  0.0000E+00  0.0000E+00  0.0000E+00  0.0000E+00  0.0000E+00  0.0000E+00  0.0000E+00  0.0000E+00
   0.0000E+00  0.0000E+00  0.0000E+00  0.0000E+00  0.0000E+00  0.0000E+00  0.0000E+00  0.0000E+00  0.0000E+00  0.0000E+00
   0.0000E+00  0.0000E+00  0.0000E+00  0.0000E+00  0.0000E+00  0.0000E+00  0.0000E+00  0.0000E+00  0.0000E+00  0.0000E+00
   0.0000E+00  0.0000E+00  0.0000E+00  0.0000E+00  0.0000E+00  0.0000E+00  0.0000E+00  0.0000E+00  0.0000E+00  0.0000E+00
   0.0000E+00  0.0000E+00  0.0000E+00  0.0000E+00  0.0000E+00  0.0000E+00  0.0000E+00  0.0000E+00  0.0000E+00  0.0000E+00
   0.0000E+00  0.0000E+00  0.0000E+00  0.0000E+00  0.0000E+00  0.0000E+00  0.0000E+00  0.0000E+00  0.0000E+00  0.0000E+00
   0.0000E+00  0.0000E+00  0.0000E+00  0.0000E+00  0.0000E+00  0.0000E+00  0.0000E+00  0.0000E+00  0.0000E+00  0.0000E+00
   0.0000E+00  0.0000E+00  0.0000E+00  0.0000E+00  0.0000E+00  0.0000E+00  0.0000E+00  0.0000E+00  0.0000E+00  0.0000E+00
   0.0000E+00  0.0000E+00  0.0000E+00  0.0000E+00  0.0000E+00  0.0000E+00  0.0000E+00  0.0000E+00  0.0000E+00  0.0000E+00
   0.0000E+00  0.0000E+00  0.0000E+00
   0.0000E+00  0.0000E+00  0.0000E+00  0.0000E+00  0.0000E+00  0.0000E+00  0.0000E+00  0.0000E+00  0.0000E+00  0.0000E+00
   0.0000E+00  0.0000E+00  0.0000E+00  0.0000E+00  0.0000E+00  0.0000E+00  0.0000E+00  0.0000E+00  0.0000E+00  0.0000E+00
   0.0000E+00  0.0000E+00  0.0000E+00  0.0000E+00  0.0000E+00  0.0000E+00  0.0000E+00  0.0000E+00  0.0000E+00  0.0000E+00
   0.0000E+00  0.0000E+00  0.0000E+00  0.0000E+00  0.0000E+00  0.0000E+00  0.0000E+00  0.0000E+00  0.0000E+00  0.0000E+00
   0.0000E+00  0.0000E+00  0.0000E+00  0.0000E+00  0.0000E+00  0.0000E+00  0.0000E+00  0.0000E+00  0.0000E+00  0.0000E+00
   0.0000E+00  0.0000E+00  0.0000E+00  0.0000E+00  0.0000E+00  0.0000E+00  0.0000E+00  0.0000E+00  0.0000E+00  0.0000E+00
   0.0000E+00  0.0000E+00  0.0000E+00  0.0000E+00  0.0000E+00  0.0000E+00  0.0000E+00  0.0000E+00  0.0000E+00  0.0000E+00
   0.0000E+00  0.0000E+00  0.0000E+00  0.0000E+00  0.0000E+00  0.0000E+00  0.0000E+00  0.0000E+00  0.0000E+00  0.0000E+00
   0.0000E+00  0.0000E+00  0.0000E+00  0.0000E+00  0.0000E+00  0.0000E+00  0.0000E+00  0.0000E+00  0.0000E+00  0.0000E+00
   0.0000E+00  0.0000E+00  0.0000E+00  0.0000E+00  0.0000E+00  0.0000E+00  0.0000E+00  0.0000E+00  0.0000E+00  0.0000E+00
   0.0000E+00  0.0000E+00  0.0000E+00  0.0000E+00  0.0000E+00  0.0000E+00  0.0000E+00  0.0000E+00  0.0000E+00  0.0000E+00
   0.0000E+00  0.0000E+00  0.0000E+00
   0.0000E+00  0.0000E+00  0.0000E+00  0.0000E+00  0.0000E+00  0.0000E+00  0.0000E+00  0.0000E+00  0.0000E+00  0.0000E+00
   0.0000E+00  0.0000E+00  0.0000E+00  0.0000E+00  0.0000E+00  0.0000E+00  0.0000E+00  0.0000E+00  0.0000E+00  0.0000E+00
   0.0000E+00  0.0000E+00  0.0000E+00  0.0000E+00  0.0000E+00  0.0000E+00  0.0000E+00  0.0000E+00  0.0000E+00  0.0000E+00
   0.0000E+00  0.0000E+00  0.0000E+00  0.0000E+00  0.0000E+00  0.0000E+00  0.0000E+00  0.0000E+00  0.0000E+00  0.0000E+00
   0.0000E+00  0.0000E+00  0.0000E+00  0.0000E+00  0.0000E+00  0.0000E+00  0.0000E+00  0.0000E+00  0.0000E+00  0.0000E+00
   0.0000E+00  0.0000E+00  0.0000E+00  0.0000E+00  0.0000E+00  0.0000E+00  0.0000E+00  0.0000E+00  0.0000E+00  0.0000E+00
   0.0000E+00  0.0000E+00  0.0000E+00  0.0000E+00  0.0000E+00  0.0000E+00  0.0000E+00  0.0000E+00  0.0000E+00  0.0000E+00
   0.0000E+00  0.0000E+00  0.0000E+00  0.0000E+00  0.0000E+00  0.0000E+00  0.0000E+00  0.0000E+00  0.0000E+00  0.0000E+00
   0.0000E+00  0.0000E+00  0.0000E+00  0.0000E+00  0.0000E+00  0.0000E+00  0.0000E+00  0.0000E+00  0.0000E+00  0.0000E+00
   0.0000E+00  0.0000E+00  0.0000E+00  0.0000E+00  0.0000E+00  0.0000E+00  0.0000E+00  0.0000E+00  0.0000E+00  0.0000E+00
   0.0000E+00  0.0000E+00  0.0000E+00  0.0000E+00  0.0000E+00  0.0000E+00  0.0000E+00  0.0000E+00  0.0000E+00  0.0000E+00
   0.0000E+00  0.0000E+00  0.0000E+00
   0.0000E+00  0.0000E+00  0.0000E+00  0.0000E+00  0.0000E+00  0.0000E+00  0.0000E+00  0.0000E+00  0.0000E+00  0.0000E+00
   0.0000E+00  0.0000E+00  0.0000E+00  0.0000E+00  0.0000E+00  0.0000E+00  0.0000E+00  0.0000E+00  0.0000E+00  0.0000E+00
   0.0000E+00  0.0000E+00  0.0000E+00  0.0000E+00  0.0000E+00  0.0000E+00  0.0000E+00  0.0000E+00  0.0000E+00  0.0000E+00
   0.0000E+00  0.0000E+00  0.0000E+00  0.0000E+00  0.0000E+00  0.0000E+00  0.0000E+00  0.0000E+00  0.0000E+00  0.0000E+00
   0.0000E+00  0.0000E+00  0.0000E+00  0.0000E+00  0.0000E+00  0.0000E+00  0.0000E+00  0.0000E+00  0.0000E+00  0.0000E+00
   0.0000E+00  0.0000E+00  0.0000E+00  0.0000E+00  0.0000E+00  0.0000E+00  0.0000E+00  0.0000E+00  0.0000E+00  0.0000E+00
   0.0000E+00  0.0000E+00  0.0000E+00  0.0000E+00  0.0000E+00  0.0000E+00  0.0000E+00  0.0000E+00  0.0000E+00  0.0000E+00
   0.0000E+00  0.0000E+00  0.0000E+00  0.0000E+00  0.0000E+00  0.0000E+00  0.0000E+00  0.0000E+00  0.0000E+00  0.0000E+00
   0.0000E+00  0.0000E+00  0.0000E+00  0.0000E+00  0.0000E+00  0.0000E+00  0.0000E+00  0.0000E+00  0.0000E+00  0.0000E+00
   0.0000E+00  0.0000E+00  0.0000E+00  0.0000E+00  0.0000E+00  0.0000E+00  0.0000E+00  0.0000E+00  0.0000E+00  0.0000E+00
   0.0000E+00  0.0000E+00  0.0000E+00  0.0000E+00  0.0000E+00  0.0000E+00  0.0000E+00  0.0000E+00  0.0000E+00  0.0000E+00
   0.0000E+00  0.0000E+00  0.0000E+00
   0.0000E+00  0.0000E+00  0.0000E+00  0.0000E+00  0.0000E+00  0.0000E+00  0.0000E+00  0.0000E+00  0.0000E+00  0.0000E+00
   0.0000E+00  0.0000E+00  0.0000E+00  0.0000E+00  0.0000E+00  0.0000E+00  0.0000E+00  0.0000E+00  0.0000E+00  0.0000E+00
   0.0000E+00  0.0000E+00  0.0000E+00  0.0000E+00  0.0000E+00  0.0000E+00  0.0000E+00  0.0000E+00  0.0000E+00  0.0000E+00
   0.0000E+00  0.0000E+00  0.0000E+00  0.0000E+00  0.0000E+00  0.0000E+00  0.0000E+00  0.0000E+00  0.0000E+00  0.0000E+00
   0.0000E+00  0.0000E+00  0.0000E+00  0.0000E+00  0.0000E+00  0.0000E+00  0.0000E+00  0.0000E+00  0.0000E+00  0.0000E+00
   0.0000E+00  0.0000E+00  0.0000E+00  0.0000E+00  0.0000E+00  0.0000E+00  0.0000E+00  0.0000E+00  0.0000E+00  0.0000E+00
   0.0000E+00  0.0000E+00  0.0000E+00  0.0000E+00  0.0000E+00  0.0000E+00  0.0000E+00  0.0000E+00  0.0000E+00  0.0000E+00
   0.0000E+00  0.0000E+00  0.0000E+00  0.0000E+00  0.0000E+00  0.0000E+00  0.0000E+00  0.0000E+00  0.0000E+00  0.0000E+00
   0.0000E+00  0.0000E+00  0.0000E+00  0.0000E+00  0.0000E+00  0.0000E+00  0.0000E+00  0.0000E+00  0.0000E+00  0.0000E+00
   0.0000E+00  0.0000E+00  0.0000E+00  0.0000E+00  0.0000E+00  0.0000E+00  0.0000E+00  0.0000E+00  0.0000E+00  0.0000E+00
   0.0000E+00  0.0000E+00  0.0000E+00  0.0000E+00  0.0000E+00  0.0000E+00  0.0000E+00  0.0000E+00  0.0000E+00  0.0000E+00
   0.0000E+00  0.0000E+00  0.0000E+00
   0.0000E+00  0.0000E+00  0.0000E+00  0.0000E+00  0.0000E+00  0.0000E+00  0.0000E+00  0.0000E+00  0.0000E+00  0.0000E+00
   0.0000E+00  0.0000E+00  0.0000E+00  0.0000E+00  0.0000E+00  0.0000E+00  0.0000E+00  0.0000E+00  0.0000E+00  0.0000E+00
   0.0000E+00  0.0000E+00  0.0000E+00  0.0000E+00  0.0000E+00  0.0000E+00  0.0000E+00  0.0000E+00  0.0000E+00  0.0000E+00
   0.0000E+00  0.0000E+00  0.0000E+00  0.0000E+00  0.0000E+00  0.0000E+00  0.0000E+00  0.0000E+00  0.0000E+00  0.0000E+00
   0.0000E+00  0.0000E+00  0.0000E+00  0.0000E+00  0.0000E+00  0.0000E+00  0.0000E+00  0.0000E+00  0.0000E+00  0.0000E+00
   0.0000E+00  0.0000E+00  0.0000E+00  0.0000E+00  0.0000E+00  0.0000E+00  0.0000E+00  0.0000E+00  0.0000E+00  0.0000E+00
   0.0000E+00  0.0000E+00  0.0000E+00  0.0000E+00  0.0000E+00  0.0000E+00  0.0000E+00  0.0000E+00  0.0000E+00  0.0000E+00
   0.0000E+00  0.0000E+00  0.0000E+00  0.0000E+00  0.0000E+00  0.0000E+00  0.0000E+00  0.0000E+00  0.0000E+00  0.0000E+00
   0.0000E+00  0.0000E+00  0.0000E+00  0.0000E+00  0.0000E+00  0.0000E+00  0.0000E+00  0.0000E+00  0.0000E+00  0.0000E+00
   0.0000E+00  0.0000E+00  0.0000E+00  0.0000E+00  0.0000E+00  0.0000E+00  0.0000E+00  0.0000E+00  0.0000E+00  0.0000E+00
   0.0000E+00  0.0000E+00  0.0000E+00  0.0000E+00  0.0000E+00  0.0000E+00  0.0000E+00  0.0000E+00  0.0000E+00  0.0000E+00
   0.0000E+00  0.0000E+00  0.0000E+00
   0.0000E+00  0.0000E+00  0.0000E+00  0.0000E+00  0.0000E+00  0.0000E+00  0.0000E+00  0.0000E+00  0.0000E+00  0.0000E+00
   0.0000E+00  0.0000E+00  0.0000E+00  0.0000E+00  0.0000E+00  0.0000E+00  0.0000E+00  0.0000E+00  0.0000E+00  0.0000E+00
   0.0000E+00  0.0000E+00  0.0000E+00  0.0000E+00  0.0000E+00  0.0000E+00  0.0000E+00  0.0000E+00  0.0000E+00  0.0000E+00
   0.0000E+00  0.0000E+00  0.0000E+00  0.0000E+00  0.0000E+00  0.0000E+00  0.0000E+00  0.0000E+00  0.0000E+00  0.0000E+00
   0.0000E+00  0.0000E+00  0.0000E+00  0.0000E+00  0.0000E+00  0.0000E+00  0.0000E+00  0.0000E+00  0.0000E+00  0.0000E+00
   0.0000E+00  0.0000E+00  0.0000E+00  0.0000E+00  0.0000E+00  0.0000E+00  0.0000E+00  0.0000E+00  0.0000E+00  0.0000E+00
   0.0000E+00  0.0000E+00  0.0000E+00  0.0000E+00  0.0000E+00  0.0000E+00  0.0000E+00  0.0000E+00  0.0000E+00  0.0000E+00
   0.0000E+00  0.0000E+00  0.0000E+00  0.0000E+00  0.0000E+00  0.0000E+00  0.0000E+00  0.0000E+00  0.0000E+00  0.0000E+00
   0.0000E+00  0.0000E+00  0.0000E+00  0.0000E+00  0.0000E+00  0.0000E+00  0.0000E+00  0.0000E+00  0.0000E+00  0.0000E+00
   0.0000E+00  0.0000E+00  0.0000E+00  0.0000E+00  0.0000E+00  0.0000E+00  0.0000E+00  0.0000E+00  0.0000E+00  0.0000E+00
   0.0000E+00  0.0000E+00  0.0000E+00  0.0000E+00  0.0000E+00  0.0000E+00  0.0000E+00  0.0000E+00  0.0000E+00  0.0000E+00
   0.0000E+00  0.0000E+00  0.0000E+00
   0.0000E+00  0.0000E+00  0.0000E+00  0.0000E+00  0.0000E+00  0.0000E+00  0.0000E+00  0.0000E+00  0.0000E+00  0.0000E+00
   0.0000E+00  0.0000E+00  0.0000E+00  0.0000E+00  0.0000E+00  0.0000E+00  0.0000E+00  0.0000E+00  0.0000E+00  0.0000E+00
   0.0000E+00  0.0000E+00  0.0000E+00  0.0000E+00  0.0000E+00  0.0000E+00  0.0000E+00  0.0000E+00  0.0000E+00  0.0000E+00
   0.0000E+00  0.0000E+00  0.0000E+00  0.0000E+00  0.0000E+00  0.0000E+00  0.0000E+00  0.0000E+00  0.0000E+00  0.0000E+00
   0.0000E+00  0.0000E+00  0.0000E+00  0.0000E+00  0.0000E+00  0.0000E+00  0.0000E+00  0.0000E+00  0.0000E+00  0.0000E+00
   0.0000E+00  0.0000E+00  0.0000E+00  0.0000E+00  0.0000E+00  0.0000E+00  0.0000E+00  0.0000E+00  0.0000E+00  0.0000E+00
   0.0000E+00  0.0000E+00  0.0000E+00  0.0000E+00  0.0000E+00  0.0000E+00  0.0000E+00  0.0000E+00  0.0000E+00  0.0000E+00
   0.0000E+00  0.0000E+00  0.0000E+00  0.0000E+00  0.0000E+00  0.0000E+00  0.0000E+00  0.0000E+00  0.0000E+00  0.0000E+00
   0.0000E+00  0.0000E+00  0.0000E+00  0.0000E+00  0.0000E+00  0.0000E+00  0.0000E+00  0.0000E+00  0.0000E+00  0.0000E+00
   0.0000E+00  0.0000E+00  0.0000E+00  0.0000E+00  0.0000E+00  0.0000E+00  0.0000E+00  0.0000E+00  0.0000E+00  0.0000E+00
   0.0000E+00  0.0000E+00  0.0000E+00  0.0000E+00  0.0000E+00  0.0000E+00  0.0000E+00  0.0000E+00  0.0000E+00  0.0000E+00
   0.0000E+00  0.0000E+00  0.0000E+00
   0.0000E+00  0.0000E+00  0.0000E+00  0.0000E+00  0.0000E+00  0.0000E+00  0.0000E+00  0.0000E+00  0.0000E+00  0.0000E+00
   0.0000E+00  0.0000E+00  0.0000E+00  0.0000E+00  0.0000E+00  0.0000E+00  0.0000E+00  0.0000E+00  0.0000E+00  0.0000E+00
   0.0000E+00  0.0000E+00  0.0000E+00  0.0000E+00  0.0000E+00  0.0000E+00  0.0000E+00  0.0000E+00  0.0000E+00  0.0000E+00
   0.0000E+00  0.0000E+00  0.0000E+00  0.0000E+00  0.0000E+00  0.0000E+00  0.0000E+00  0.0000E+00  0.0000E+00  0.0000E+00
   0.0000E+00  0.0000E+00  0.0000E+00  0.0000E+00  0.0000E+00  0.0000E+00  0.0000E+00  0.0000E+00  0.0000E+00  0.0000E+00
   0.0000E+00  0.0000E+00  0.0000E+00  0.0000E+00  0.0000E+00  0.0000E+00  0.0000E+00  0.0000E+00  0.0000E+00  0.0000E+00
   0.0000E+00  0.0000E+00  0.0000E+00  0.0000E+00  0.0000E+00  0.0000E+00  0.0000E+00  0.0000E+00  0.0000E+00  0.0000E+00
   0.0000E+00  0.0000E+00  0.0000E+00  0.0000E+00  0.0000E+00  0.0000E+00  0.0000E+00  0.0000E+00  0.0000E+00  0.0000E+00
   0.0000E+00  0.0000E+00  0.0000E+00  0.0000E+00  0.0000E+00  0.0000E+00  0.0000E+00  0.0000E+00  0.0000E+00  0.0000E+00
   0.0000E+00  0.0000E+00  0.0000E+00  0.0000E+00  0.0000E+00  0.0000E+00  0.0000E+00  0.0000E+00  0.0000E+00  0.0000E+00
   0.0000E+00  0.0000E+00  0.0000E+00  0.0000E+00  0.0000E+00  0.0000E+00  0.0000E+00  0.0000E+00  0.0000E+00  0.0000E+00
   0.0000E+00  0.0000E+00  0.0000E+00
   0.0000E+00  0.0000E+00  0.0000E+00  0.0000E+00  0.0000E+00  0.0000E+00  0.0000E+00  0.0000E+00  0.0000E+00  0.0000E+00
   0.0000E+00  0.0000E+00  0.0000E+00  0.0000E+00  0.0000E+00  0.0000E+00  0.0000E+00  0.0000E+00  0.0000E+00  0.0000E+00
   0.0000E+00  0.0000E+00  0.0000E+00  0.0000E+00  0.0000E+00  0.0000E+00  0.0000E+00  0.0000E+00  0.0000E+00  0.0000E+00
   0.0000E+00  0.0000E+00  0.0000E+00  0.0000E+00  0.0000E+00  0.0000E+00  0.0000E+00  0.0000E+00  0.0000E+00  0.0000E+00
   0.0000E+00  0.0000E+00  0.0000E+00  0.0000E+00  0.0000E+00  0.0000E+00  0.0000E+00  0.0000E+00  0.0000E+00  0.0000E+00
   0.0000E+00  0.0000E+00  0.0000E+00  0.0000E+00  0.0000E+00  0.0000E+00  0.0000E+00  0.0000E+00  0.0000E+00  0.0000E+00
   0.0000E+00  0.0000E+00  0.0000E+00  0.0000E+00  0.0000E+00  0.0000E+00  0.0000E+00  0.0000E+00  0.0000E+00  0.0000E+00
   0.0000E+00  0.0000E+00  0.0000E+00  0.0000E+00  0.0000E+00  0.0000E+00  0.0000E+00  0.0000E+00  0.0000E+00  0.0000E+00
   0.0000E+00  0.0000E+00  0.0000E+00  0.0000E+00  0.0000E+00  0.0000E+00  0.0000E+00  0.0000E+00  0.0000E+00  0.0000E+00
   0.0000E+00  0.0000E+00  0.0000E+00  0.0000E+00  0.0000E+00  0.0000E+00  0.0000E+00  0.0000E+00  0.0000E+00  0.0000E+00
   0.0000E+00  0.0000E+00  0.0000E+00  0.0000E+00  0.0000E+00  0.0000E+00  0.0000E+00  0.0000E+00  0.0000E+00  0.0000E+00
   0.0000E+00  0.0000E+00  0.0000E+00
   0.0000E+00  0.0000E+00  0.0000E+00  0.0000E+00  0.0000E+00  0.0000E+00  0.0000E+00  0.0000E+00  0.0000E+00  0.0000E+00
   0.0000E+00  0.0000E+00  0.0000E+00  0.0000E+00  0.0000E+00  0.0000E+00  0.0000E+00  0.0000E+00  0.0000E+00  0.0000E+00
   0.0000E+00  0.0000E+00  0.0000E+00  0.0000E+00  0.0000E+00  0.0000E+00  0.0000E+00  0.0000E+00  0.0000E+00  0.0000E+00
   0.0000E+00  0.0000E+00  0.0000E+00  0.0000E+00  0.0000E+00  0.0000E+00  0.0000E+00  0.0000E+00  0.0000E+00  0.0000E+00
   0.0000E+00  0.0000E+00  0.0000E+00  0.0000E+00  0.0000E+00  0.0000E+00  0.0000E+00  0.0000E+00  0.0000E+00  0.0000E+00
   0.0000E+00  0.0000E+00  0.0000E+00  0.0000E+00  0.0000E+00  0.0000E+00  0.0000E+00  0.0000E+00  0.0000E+00  0.0000E+00
   0.0000E+00  0.0000E+00  0.0000E+00  0.0000E+00  0.0000E+00  0.0000E+00  0.0000E+00  0.0000E+00  0.0000E+00  0.0000E+00
   0.0000E+00  0.0000E+00  0.0000E+00  0.0000E+00  0.0000E+00  0.0000E+00  0.0000E+00  0.0000E+00  0.0000E+00  0.0000E+00
   0.0000E+00  0.0000E+00  0.0000E+00  0.0000E+00  0.0000E+00  0.0000E+00  0.0000E+00  0.0000E+00  0.0000E+00  0.0000E+00
   0.0000E+00  0.0000E+00  0.0000E+00  0.0000E+00  0.0000E+00  0.0000E+00  0.0000E+00  0.0000E+00  0.0000E+00  0.0000E+00
   0.0000E+00  0.0000E+00  0.0000E+00  0.0000E+00  0.0000E+00  0.0000E+00  0.0000E+00  0.0000E+00  0.0000E+00  0.0000E+00
   0.0000E+00  0.0000E+00  0.0000E+00
   0.0000E+00  0.0000E+00  0.0000E+00  0.0000E+00  0.0000E+00  0.0000E+00  0.0000E+00  0.0000E+00  0.0000E+00  0.0000E+00
   0.0000E+00  0.0000E+00  0.0000E+00  0.0000E+00  0.0000E+00  0.0000E+00  0.0000E+00  0.0000E+00  0.0000E+00  0.0000E+00
   0.0000E+00  0.0000E+00  0.0000E+00  0.0000E+00  0.0000E+00  0.0000E+00  0.0000E+00  0.0000E+00  0.0000E+00  0.0000E+00
   0.0000E+00  0.0000E+00  0.0000E+00  0.0000E+00  0.0000E+00  0.0000E+00  0.0000E+00  0.0000E+00  0.0000E+00  0.0000E+00
   0.0000E+00  0.0000E+00  0.0000E+00  0.0000E+00  0.0000E+00  0.0000E+00  0.0000E+00  0.0000E+00  0.0000E+00  0.0000E+00
   0.0000E+00  0.0000E+00  0.0000E+00  0.0000E+00  0.0000E+00  0.0000E+00  0.0000E+00  0.0000E+00  0.0000E+00  0.0000E+00
   0.0000E+00  0.0000E+00  0.0000E+00  0.0000E+00  0.0000E+00  0.0000E+00  0.0000E+00  0.0000E+00  0.0000E+00  0.0000E+00
   0.0000E+00  0.0000E+00  0.0000E+00  0.0000E+00  0.0000E+00  0.0000E+00  0.0000E+00  0.0000E+00  0.0000E+00  0.0000E+00
   0.0000E+00  0.0000E+00  0.0000E+00  0.0000E+00  0.0000E+00  0.0000E+00  0.0000E+00  0.0000E+00  0.0000E+00  0.0000E+00
   0.0000E+00  0.0000E+00  0.0000E+00  0.0000E+00  0.0000E+00  0.0000E+00  0.0000E+00  0.0000E+00  0.0000E+00  0.0000E+00
   0.0000E+00  0.0000E+00  0.0000E+00  0.0000E+00  0.0000E+00  0.0000E+00  0.0000E+00  0.0000E+00  0.0000E+00  0.0000E+00
   0.0000E+00  0.0000E+00  0.0000E+00
   0.0000E+00  0.0000E+00  0.0000E+00  0.0000E+00  0.0000E+00  0.0000E+00  0.0000E+00  0.0000E+00  0.0000E+00  0.0000E+00
   0.0000E+00  0.0000E+00  0.0000E+00  0.0000E+00  0.0000E+00  0.0000E+00  0.0000E+00  0.0000E+00  0.0000E+00  0.0000E+00
   0.0000E+00  0.0000E+00  0.0000E+00  0.0000E+00  0.0000E+00  0.0000E+00  0.0000E+00  0.0000E+00  0.0000E+00  0.0000E+00
   0.0000E+00  0.0000E+00  0.0000E+00  0.0000E+00  0.0000E+00  0.0000E+00  0.0000E+00  0.0000E+00  0.0000E+00  0.0000E+00
   0.0000E+00  0.0000E+00  0.0000E+00  0.0000E+00  0.0000E+00  0.0000E+00  0.0000E+00  0.0000E+00  0.0000E+00  0.0000E+00
   0.0000E+00  0.0000E+00  0.0000E+00  0.0000E+00  0.0000E+00  0.0000E+00  0.0000E+00  0.0000E+00  0.0000E+00  0.0000E+00
   0.0000E+00  0.0000E+00  0.0000E+00  0.0000E+00  0.0000E+00  0.0000E+00  0.0000E+00  0.0000E+00  0.0000E+00  0.0000E+00
   0.0000E+00  0.0000E+00  0.0000E+00  0.0000E+00  0.0000E+00  0.0000E+00  0.0000E+00  0.0000E+00  0.0000E+00  0.0000E+00
   0.0000E+00  0.0000E+00  0.0000E+00  0.0000E+00  0.0000E+00  0.0000E+00  0.0000E+00  0.0000E+00  0.0000E+00  0.0000E+00
   0.0000E+00  0.0000E+00  0.0000E+00  0.0000E+00  0.0000E+00  0.0000E+00  0.0000E+00  0.0000E+00  0.0000E+00  0.0000E+00
   0.0000E+00  0.0000E+00  0.0000E+00  0.0000E+00  0.0000E+00  0.0000E+00  0.0000E+00  0.0000E+00  0.0000E+00  0.0000E+00
   0.0000E+00  0.0000E+00  0.0000E+00
   0.0000E+00  0.0000E+00  0.0000E+00  0.0000E+00  0.0000E+00  0.0000E+00  0.0000E+00  0.0000E+00  0.0000E+00  0.0000E+00
   0.0000E+00  0.0000E+00  0.0000E+00  0.0000E+00  0.0000E+00  0.0000E+00  0.0000E+00  0.0000E+00  0.0000E+00  0.0000E+00
   0.0000E+00  0.0000E+00  0.0000E+00  0.0000E+00  0.0000E+00  0.0000E+00  0.0000E+00  0.0000E+00  0.0000E+00  0.0000E+00
   0.0000E+00  0.0000E+00  0.0000E+00  0.0000E+00  0.0000E+00  0.0000E+00  0.0000E+00  0.0000E+00  0.0000E+00  0.0000E+00
   0.0000E+00  0.0000E+00  0.0000E+00  0.0000E+00  0.0000E+00  0.0000E+00  0.0000E+00  0.0000E+00  0.0000E+00  0.0000E+00
   0.0000E+00  0.0000E+00  0.0000E+00  0.0000E+00  0.0000E+00  0.0000E+00  0.0000E+00  0.0000E+00  0.0000E+00  0.0000E+00
   0.0000E+00  0.0000E+00  0.0000E+00  0.0000E+00  0.0000E+00  0.0000E+00  0.0000E+00  0.0000E+00  0.0000E+00  0.0000E+00
   0.0000E+00  0.0000E+00  0.0000E+00  0.0000E+00  0.0000E+00  0.0000E+00  0.0000E+00  0.0000E+00  0.0000E+00  0.0000E+00
   0.0000E+00  0.0000E+00  0.0000E+00  0.0000E+00  0.0000E+00  0.0000E+00  0.0000E+00  0.0000E+00  0.0000E+00  0.0000E+00
   0.0000E+00  0.0000E+00  0.0000E+00  0.0000E+00  0.0000E+00  0.0000E+00  0.0000E+00  0.0000E+00  0.0000E+00  0.0000E+00
   0.0000E+00  0.0000E+00  0.0000E+00  0.0000E+00  0.0000E+00  0.0000E+00  0.0000E+00  0.0000E+00  0.0000E+00  0.0000E+00
   0.0000E+00  0.0000E+00  0.0000E+00
   0.0000E+00  0.0000E+00  0.0000E+00  0.0000E+00  0.0000E+00  0.0000E+00  0.0000E+00  0.0000E+00  0.0000E+00  0.0000E+00
   0.0000E+00  0.0000E+00  0.0000E+00  0.0000E+00  0.0000E+00  0.0000E+00  0.0000E+00  0.0000E+00  0.0000E+00  0.0000E+00
   0.0000E+00  0.0000E+00  0.0000E+00  0.0000E+00  0.0000E+00  0.0000E+00  0.0000E+00  0.0000E+00  0.0000E+00  0.0000E+00
   0.0000E+00  0.0000E+00  0.0000E+00  0.0000E+00  0.0000E+00  0.0000E+00  0.0000E+00  0.0000E+00  0.0000E+00  0.0000E+00
   0.0000E+00  0.0000E+00  0.0000E+00  0.0000E+00  0.0000E+00  0.0000E+00  0.0000E+00  0.0000E+00  0.0000E+00  0.0000E+00
   0.0000E+00  0.0000E+00  0.0000E+00  0.0000E+00  0.0000E+00  0.0000E+00  0.0000E+00  0.0000E+00  0.0000E+00  0.0000E+00
   0.0000E+00  0.0000E+00  0.0000E+00  0.0000E+00  0.0000E+00  0.0000E+00  0.0000E+00  0.0000E+00  0.0000E+00  0.0000E+00
   0.0000E+00  0.0000E+00  0.0000E+00  0.0000E+00  0.0000E+00  0.0000E+00  0.0000E+00  0.0000E+00  0.0000E+00  0.0000E+00
   0.0000E+00  0.0000E+00  0.0000E+00  0.0000E+00  0.0000E+00  0.0000E+00  0.0000E+00  0.0000E+00  0.0000E+00  0.0000E+00
   0.0000E+00  0.0000E+00  0.0000E+00  0.0000E+00  0.0000E+00  0.0000E+00  0.0000E+00  0.0000E+00  0.0000E+00  0.0000E+00
   0.0000E+00  0.0000E+00  0.0000E+00  0.0000E+00  0.0000E+00  0.0000E+00  0.0000E+00  0.0000E+00  0.0000E+00  0.0000E+00
   0.0000E+00  0.0000E+00  0.0000E+00
   0.0000E+00  0.0000E+00  0.0000E+00  0.0000E+00  0.0000E+00  0.0000E+00  0.0000E+00  0.0000E+00  0.0000E+00  0.0000E+00
   0.0000E+00  0.0000E+00  0.0000E+00  0.0000E+00  0.0000E+00  0.0000E+00  0.0000E+00  0.0000E+00  0.0000E+00  0.0000E+00
   0.0000E+00  0.0000E+00  0.0000E+00  0.0000E+00  0.0000E+00  0.0000E+00  0.0000E+00  0.0000E+00  0.0000E+00  0.0000E+00
   0.0000E+00  0.0000E+00  0.0000E+00  0.0000E+00  0.0000E+00  0.0000E+00  0.0000E+00  0.0000E+00  0.0000E+00  0.0000E+00
   0.0000E+00  0.0000E+00  0.0000E+00  0.0000E+00  0.0000E+00  0.0000E+00  0.0000E+00  0.0000E+00  0.0000E+00  0.0000E+00
   0.0000E+00  0.0000E+00  0.0000E+00  0.0000E+00  0.0000E+00  0.0000E+00  0.0000E+00  0.0000E+00  0.0000E+00  0.0000E+00
   0.0000E+00  0.0000E+00  0.0000E+00  0.0000E+00  0.0000E+00  0.0000E+00  0.0000E+00  0.0000E+00  0.0000E+00  0.0000E+00
   0.0000E+00  0.0000E+00  0.0000E+00  0.0000E+00  0.0000E+00  0.0000E+00  0.0000E+00  0.0000E+00  0.0000E+00  0.0000E+00
   0.0000E+00  0.0000E+00  0.0000E+00  0.0000E+00  0.0000E+00  0.0000E+00  0.0000E+00  0.0000E+00  0.0000E+00  0.0000E+00
   0.0000E+00  0.0000E+00  0.0000E+00  0.0000E+00  0.0000E+00  0.0000E+00  0.0000E+00  0.0000E+00  0.0000E+00  0.0000E+00
   0.0000E+00  0.0000E+00  0.0000E+00  0.0000E+00  0.0000E+00  0.0000E+00  0.0000E+00  0.0000E+00  0.0000E+00  0.0000E+00
   0.0000E+00  0.0000E+00  0.0000E+00
   0.0000E+00  0.0000E+00  0.0000E+00  0.0000E+00  0.0000E+00  0.0000E+00  0.0000E+00  0.0000E+00  0.0000E+00  0.0000E+00
   0.0000E+00  0.0000E+00  0.0000E+00  0.0000E+00  0.0000E+00  0.0000E+00  0.0000E+00  0.0000E+00  0.0000E+00  0.0000E+00
   0.0000E+00  0.0000E+00  0.0000E+00  0.0000E+00  0.0000E+00  0.0000E+00  0.0000E+00  0.0000E+00  0.0000E+00  0.0000E+00
   0.0000E+00  0.0000E+00  0.0000E+00  0.0000E+00  0.0000E+00  0.0000E+00  0.0000E+00  0.0000E+00  0.0000E+00  0.0000E+00
   0.0000E+00  0.0000E+00  0.0000E+00  0.0000E+00  0.0000E+00  0.0000E+00  0.0000E+00  0.0000E+00  0.0000E+00  0.0000E+00
   0.0000E+00  0.0000E+00  0.0000E+00  0.0000E+00  0.0000E+00  0.0000E+00  0.0000E+00  0.0000E+00  0.0000E+00  0.0000E+00
   0.0000E+00  0.0000E+00  0.0000E+00  0.0000E+00  0.0000E+00  0.0000E+00  0.0000E+00  0.0000E+00  0.0000E+00  0.0000E+00
   0.0000E+00  0.0000E+00  0.0000E+00  0.0000E+00  0.0000E+00  0.0000E+00  0.0000E+00  0.0000E+00  0.0000E+00  0.0000E+00
   0.0000E+00  0.0000E+00  0.0000E+00  0.0000E+00  0.0000E+00  0.0000E+00  0.0000E+00  0.0000E+00  0.0000E+00  0.0000E+00
   0.0000E+00  0.0000E+00  0.0000E+00  0.0000E+00  0.0000E+00  0.0000E+00  0.0000E+00  0.0000E+00  0.0000E+00  0.0000E+00
   0.0000E+00  0.0000E+00  0.0000E+00  0.0000E+00  0.0000E+00  0.0000E+00  0.0000E+00  0.0000E+00  0.0000E+00  0.0000E+00
   0.0000E+00  0.0000E+00  0.0000E+00
   0.0000E+00  0.0000E+00  0.0000E+00  0.0000E+00  0.0000E+00  0.0000E+00  0.0000E+00  0.0000E+00  0.0000E+00  0.0000E+00
   0.0000E+00  0.0000E+00  0.0000E+00  0.0000E+00  0.0000E+00  0.0000E+00  0.0000E+00  0.0000E+00  0.0000E+00  0.0000E+00
   0.0000E+00  0.0000E+00  0.0000E+00  0.0000E+00  0.0000E+00  0.0000E+00  0.0000E+00  0.0000E+00  0.0000E+00  0.0000E+00
   0.0000E+00  0.0000E+00  0.0000E+00  0.0000E+00  0.0000E+00  0.0000E+00  0.0000E+00  0.0000E+00  0.0000E+00  0.0000E+00
   0.0000E+00  0.0000E+00  0.0000E+00  0.0000E+00  0.0000E+00  0.0000E+00  0.0000E+00  0.0000E+00  0.0000E+00  0.0000E+00
   0.0000E+00  0.0000E+00  0.0000E+00  0.0000E+00  0.0000E+00  0.0000E+00  0.0000E+00  0.0000E+00  0.0000E+00  0.0000E+00
   0.0000E+00  0.0000E+00  0.0000E+00  0.0000E+00  0.0000E+00  0.0000E+00  0.0000E+00  0.0000E+00  0.0000E+00  0.0000E+00
   0.0000E+00  0.0000E+00  0.0000E+00  0.0000E+00  0.0000E+00  0.0000E+00  0.0000E+00  0.0000E+00  0.0000E+00  0.0000E+00
   0.0000E+00  0.0000E+00  0.0000E+00  0.0000E+00  0.0000E+00  0.0000E+00  0.0000E+00  0.0000E+00  0.0000E+00  0.0000E+00
   0.0000E+00  0.0000E+00  0.0000E+00  0.0000E+00  0.0000E+00  0.0000E+00  0.0000E+00  0.0000E+00  0.0000E+00  0.0000E+00
   0.0000E+00  0.0000E+00  0.0000E+00  0.0000E+00  0.0000E+00  0.0000E+00  0.0000E+00  0.0000E+00  0.0000E+00  0.0000E+00
   0.0000E+00  0.0000E+00  0.0000E+00
   0.0000E+00  0.0000E+00  0.0000E+00  0.0000E+00  0.0000E+00  0.0000E+00  0.0000E+00  0.0000E+00  0.0000E+00  0.0000E+00
   0.0000E+00  0.0000E+00  0.0000E+00  0.0000E+00  0.0000E+00  0.0000E+00  0.0000E+00  0.0000E+00  0.0000E+00  0.0000E+00
   0.0000E+00  0.0000E+00  0.0000E+00  0.0000E+00  0.0000E+00  0.0000E+00  0.0000E+00  0.0000E+00  0.0000E+00  0.0000E+00
   0.0000E+00  0.0000E+00  0.0000E+00  0.0000E+00  0.0000E+00  0.0000E+00  0.0000E+00  0.0000E+00  0.0000E+00  0.0000E+00
   0.0000E+00  0.0000E+00  0.0000E+00  0.0000E+00  0.0000E+00  0.0000E+00  0.0000E+00  0.0000E+00  0.0000E+00  0.0000E+00
   0.0000E+00  0.0000E+00  0.0000E+00  0.0000E+00  0.0000E+00  0.0000E+00  0.0000E+00  0.0000E+00  0.0000E+00  0.0000E+00
   0.0000E+00  0.0000E+00  0.0000E+00  0.0000E+00  0.0000E+00  0.0000E+00  0.0000E+00  0.0000E+00  0.0000E+00  0.0000E+00
   0.0000E+00  0.0000E+00  0.0000E+00  0.0000E+00  0.0000E+00  0.0000E+00  0.0000E+00  0.0000E+00  0.0000E+00  0.0000E+00
   0.0000E+00  0.0000E+00  0.0000E+00  0.0000E+00  0.0000E+00  0.0000E+00  0.0000E+00  0.0000E+00  0.0000E+00  0.0000E+00
   0.0000E+00  0.0000E+00  0.0000E+00  0.0000E+00  0.0000E+00  0.0000E+00  0.0000E+00  0.0000E+00  0.0000E+00  0.0000E+00
   0.0000E+00  0.0000E+00  0.0000E+00  0.0000E+00  0.0000E+00  0.0000E+00  0.0000E+00  0.0000E+00  0.0000E+00  0.0000E+00
   0.0000E+00  0.0000E+00  0.0000E+00
   0.0000E+00  0.0000E+00  0.0000E+00  0.0000E+00  0.0000E+00  0.0000E+00  0.0000E+00  0.0000E+00  0.0000E+00  0.0000E+00
   0.0000E+00  0.0000E+00  0.0000E+00  0.0000E+00  0.0000E+00  0.0000E+00  0.0000E+00  0.0000E+00  0.0000E+00  0.0000E+00
   0.0000E+00  0.0000E+00  0.0000E+00  0.0000E+00  0.0000E+00  0.0000E+00  0.0000E+00  0.0000E+00  0.0000E+00  0.0000E+00
   0.0000E+00  0.0000E+00  0.0000E+00  0.0000E+00  0.0000E+00  0.0000E+00  0.0000E+00  0.0000E+00  0.0000E+00  0.0000E+00
   0.0000E+00  0.0000E+00  0.0000E+00  0.0000E+00  0.0000E+00  0.0000E+00  0.0000E+00  0.0000E+00  0.0000E+00  0.0000E+00
   0.0000E+00  0.0000E+00  0.0000E+00  0.0000E+00  0.0000E+00  0.0000E+00  0.0000E+00  0.0000E+00  0.0000E+00  0.0000E+00
   0.0000E+00  0.0000E+00  0.0000E+00  0.0000E+00  0.0000E+00  0.0000E+00  0.0000E+00  0.0000E+00  0.0000E+00  0.0000E+00
   0.0000E+00  0.0000E+00  0.0000E+00  0.0000E+00  0.0000E+00  0.0000E+00  0.0000E+00  0.0000E+00  0.0000E+00  0.0000E+00
   0.0000E+00  0.0000E+00  0.0000E+00  0.0000E+00  0.0000E+00  0.0000E+00  0.0000E+00  0.0000E+00  0.0000E+00  0.0000E+00
   0.0000E+00  0.0000E+00  0.0000E+00  0.0000E+00  0.0000E+00  0.0000E+00  0.0000E+00  0.0000E+00  0.0000E+00  0.0000E+00
   0.0000E+00  0.0000E+00  0.0000E+00  0.0000E+00  0.0000E+00  0.0000E+00  0.0000E+00  0.0000E+00  0.0000E+00  0.0000E+00
   0.0000E+00  0.0000E+00  0.0000E+00
   0.0000E+00  0.0000E+00  0.0000E+00  0.0000E+00  0.0000E+00  0.0000E+00  0.0000E+00  0.0000E+00  0.0000E+00  0.0000E+00
   0.0000E+00  0.0000E+00  0.0000E+00  0.0000E+00  0.0000E+00  0.0000E+00  0.0000E+00  0.0000E+00  0.0000E+00  0.0000E+00
   0.0000E+00  0.0000E+00  0.0000E+00  0.0000E+00  0.0000E+00  0.0000E+00  0.0000E+00  0.0000E+00  0.0000E+00  0.0000E+00
   0.0000E+00  0.0000E+00  0.0000E+00  0.0000E+00  0.0000E+00  0.0000E+00  0.0000E+00  0.0000E+00  0.0000E+00  0.0000E+00
   0.0000E+00  0.0000E+00  0.0000E+00  0.0000E+00  0.0000E+00  0.0000E+00  0.0000E+00  0.0000E+00  0.0000E+00  0.0000E+00
   0.0000E+00  0.0000E+00  0.0000E+00  0.0000E+00  0.0000E+00  0.0000E+00  0.0000E+00  0.0000E+00  0.0000E+00  0.0000E+00
   0.0000E+00  0.0000E+00  0.0000E+00  0.0000E+00  0.0000E+00  0.0000E+00  0.0000E+00  0.0000E+00  0.0000E+00  0.0000E+00
   0.0000E+00  0.0000E+00  0.0000E+00  0.0000E+00  0.0000E+00  0.0000E+00  0.0000E+00  0.0000E+00  0.0000E+00  0.0000E+00
   0.0000E+00  0.0000E+00  0.0000E+00  0.0000E+00  0.0000E+00  0.0000E+00  0.0000E+00  0.0000E+00  0.0000E+00  0.0000E+00
   0.0000E+00  0.0000E+00  0.0000E+00  0.0000E+00  0.0000E+00  0.0000E+00  0.0000E+00  0.0000E+00  0.0000E+00  0.0000E+00
   0.0000E+00  0.0000E+00  0.0000E+00  0.0000E+00  0.0000E+00  0.0000E+00  0.0000E+00  0.0000E+00  0.0000E+00  0.0000E+00
   0.0000E+00  0.0000E+00  0.0000E+00
   0.0000E+00  0.0000E+00  0.0000E+00  0.0000E+00  0.0000E+00  0.0000E+00  0.0000E+00  0.0000E+00  0.0000E+00  0.0000E+00
   0.0000E+00  0.0000E+00  0.0000E+00  0.0000E+00  0.0000E+00  0.0000E+00  0.0000E+00  0.0000E+00  0.0000E+00  0.0000E+00
   0.0000E+00  0.0000E+00  0.0000E+00  0.0000E+00  0.0000E+00  0.0000E+00  0.0000E+00  0.0000E+00  0.0000E+00  0.0000E+00
   0.0000E+00  0.0000E+00  0.0000E+00  0.0000E+00  0.0000E+00  0.0000E+00  0.0000E+00  0.0000E+00  0.0000E+00  0.0000E+00
   0.0000E+00  0.0000E+00  0.0000E+00  0.0000E+00  0.0000E+00  0.0000E+00  0.0000E+00  0.0000E+00  0.0000E+00  0.0000E+00
   0.0000E+00  0.0000E+00  0.0000E+00  0.0000E+00  0.0000E+00  0.0000E+00  0.0000E+00  0.0000E+00  0.0000E+00  0.0000E+00
   0.0000E+00  0.0000E+00  0.0000E+00  0.0000E+00  0.0000E+00  0.0000E+00  0.0000E+00  0.0000E+00  0.0000E+00  0.0000E+00
   0.0000E+00  0.0000E+00  0.0000E+00  0.0000E+00  0.0000E+00  0.0000E+00  0.0000E+00  0.0000E+00  0.0000E+00  0.0000E+00
   0.0000E+00  0.0000E+00  0.0000E+00  0.0000E+00  0.0000E+00  0.0000E+00  0.0000E+00  0.0000E+00  0.0000E+00  0.0000E+00
   0.0000E+00  0.0000E+00  0.0000E+00  0.0000E+00  0.0000E+00  0.0000E+00  0.0000E+00  0.0000E+00  0.0000E+00  0.0000E+00
   0.0000E+00  0.0000E+00  0.0000E+00  0.0000E+00  0.0000E+00  0.0000E+00  0.0000E+00  0.0000E+00  0.0000E+00  0.0000E+00
   0.0000E+00  0.0000E+00  0.0000E+00
   0.0000E+00  0.0000E+00  0.0000E+00  0.0000E+00  0.0000E+00  0.0000E+00  0.0000E+00  0.0000E+00  0.0000E+00  0.0000E+00
   0.0000E+00  0.0000E+00  0.0000E+00  0.0000E+00  0.0000E+00  0.0000E+00  0.0000E+00  0.0000E+00  0.0000E+00  0.0000E+00
   0.0000E+00  0.0000E+00  0.0000E+00  0.0000E+00  0.0000E+00  0.0000E+00  0.0000E+00  0.0000E+00  0.0000E+00  0.0000E+00
   0.0000E+00  0.0000E+00  0.0000E+00  0.0000E+00  0.0000E+00  0.0000E+00  0.0000E+00  0.0000E+00  0.0000E+00  0.0000E+00
   0.0000E+00  0.0000E+00  0.0000E+00  0.0000E+00  0.0000E+00  0.0000E+00  0.0000E+00  0.0000E+00  0.0000E+00  0.0000E+00
   0.0000E+00  0.0000E+00  0.0000E+00  0.0000E+00  0.0000E+00  0.0000E+00  0.0000E+00  0.0000E+00  0.0000E+00  0.0000E+00
   0.0000E+00  0.0000E+00  0.0000E+00  0.0000E+00  0.0000E+00  0.0000E+00  0.0000E+00  0.0000E+00  0.0000E+00  0.0000E+00
   0.0000E+00  0.0000E+00  0.0000E+00  0.0000E+00  0.0000E+00  0.0000E+00  0.0000E+00  0.0000E+00  0.0000E+00  0.0000E+00
   0.0000E+00  0.0000E+00  0.0000E+00  0.0000E+00  0.0000E+00  0.0000E+00  0.0000E+00  0.0000E+00  0.0000E+00  0.0000E+00
   0.0000E+00  0.0000E+00  0.0000E+00  0.0000E+00  0.0000E+00  0.0000E+00  0.0000E+00  0.0000E+00  0.0000E+00  0.0000E+00
   0.0000E+00  0.0000E+00  0.0000E+00  0.0000E+00  0.0000E+00  0.0000E+00  0.0000E+00  0.0000E+00  0.0000E+00  0.0000E+00
   0.0000E+00  0.0000E+00  0.0000E+00
   0.0000E+00  0.0000E+00  0.0000E+00  0.0000E+00  0.0000E+00  0.0000E+00  0.0000E+00  0.0000E+00  0.0000E+00  0.0000E+00
   0.0000E+00  0.0000E+00  0.0000E+00  0.0000E+00  0.0000E+00  0.0000E+00  0.0000E+00  0.0000E+00  0.0000E+00  0.0000E+00
   0.0000E+00  0.0000E+00  0.0000E+00  0.0000E+00  0.0000E+00  0.0000E+00  0.0000E+00  0.0000E+00  0.0000E+00  0.0000E+00
   0.0000E+00  0.0000E+00  0.0000E+00  0.0000E+00  0.0000E+00  0.0000E+00  0.0000E+00  0.0000E+00  0.0000E+00  0.0000E+00
   0.0000E+00  0.0000E+00  0.0000E+00  0.0000E+00  0.0000E+00  0.0000E+00  0.0000E+00  0.0000E+00  0.0000E+00  0.0000E+00
   0.0000E+00  0.0000E+00  0.0000E+00  0.0000E+00  0.0000E+00  0.0000E+00  0.0000E+00  0.0000E+00  0.0000E+00  0.0000E+00
   0.0000E+00  0.0000E+00  0.0000E+00  0.0000E+00  0.0000E+00  0.0000E+00  0.0000E+00  0.0000E+00  0.0000E+00  0.0000E+00
   0.0000E+00  0.0000E+00  0.0000E+00  0.0000E+00  0.0000E+00  0.0000E+00  0.0000E+00  0.0000E+00  0.0000E+00  0.0000E+00
   0.0000E+00  0.0000E+00  0.0000E+00  0.0000E+00  0.0000E+00  0.0000E+00  0.0000E+00  0.0000E+00  0.0000E+00  0.0000E+00
   0.0000E+00  0.0000E+00  0.0000E+00  0.0000E+00  0.0000E+00  0.0000E+00  0.0000E+00  0.0000E+00  0.0000E+00  0.0000E+00
   0.0000E+00  0.0000E+00  0.0000E+00  0.0000E+00  0.0000E+00  0.0000E+00  0.0000E+00  0.0000E+00  0.0000E+00  0.0000E+00
   0.0000E+00  0.0000E+00  0.0000E+00
   0.0000E+00  0.0000E+00  0.0000E+00  0.0000E+00  0.0000E+00  0.0000E+00  0.0000E+00  0.0000E+00  0.0000E+00  0.0000E+00
   0.0000E+00  0.0000E+00  0.0000E+00  0.0000E+00  0.0000E+00  0.0000E+00  0.0000E+00  0.0000E+00  0.0000E+00  0.0000E+00
   0.0000E+00  0.0000E+00  0.0000E+00  0.0000E+00  0.0000E+00  0.0000E+00  0.0000E+00  0.0000E+00  0.0000E+00  0.0000E+00
   0.0000E+00  0.0000E+00  0.0000E+00  0.0000E+00  0.0000E+00  0.0000E+00  0.0000E+00  0.0000E+00  0.0000E+00  0.0000E+00
   0.0000E+00  0.0000E+00  0.0000E+00  0.0000E+00  0.0000E+00  0.0000E+00  0.0000E+00  0.0000E+00  0.0000E+00  0.0000E+00
   0.0000E+00  0.0000E+00  0.0000E+00  0.0000E+00  0.0000E+00  0.0000E+00  0.0000E+00  0.0000E+00  0.0000E+00  0.0000E+00
   0.0000E+00  0.0000E+00  0.0000E+00  0.0000E+00  0.0000E+00  0.0000E+00  0.0000E+00  0.0000E+00  0.0000E+00  0.0000E+00
   0.0000E+00  0.0000E+00  0.0000E+00  0.0000E+00  0.0000E+00  0.0000E+00  0.0000E+00  0.0000E+00  0.0000E+00  0.0000E+00
   0.0000E+00  0.0000E+00  0.0000E+00  0.0000E+00  0.0000E+00  0.0000E+00  0.0000E+00  0.0000E+00  0.0000E+00  0.0000E+00
   0.0000E+00  0.0000E+00  0.0000E+00  0.0000E+00  0.0000E+00  0.0000E+00  0.0000E+00  0.0000E+00  0.0000E+00  0.0000E+00
   0.0000E+00  0.0000E+00  0.0000E+00  0.0000E+00  0.0000E+00  0.0000E+00  0.0000E+00  0.0000E+00  0.0000E+00  0.0000E+00
   0.0000E+00  0.0000E+00  0.0000E+00
   0.0000E+00  0.0000E+00  0.0000E+00  0.0000E+00  0.0000E+00  0.0000E+00  0.0000E+00  0.0000E+00  0.0000E+00  0.0000E+00
   0.0000E+00  0.0000E+00  0.0000E+00  0.0000E+00  0.0000E+00  0.0000E+00  0.0000E+00  0.0000E+00  0.0000E+00  0.0000E+00
   0.0000E+00  0.0000E+00  0.0000E+00  0.0000E+00  0.0000E+00  0.0000E+00  0.0000E+00  0.0000E+00  0.0000E+00  0.0000E+00
   0.0000E+00  0.0000E+00  0.0000E+00  0.0000E+00  0.0000E+00  0.0000E+00  0.0000E+00  0.0000E+00  0.0000E+00  0.0000E+00
   0.0000E+00  0.0000E+00  0.0000E+00  0.0000E+00  0.0000E+00  0.0000E+00  0.0000E+00  0.0000E+00  0.0000E+00  0.0000E+00
   0.0000E+00  0.0000E+00  0.0000E+00  0.0000E+00  0.0000E+00  0.0000E+00  0.0000E+00  0.0000E+00  0.0000E+00  0.0000E+00
   0.0000E+00  0.0000E+00  0.0000E+00  0.0000E+00  0.0000E+00  0.0000E+00  0.0000E+00  0.0000E+00  0.0000E+00  0.0000E+00
   0.0000E+00  0.0000E+00  0.0000E+00  0.0000E+00  0.0000E+00  0.0000E+00  0.0000E+00  0.0000E+00  0.0000E+00  0.0000E+00
   0.0000E+00  0.0000E+00  0.0000E+00  0.0000E+00  0.0000E+00  0.0000E+00  0.0000E+00  0.0000E+00  0.0000E+00  0.0000E+00
   0.0000E+00  0.0000E+00  0.0000E+00  0.0000E+00  0.0000E+00  0.0000E+00  0.0000E+00  0.0000E+00  0.0000E+00  0.0000E+00
   0.0000E+00  0.0000E+00  0.0000E+00  0.0000E+00  0.0000E+00  0.0000E+00  0.0000E+00  0.0000E+00  0.0000E+00  0.0000E+00
   0.0000E+00  0.0000E+00  0.0000E+00
   0.0000E+00  0.0000E+00  0.0000E+00  0.0000E+00  0.0000E+00  0.0000E+00  0.0000E+00  0.0000E+00  0.0000E+00  0.0000E+00
   0.0000E+00  0.0000E+00  0.0000E+00  0.0000E+00  0.0000E+00  0.0000E+00  0.0000E+00  0.0000E+00  0.0000E+00  0.0000E+00
   0.0000E+00  0.0000E+00  0.0000E+00  0.0000E+00  0.0000E+00  0.0000E+00  0.0000E+00  0.0000E+00  0.0000E+00  0.0000E+00
   0.0000E+00  0.0000E+00  0.0000E+00  0.0000E+00  0.0000E+00  0.0000E+00  0.0000E+00  0.0000E+00  0.0000E+00  0.0000E+00
   0.0000E+00  0.0000E+00  0.0000E+00  0.0000E+00  0.0000E+00  0.0000E+00  0.0000E+00  0.0000E+00  0.0000E+00  0.0000E+00
   0.0000E+00  0.0000E+00  0.0000E+00  0.0000E+00  0.0000E+00  0.0000E+00  0.0000E+00  0.0000E+00  0.0000E+00  0.0000E+00
   0.0000E+00  0.0000E+00  0.0000E+00  0.0000E+00  0.0000E+00  0.0000E+00  0.0000E+00  0.0000E+00  0.0000E+00  0.0000E+00
   0.0000E+00  0.0000E+00  0.0000E+00  0.0000E+00  0.0000E+00  0.0000E+00  0.0000E+00  0.0000E+00  0.0000E+00  0.0000E+00
   0.0000E+00  0.0000E+00  0.0000E+00  0.0000E+00  0.0000E+00  0.0000E+00  0.0000E+00  0.0000E+00  0.0000E+00  0.0000E+00
   0.0000E+00  0.0000E+00  0.0000E+00  0.0000E+00  0.0000E+00  0.0000E+00  0.0000E+00  0.0000E+00  0.0000E+00  0.0000E+00
   0.0000E+00  0.0000E+00  0.0000E+00  0.0000E+00  0.0000E+00  0.0000E+00  0.0000E+00  0.0000E+00  0.0000E+00  0.0000E+00
   0.0000E+00  0.0000E+00  0.0000E+00
   0.0000E+00  0.0000E+00  0.0000E+00  0.0000E+00  0.0000E+00  0.0000E+00  0.0000E+00  0.0000E+00  0.0000E+00  0.0000E+00
   0.0000E+00  0.0000E+00  0.0000E+00  0.0000E+00  0.0000E+00  0.0000E+00  0.0000E+00  0.0000E+00  0.0000E+00  0.0000E+00
   0.0000E+00  0.0000E+00  0.0000E+00  0.0000E+00  0.0000E+00  0.0000E+00  0.0000E+00  0.0000E+00  0.0000E+00  0.0000E+00
   0.0000E+00  0.0000E+00  0.0000E+00  0.0000E+00  0.0000E+00  0.0000E+00  0.0000E+00  0.0000E+00  0.0000E+00  0.0000E+00
   0.0000E+00  0.0000E+00  0.0000E+00  0.0000E+00  0.0000E+00  0.0000E+00  0.0000E+00  0.0000E+00  0.0000E+00  0.0000E+00
   0.0000E+00  0.0000E+00  0.0000E+00  0.0000E+00  0.0000E+00  0.0000E+00  0.0000E+00  0.0000E+00  0.0000E+00  0.0000E+00
   0.0000E+00  0.0000E+00  0.0000E+00  0.0000E+00  0.0000E+00  0.0000E+00  0.0000E+00  0.0000E+00  0.0000E+00  0.0000E+00
   0.0000E+00  0.0000E+00  0.0000E+00  0.0000E+00  0.0000E+00  0.0000E+00  0.0000E+00  0.0000E+00  0.0000E+00  0.0000E+00
   0.0000E+00  0.0000E+00  0.0000E+00  0.0000E+00  0.0000E+00  0.0000E+00  0.0000E+00  0.0000E+00  0.0000E+00  0.0000E+00
   0.0000E+00  0.0000E+00  0.0000E+00  0.0000E+00  0.0000E+00  0.0000E+00  0.0000E+00  0.0000E+00  0.0000E+00  0.0000E+00
   0.0000E+00  0.0000E+00  0.0000E+00  0.0000E+00  0.0000E+00  0.0000E+00  0.0000E+00  0.0000E+00  0.0000E+00  0.0000E+00
   0.0000E+00  0.0000E+00  0.0000E+00
   0.0000E+00  0.0000E+00  0.0000E+00  0.0000E+00  0.0000E+00  0.0000E+00  0.0000E+00  0.0000E+00  0.0000E+00  0.0000E+00
   0.0000E+00  0.0000E+00  0.0000E+00  0.0000E+00  0.0000E+00  0.0000E+00  0.0000E+00  0.0000E+00  0.0000E+00  0.0000E+00
   0.0000E+00  0.0000E+00  0.0000E+00  0.0000E+00  0.0000E+00  0.0000E+00  0.0000E+00  0.0000E+00  0.0000E+00  0.0000E+00
   0.0000E+00  0.0000E+00  0.0000E+00  0.0000E+00  0.0000E+00  0.0000E+00  0.0000E+00  0.0000E+00  0.0000E+00  0.0000E+00
   0.0000E+00  0.0000E+00  0.0000E+00  0.0000E+00  0.0000E+00  0.0000E+00  0.0000E+00  0.0000E+00  0.0000E+00  0.0000E+00
   0.0000E+00  0.0000E+00  0.0000E+00  0.0000E+00  0.0000E+00  0.0000E+00  0.0000E+00  0.0000E+00  0.0000E+00  0.0000E+00
   0.0000E+00  0.0000E+00  0.0000E+00  0.0000E+00  0.0000E+00  0.0000E+00  0.0000E+00  0.0000E+00  0.0000E+00  0.0000E+00
   0.0000E+00  0.0000E+00  0.0000E+00  0.0000E+00  0.0000E+00  0.0000E+00  0.0000E+00  0.0000E+00  0.0000E+00  0.0000E+00
   0.0000E+00  0.0000E+00  0.0000E+00  0.0000E+00  0.0000E+00  0.0000E+00  0.0000E+00  0.0000E+00  0.0000E+00  0.0000E+00
   0.0000E+00  0.0000E+00  0.0000E+00  0.0000E+00  0.0000E+00  0.0000E+00  0.0000E+00  0.0000E+00  0.0000E+00  0.0000E+00
   0.0000E+00  0.0000E+00  0.0000E+00  0.0000E+00  0.0000E+00  0.0000E+00  0.0000E+00  0.0000E+00  0.0000E+00  0.0000E+00
   0.0000E+00  0.0000E+00  0.0000E+00
   0.0000E+00  0.0000E+00  0.0000E+00  0.0000E+00  0.0000E+00  0.0000E+00  0.0000E+00  0.0000E+00  0.0000E+00  0.0000E+00
   0.0000E+00  0.0000E+00  0.0000E+00  0.0000E+00  0.0000E+00  0.0000E+00  0.0000E+00  0.0000E+00  0.0000E+00  0.0000E+00
   0.0000E+00  0.0000E+00  0.0000E+00  0.0000E+00  0.0000E+00  0.0000E+00  0.0000E+00  0.0000E+00  0.0000E+00  0.0000E+00
   0.0000E+00  0.0000E+00  0.0000E+00  0.0000E+00  0.0000E+00  0.0000E+00  0.0000E+00  0.0000E+00  0.0000E+00  0.0000E+00
   0.0000E+00  0.0000E+00  0.0000E+00  0.0000E+00  0.0000E+00  0.0000E+00  0.0000E+00  0.0000E+00  0.0000E+00  0.0000E+00
   0.0000E+00  0.0000E+00  0.0000E+00  0.0000E+00  0.0000E+00  0.0000E+00  0.0000E+00  0.0000E+00  0.0000E+00  0.0000E+00
   0.0000E+00  0.0000E+00  0.0000E+00  0.0000E+00  0.0000E+00  0.0000E+00  0.0000E+00  0.0000E+00  0.0000E+00  0.0000E+00
   0.0000E+00  0.0000E+00  0.0000E+00  0.0000E+00  0.0000E+00  0.0000E+00  0.0000E+00  0.0000E+00  0.0000E+00  0.0000E+00
   0.0000E+00  0.0000E+00  0.0000E+00  0.0000E+00  0.0000E+00  0.0000E+00  0.0000E+00  0.0000E+00  0.0000E+00  0.0000E+00
   0.0000E+00  0.0000E+00  0.0000E+00  0.0000E+00  0.0000E+00  0.0000E+00  0.0000E+00  0.0000E+00  0.0000E+00  0.0000E+00
   0.0000E+00  0.0000E+00  0.0000E+00  0.0000E+00  0.0000E+00  0.0000E+00  0.0000E+00  0.0000E+00  0.0000E+00  0.0000E+00
   0.0000E+00  0.0000E+00  0.0000E+00
   0.0000E+00  0.0000E+00  0.0000E+00  0.0000E+00  0.0000E+00  0.0000E+00  0.0000E+00  0.0000E+00  0.0000E+00  0.0000E+00
   0.0000E+00  0.0000E+00  0.0000E+00  0.0000E+00  0.0000E+00  0.0000E+00  0.0000E+00  0.0000E+00  0.0000E+00  0.0000E+00
   0.0000E+00  0.0000E+00  0.0000E+00  0.0000E+00  0.0000E+00  0.0000E+00  0.0000E+00  0.0000E+00  0.0000E+00  0.0000E+00
   0.0000E+00  0.0000E+00  0.0000E+00  0.0000E+00  0.0000E+00  0.0000E+00  0.0000E+00  0.0000E+00  0.0000E+00  0.0000E+00
   0.0000E+00  0.0000E+00  0.0000E+00  0.0000E+00  0.0000E+00  0.0000E+00  0.0000E+00  0.0000E+00  0.0000E+00  0.0000E+00
   0.0000E+00  0.0000E+00  0.0000E+00  0.0000E+00  0.0000E+00  0.0000E+00  0.0000E+00  0.0000E+00  0.0000E+00  0.0000E+00
   0.0000E+00  0.0000E+00  0.0000E+00  0.0000E+00  0.0000E+00  0.0000E+00  0.0000E+00  0.0000E+00  0.0000E+00  0.0000E+00
   0.0000E+00  0.0000E+00  0.0000E+00  0.0000E+00  0.0000E+00  0.0000E+00  0.0000E+00  0.0000E+00  0.0000E+00  0.0000E+00
   0.0000E+00  0.0000E+00  0.0000E+00  0.0000E+00  0.0000E+00  0.0000E+00  0.0000E+00  0.0000E+00  0.0000E+00  0.0000E+00
   0.0000E+00  0.0000E+00  0.0000E+00  0.0000E+00  0.0000E+00  0.0000E+00  0.0000E+00  0.0000E+00  0.0000E+00  0.0000E+00
   0.0000E+00  0.0000E+00  0.0000E+00  0.0000E+00  0.0000E+00  0.0000E+00  0.0000E+00  0.0000E+00  0.0000E+00  0.0000E+00
   0.0000E+00  0.0000E+00  0.0000E+00
   0.0000E+00  0.0000E+00  0.0000E+00  0.0000E+00  0.0000E+00  0.0000E+00  0.0000E+00  0.0000E+00  0.0000E+00  0.0000E+00
   0.0000E+00  0.0000E+00  0.0000E+00  0.0000E+00  0.0000E+00  0.0000E+00  0.0000E+00  0.0000E+00  0.0000E+00  0.0000E+00
   0.0000E+00  0.0000E+00  0.0000E+00  0.0000E+00  0.0000E+00  0.0000E+00  0.0000E+00  0.0000E+00  0.0000E+00  0.0000E+00
   0.0000E+00  0.0000E+00  0.0000E+00  0.0000E+00  0.0000E+00  0.0000E+00  0.0000E+00  0.0000E+00  0.0000E+00  0.0000E+00
   0.0000E+00  0.0000E+00  0.0000E+00  0.0000E+00  0.0000E+00  0.0000E+00  0.0000E+00  0.0000E+00  0.0000E+00  0.0000E+00
   0.0000E+00  0.0000E+00  0.0000E+00  0.0000E+00  0.0000E+00  0.0000E+00  0.0000E+00  0.0000E+00  0.0000E+00  0.0000E+00
   0.0000E+00  0.0000E+00  0.0000E+00  0.0000E+00  0.0000E+00  0.0000E+00  0.0000E+00  0.0000E+00  0.0000E+00  0.0000E+00
   0.0000E+00  0.0000E+00  0.0000E+00  0.0000E+00  0.0000E+00  0.0000E+00  0.0000E+00  0.0000E+00  0.0000E+00  0.0000E+00
   0.0000E+00  0.0000E+00  0.0000E+00  0.0000E+00  0.0000E+00  0.0000E+00  0.0000E+00  0.0000E+00  0.0000E+00  0.0000E+00
   0.0000E+00  0.0000E+00  0.0000E+00  0.0000E+00  0.0000E+00  0.0000E+00  0.0000E+00  0.0000E+00  0.0000E+00  0.0000E+00
   0.0000E+00  0.0000E+00  0.0000E+00  0.0000E+00  0.0000E+00  0.0000E+00  0.0000E+00  0.0000E+00  0.0000E+00  0.0000E+00
   0.0000E+00  0.0000E+00  0.0000E+00
   0.0000E+00  0.0000E+00  0.0000E+00  0.0000E+00  0.0000E+00  0.0000E+00  0.0000E+00  0.0000E+00  0.0000E+00  0.0000E+00
   0.0000E+00  0.0000E+00  0.0000E+00  0.0000E+00  0.0000E+00  0.0000E+00  0.0000E+00  0.0000E+00  0.0000E+00  0.0000E+00
   0.0000E+00  0.0000E+00  0.0000E+00  0.0000E+00  0.0000E+00  0.0000E+00  0.0000E+00  0.0000E+00  0.0000E+00  0.0000E+00
   0.0000E+00  0.0000E+00  0.0000E+00  0.0000E+00  0.0000E+00  0.0000E+00  0.0000E+00  0.0000E+00  0.0000E+00  0.0000E+00
   0.0000E+00  0.0000E+00  0.0000E+00  0.0000E+00  0.0000E+00  0.0000E+00  0.0000E+00  0.0000E+00  0.0000E+00  0.0000E+00
   0.0000E+00  0.0000E+00  0.0000E+00  0.0000E+00  0.0000E+00  0.0000E+00  0.0000E+00  0.0000E+00  0.0000E+00  0.0000E+00
   0.0000E+00  0.0000E+00  0.0000E+00  0.0000E+00  0.0000E+00  0.0000E+00  0.0000E+00  0.0000E+00  0.0000E+00  0.0000E+00
   0.0000E+00  0.0000E+00  0.0000E+00  0.0000E+00  0.0000E+00  0.0000E+00  0.0000E+00  0.0000E+00  0.0000E+00  0.0000E+00
   0.0000E+00  0.0000E+00  0.0000E+00  0.0000E+00  0.0000E+00  0.0000E+00  0.0000E+00  0.0000E+00  0.0000E+00  0.0000E+00
   0.0000E+00  0.0000E+00  0.0000E+00  0.0000E+00  0.0000E+00  0.0000E+00  0.0000E+00  0.0000E+00  0.0000E+00  0.0000E+00
   0.0000E+00  0.0000E+00  0.0000E+00  0.0000E+00  0.0000E+00  0.0000E+00  0.0000E+00  0.0000E+00  0.0000E+00  0.0000E+00
   0.0000E+00  0.0000E+00  0.0000E+00
   0.0000E+00  0.0000E+00  0.0000E+00  0.0000E+00  0.0000E+00  0.0000E+00  0.0000E+00  0.0000E+00  0.0000E+00  0.0000E+00
   0.0000E+00  0.0000E+00  0.0000E+00  0.0000E+00  0.0000E+00  0.0000E+00  0.0000E+00  0.0000E+00  0.0000E+00  0.0000E+00
   0.0000E+00  0.0000E+00  0.0000E+00  0.0000E+00  0.0000E+00  0.0000E+00  0.0000E+00  0.0000E+00  0.0000E+00  0.0000E+00
   0.0000E+00  0.0000E+00  0.0000E+00  0.0000E+00  0.0000E+00  0.0000E+00  0.0000E+00  0.0000E+00  0.0000E+00  0.0000E+00
   0.0000E+00  0.0000E+00  0.0000E+00  0.0000E+00  0.0000E+00  0.0000E+00  0.0000E+00  0.0000E+00  0.0000E+00  0.0000E+00
   0.0000E+00  0.0000E+00  0.0000E+00  0.0000E+00  0.0000E+00  0.0000E+00  0.0000E+00  0.0000E+00  0.0000E+00  0.0000E+00
   0.0000E+00  0.0000E+00  0.0000E+00  0.0000E+00  0.0000E+00  0.0000E+00  0.0000E+00  0.0000E+00  0.0000E+00  0.0000E+00
   0.0000E+00  0.0000E+00  0.0000E+00  0.0000E+00  0.0000E+00  0.0000E+00  0.0000E+00  0.0000E+00  0.0000E+00  0.0000E+00
   0.0000E+00  0.0000E+00  0.0000E+00  0.0000E+00  0.0000E+00  0.0000E+00  0.0000E+00  0.0000E+00  0.0000E+00  0.0000E+00
   0.0000E+00  0.0000E+00  0.0000E+00  0.0000E+00  0.0000E+00  0.0000E+00  0.0000E+00  0.0000E+00  0.0000E+00  0.0000E+00
   0.0000E+00  0.0000E+00  0.0000E+00  0.0000E+00  0.0000E+00  0.0000E+00  0.0000E+00  0.0000E+00  0.0000E+00  0.0000E+00
   0.0000E+00  0.0000E+00  0.0000E+00
   0.0000E+00  0.0000E+00  0.0000E+00  0.0000E+00  0.0000E+00  0.0000E+00  0.0000E+00  0.0000E+00  0.0000E+00  0.0000E+00
   0.0000E+00  0.0000E+00  0.0000E+00  0.0000E+00  0.0000E+00  0.0000E+00  0.0000E+00  0.0000E+00  0.0000E+00  0.0000E+00
   0.0000E+00  0.0000E+00  0.0000E+00  0.0000E+00  0.0000E+00  0.0000E+00  0.0000E+00  0.0000E+00  0.0000E+00  0.0000E+00
   0.0000E+00  0.0000E+00  0.0000E+00  0.0000E+00  0.0000E+00  0.0000E+00  0.0000E+00  0.0000E+00  0.0000E+00  0.0000E+00
   0.0000E+00  0.0000E+00  0.0000E+00  0.0000E+00  0.0000E+00  0.0000E+00  0.0000E+00  0.0000E+00  0.0000E+00  0.0000E+00
   0.0000E+00  0.0000E+00  0.0000E+00  0.0000E+00  0.0000E+00  0.0000E+00  0.0000E+00  0.0000E+00  0.0000E+00  0.0000E+00
   0.0000E+00  0.0000E+00  0.0000E+00  0.0000E+00  0.0000E+00  0.0000E+00  0.0000E+00  0.0000E+00  0.0000E+00  0.0000E+00
   0.0000E+00  0.0000E+00  0.0000E+00  0.0000E+00  0.0000E+00  0.0000E+00  0.0000E+00  0.0000E+00  0.0000E+00  0.0000E+00
   0.0000E+00  0.0000E+00  0.0000E+00  0.0000E+00  0.0000E+00  0.0000E+00  0.0000E+00  0.0000E+00  0.0000E+00  0.0000E+00
   0.0000E+00  0.0000E+00  0.0000E+00  0.0000E+00  0.0000E+00  0.0000E+00  0.0000E+00  0.0000E+00  0.0000E+00  0.0000E+00
   0.0000E+00  0.0000E+00  0.0000E+00  0.0000E+00  0.0000E+00  0.0000E+00  0.0000E+00  0.0000E+00  0.0000E+00  0.0000E+00
   0.0000E+00  0.0000E+00  0.0000E+00
   0.0000E+00  0.0000E+00  0.0000E+00  0.0000E+00  0.0000E+00  0.0000E+00  0.0000E+00  0.0000E+00  0.0000E+00  0.0000E+00
   0.0000E+00  0.0000E+00  0.0000E+00  0.0000E+00  0.0000E+00  0.0000E+00  0.0000E+00  0.0000E+00  0.0000E+00  0.0000E+00
   0.0000E+00  0.0000E+00  0.0000E+00  0.0000E+00  0.0000E+00  0.0000E+00  0.0000E+00  0.0000E+00  0.0000E+00  0.0000E+00
   0.0000E+00  0.0000E+00  0.0000E+00  0.0000E+00  0.0000E+00  0.0000E+00  0.0000E+00  0.0000E+00  0.0000E+00  0.0000E+00
   0.0000E+00  0.0000E+00  0.0000E+00  0.0000E+00  0.0000E+00  0.0000E+00  0.0000E+00  0.0000E+00  0.0000E+00  0.0000E+00
   0.0000E+00  0.0000E+00  0.0000E+00  0.0000E+00  0.0000E+00  0.0000E+00  0.0000E+00  0.0000E+00  0.0000E+00  0.0000E+00
   0.0000E+00  0.0000E+00  0.0000E+00  0.0000E+00  0.0000E+00  0.0000E+00  0.0000E+00  0.0000E+00  0.0000E+00  0.0000E+00
   0.0000E+00  0.0000E+00  0.0000E+00  0.0000E+00  0.0000E+00  0.0000E+00  0.0000E+00  0.0000E+00  0.0000E+00  0.0000E+00
   0.0000E+00  0.0000E+00  0.0000E+00  0.0000E+00  0.0000E+00  0.0000E+00  0.0000E+00  0.0000E+00  0.0000E+00  0.0000E+00
   0.0000E+00  0.0000E+00  0.0000E+00  0.0000E+00  0.0000E+00  0.0000E+00  0.0000E+00  0.0000E+00  0.0000E+00  0.0000E+00
   0.0000E+00  0.0000E+00  0.0000E+00  0.0000E+00  0.0000E+00  0.0000E+00  0.0000E+00  0.0000E+00  0.0000E+00  0.0000E+00
   0.0000E+00  0.0000E+00  0.0000E+00
   0.0000E+00  0.0000E+00  0.0000E+00  0.0000E+00  0.0000E+00  0.0000E+00  0.0000E+00  0.0000E+00  0.0000E+00  0.0000E+00
   0.0000E+00  0.0000E+00  0.0000E+00  0.0000E+00  0.0000E+00  0.0000E+00  0.0000E+00  0.0000E+00  0.0000E+00  0.0000E+00
   0.0000E+00  0.0000E+00  0.0000E+00  0.0000E+00  0.0000E+00  0.0000E+00  0.0000E+00  0.0000E+00  0.0000E+00  0.0000E+00
   0.0000E+00  0.0000E+00  0.0000E+00  0.0000E+00  0.0000E+00  0.0000E+00  0.0000E+00  0.0000E+00  0.0000E+00  0.0000E+00
   0.0000E+00  0.0000E+00  0.0000E+00  0.0000E+00  0.0000E+00  0.0000E+00  0.0000E+00  0.0000E+00  0.0000E+00  0.0000E+00
   0.0000E+00  0.0000E+00  0.0000E+00  0.0000E+00  0.0000E+00  0.0000E+00  0.0000E+00  0.0000E+00  0.0000E+00  0.0000E+00
   0.0000E+00  0.0000E+00  0.0000E+00  0.0000E+00  0.0000E+00  0.0000E+00  0.0000E+00  0.0000E+00  0.0000E+00  0.0000E+00
   0.0000E+00  0.0000E+00  0.0000E+00  0.0000E+00  0.0000E+00  0.0000E+00  0.0000E+00  0.0000E+00  0.0000E+00  0.0000E+00
   0.0000E+00  0.0000E+00  0.0000E+00  0.0000E+00  0.0000E+00  0.0000E+00  0.0000E+00  0.0000E+00  0.0000E+00  0.0000E+00
   0.0000E+00  0.0000E+00  0.0000E+00  0.0000E+00  0.0000E+00  0.0000E+00  0.0000E+00  0.0000E+00  0.0000E+00  0.0000E+00
   0.0000E+00  0.0000E+00  0.0000E+00  0.0000E+00  0.0000E+00  0.0000E+00  0.0000E+00  0.0000E+00  0.0000E+00  0.0000E+00
   0.0000E+00  0.0000E+00  0.0000E+00
   0.0000E+00  0.0000E+00  0.0000E+00  0.0000E+00  0.0000E+00  0.0000E+00  0.0000E+00  0.0000E+00  0.0000E+00  0.0000E+00
   0.0000E+00  0.0000E+00  0.0000E+00  0.0000E+00  0.0000E+00  0.0000E+00  0.0000E+00  0.0000E+00  0.0000E+00  0.0000E+00
   0.0000E+00  0.0000E+00  0.0000E+00  0.0000E+00  0.0000E+00  0.0000E+00  0.0000E+00  0.0000E+00  0.0000E+00  0.0000E+00
   0.0000E+00  0.0000E+00  0.0000E+00  0.0000E+00  0.0000E+00  0.0000E+00  0.0000E+00  0.0000E+00  0.0000E+00  0.0000E+00
   0.0000E+00  0.0000E+00  0.0000E+00  0.0000E+00  0.0000E+00  0.0000E+00  0.0000E+00  0.0000E+00  0.0000E+00  0.0000E+00
   0.0000E+00  0.0000E+00  0.0000E+00  0.0000E+00  0.0000E+00  0.0000E+00  0.0000E+00  0.0000E+00  0.0000E+00  0.0000E+00
   0.0000E+00  0.0000E+00  0.0000E+00  0.0000E+00  0.0000E+00  0.0000E+00  0.0000E+00  0.0000E+00  0.0000E+00  0.0000E+00
   0.0000E+00  0.0000E+00  0.0000E+00  0.0000E+00  0.0000E+00  0.0000E+00  0.0000E+00  0.0000E+00  0.0000E+00  0.0000E+00
   0.0000E+00  0.0000E+00  0.0000E+00  0.0000E+00  0.0000E+00  0.0000E+00  0.0000E+00  0.0000E+00  0.0000E+00  0.0000E+00
   0.0000E+00  0.0000E+00  0.0000E+00  0.0000E+00  0.0000E+00  0.0000E+00  0.0000E+00  0.0000E+00  0.0000E+00  0.0000E+00
   0.0000E+00  0.0000E+00  0.0000E+00  0.0000E+00  0.0000E+00  0.0000E+00  0.0000E+00  0.0000E+00  0.0000E+00  0.0000E+00
   0.0000E+00  0.0000E+00  0.0000E+00
   0.0000E+00  0.0000E+00  0.0000E+00  0.0000E+00  0.0000E+00  0.0000E+00  0.0000E+00  0.0000E+00  0.0000E+00  0.0000E+00
   0.0000E+00  0.0000E+00  0.0000E+00  0.0000E+00  0.0000E+00  0.0000E+00  0.0000E+00  0.0000E+00  0.0000E+00  0.0000E+00
   0.0000E+00  0.0000E+00  0.0000E+00  0.0000E+00  0.0000E+00  0.0000E+00  0.0000E+00  0.0000E+00  0.0000E+00  0.0000E+00
   0.0000E+00  0.0000E+00  0.0000E+00  0.0000E+00  0.0000E+00  0.0000E+00  0.0000E+00  0.0000E+00  0.0000E+00  0.0000E+00
   0.0000E+00  0.0000E+00  0.0000E+00  0.0000E+00  0.0000E+00  0.0000E+00  0.0000E+00  0.0000E+00  0.0000E+00  0.0000E+00
   0.0000E+00  0.0000E+00  0.0000E+00  0.0000E+00  0.0000E+00  0.0000E+00  0.0000E+00  0.0000E+00  0.0000E+00  0.0000E+00
   0.0000E+00  0.0000E+00  0.0000E+00  0.0000E+00  0.0000E+00  0.0000E+00  0.0000E+00  0.0000E+00  0.0000E+00  0.0000E+00
   0.0000E+00  0.0000E+00  0.0000E+00  0.0000E+00  0.0000E+00  0.0000E+00  0.0000E+00  0.0000E+00  0.0000E+00  0.0000E+00
   0.0000E+00  0.0000E+00  0.0000E+00  0.0000E+00  0.0000E+00  0.0000E+00  0.0000E+00  0.0000E+00  0.0000E+00  0.0000E+00
   0.0000E+00  0.0000E+00  0.0000E+00  0.0000E+00  0.0000E+00  0.0000E+00  0.0000E+00  0.0000E+00  0.0000E+00  0.0000E+00
   0.0000E+00  0.0000E+00  0.0000E+00  0.0000E+00  0.0000E+00  0.0000E+00  0.0000E+00  0.0000E+00  0.0000E+00  0.0000E+00
   0.0000E+00  0.0000E+00  0.0000E+00
   0.0000E+00  0.0000E+00  0.0000E+00  0.0000E+00  0.0000E+00  0.0000E+00  0.0000E+00  0.0000E+00  0.0000E+00  0.0000E+00
   0.0000E+00  0.0000E+00  0.0000E+00  0.0000E+00  0.0000E+00  0.0000E+00  0.0000E+00  0.0000E+00  0.0000E+00  0.0000E+00
   0.0000E+00  0.0000E+00  0.0000E+00  0.0000E+00  0.0000E+00  0.0000E+00  0.0000E+00  0.0000E+00  0.0000E+00  0.0000E+00
   0.0000E+00  0.0000E+00  0.0000E+00  0.0000E+00  0.0000E+00  0.0000E+00  0.0000E+00  0.0000E+00  0.0000E+00  0.0000E+00
   0.0000E+00  0.0000E+00  0.0000E+00  0.0000E+00  0.0000E+00  0.0000E+00  0.0000E+00  0.0000E+00  0.0000E+00  0.0000E+00
   0.0000E+00  0.0000E+00  0.0000E+00  0.0000E+00  0.0000E+00  0.0000E+00  0.0000E+00  0.0000E+00  0.0000E+00  0.0000E+00
   0.0000E+00  0.0000E+00  0.0000E+00  0.0000E+00  0.0000E+00  0.0000E+00  0.0000E+00  0.0000E+00  0.0000E+00  0.0000E+00
   0.0000E+00  0.0000E+00  0.0000E+00  0.0000E+00  0.0000E+00  0.0000E+00  0.0000E+00  0.0000E+00  0.0000E+00  0.0000E+00
   0.0000E+00  0.0000E+00  0.0000E+00  0.0000E+00  0.0000E+00  0.0000E+00  0.0000E+00  0.0000E+00  0.0000E+00  0.0000E+00
   0.0000E+00  0.0000E+00  0.0000E+00  0.0000E+00  0.0000E+00  0.0000E+00  0.0000E+00  0.0000E+00  0.0000E+00  0.0000E+00
   0.0000E+00  0.0000E+00  0.0000E+00  0.0000E+00  0.0000E+00  0.0000E+00  0.0000E+00  0.0000E+00  0.0000E+00  0.0000E+00
   0.0000E+00  0.0000E+00  0.0000E+00
   0.0000E+00  0.0000E+00  0.0000E+00  0.0000E+00  0.0000E+00  0.0000E+00  0.0000E+00  0.0000E+00  0.0000E+00  0.0000E+00
   0.0000E+00  0.0000E+00  0.0000E+00  0.0000E+00  0.0000E+00  0.0000E+00  0.0000E+00  0.0000E+00  0.0000E+00  0.0000E+00
   0.0000E+00  0.0000E+00  0.0000E+00  0.0000E+00  0.0000E+00  0.0000E+00  0.0000E+00  0.0000E+00  0.0000E+00  0.0000E+00
   0.0000E+00  0.0000E+00  0.0000E+00  0.0000E+00  0.0000E+00  0.0000E+00  0.0000E+00  0.0000E+00  0.0000E+00  0.0000E+00
   0.0000E+00  0.0000E+00  0.0000E+00  0.0000E+00  0.0000E+00  0.0000E+00  0.0000E+00  0.0000E+00  0.0000E+00  0.0000E+00
   0.0000E+00  0.0000E+00  0.0000E+00  0.0000E+00  0.0000E+00  0.0000E+00  0.0000E+00  0.0000E+00  0.0000E+00  0.0000E+00
   0.0000E+00  0.0000E+00  0.0000E+00  0.0000E+00  0.0000E+00  0.0000E+00  0.0000E+00  0.0000E+00  0.0000E+00  0.0000E+00
   0.0000E+00  0.0000E+00  0.0000E+00  0.0000E+00  0.0000E+00  0.0000E+00  0.0000E+00  0.0000E+00  0.0000E+00  0.0000E+00
   0.0000E+00  0.0000E+00  0.0000E+00  0.0000E+00  0.0000E+00  0.0000E+00  0.0000E+00  0.0000E+00  0.0000E+00  0.0000E+00
   0.0000E+00  0.0000E+00  0.0000E+00  0.0000E+00  0.0000E+00  0.0000E+00  0.0000E+00  0.0000E+00  0.0000E+00  0.0000E+00
   0.0000E+00  0.0000E+00  0.0000E+00  0.0000E+00  0.0000E+00  0.0000E+00  0.0000E+00  0.0000E+00  0.0000E+00  0.0000E+00
   0.0000E+00  0.0000E+00  0.0000E+00
   0.0000E+00  0.0000E+00  0.0000E+00  0.0000E+00  0.0000E+00  0.0000E+00  0.0000E+00  0.0000E+00  0.0000E+00  0.0000E+00
   0.0000E+00  0.0000E+00  0.0000E+00  0.0000E+00  0.0000E+00  0.0000E+00  0.0000E+00  0.0000E+00  0.0000E+00  0.0000E+00
   0.0000E+00  0.0000E+00  0.0000E+00  0.0000E+00  0.0000E+00  0.0000E+00  0.0000E+00  0.0000E+00  0.0000E+00  0.0000E+00
   0.0000E+00  0.0000E+00  0.0000E+00  0.0000E+00  0.0000E+00  0.0000E+00  0.0000E+00  0.0000E+00  0.0000E+00  0.0000E+00
   0.0000E+00  0.0000E+00  0.0000E+00  0.0000E+00  0.0000E+00  0.0000E+00  0.0000E+00  0.0000E+00  0.0000E+00  0.0000E+00
   0.0000E+00  0.0000E+00  0.0000E+00  0.0000E+00  0.0000E+00  0.0000E+00  0.0000E+00  0.0000E+00  0.0000E+00  0.0000E+00
   0.0000E+00  0.0000E+00  0.0000E+00  0.0000E+00  0.0000E+00  0.0000E+00  0.0000E+00  0.0000E+00  0.0000E+00  0.0000E+00
   0.0000E+00  0.0000E+00  0.0000E+00  0.0000E+00  0.0000E+00  0.0000E+00  0.0000E+00  0.0000E+00  0.0000E+00  0.0000E+00
   0.0000E+00  0.0000E+00  0.0000E+00  0.0000E+00  0.0000E+00  0.0000E+00  0.0000E+00  0.0000E+00  0.0000E+00  0.0000E+00
   0.0000E+00  0.0000E+00  0.0000E+00  0.0000E+00  0.0000E+00  0.0000E+00  0.0000E+00  0.0000E+00  0.0000E+00  0.0000E+00
   0.0000E+00  0.0000E+00  0.0000E+00  0.0000E+00  0.0000E+00  0.0000E+00  0.0000E+00  0.0000E+00  0.0000E+00  0.0000E+00
   0.0000E+00  0.0000E+00  0.0000E+00
   0.0000E+00  0.0000E+00  0.0000E+00  0.0000E+00  0.0000E+00  0.0000E+00  0.0000E+00  0.0000E+00  0.0000E+00  0.0000E+00
   0.0000E+00  0.0000E+00  0.0000E+00  0.0000E+00  0.0000E+00  0.0000E+00  0.0000E+00  0.0000E+00  0.0000E+00  0.0000E+00
   0.0000E+00  0.0000E+00  0.0000E+00  0.0000E+00  0.0000E+00  0.0000E+00  0.0000E+00  0.0000E+00  0.0000E+00  0.0000E+00
   0.0000E+00  0.0000E+00  0.0000E+00  0.0000E+00  0.0000E+00  0.0000E+00  0.0000E+00  0.0000E+00  0.0000E+00  0.0000E+00
   0.0000E+00  0.0000E+00  0.0000E+00  0.0000E+00  0.0000E+00  0.0000E+00  0.0000E+00  0.0000E+00  0.0000E+00  0.0000E+00
   0.0000E+00  0.0000E+00  0.0000E+00  0.0000E+00  0.0000E+00  0.0000E+00  0.0000E+00  0.0000E+00  0.0000E+00  0.0000E+00
   0.0000E+00  0.0000E+00  0.0000E+00  0.0000E+00  0.0000E+00  0.0000E+00  0.0000E+00  0.0000E+00  0.0000E+00  0.0000E+00
   0.0000E+00  0.0000E+00  0.0000E+00  0.0000E+00  0.0000E+00  0.0000E+00  0.0000E+00  0.0000E+00  0.0000E+00  0.0000E+00
   0.0000E+00  0.0000E+00  0.0000E+00  0.0000E+00  0.0000E+00  0.0000E+00  0.0000E+00  0.0000E+00  0.0000E+00  0.0000E+00
   0.0000E+00  0.0000E+00  0.0000E+00  0.0000E+00  0.0000E+00  0.0000E+00  0.0000E+00  0.0000E+00  0.0000E+00  0.0000E+00
   0.0000E+00  0.0000E+00  0.0000E+00  0.0000E+00  0.0000E+00  0.0000E+00  0.0000E+00  0.0000E+00  0.0000E+00  0.0000E+00
   0.0000E+00  0.0000E+00  0.0000E+00
   0.0000E+00  0.0000E+00  0.0000E+00  0.0000E+00  0.0000E+00  0.0000E+00  0.0000E+00  0.0000E+00  0.0000E+00  0.0000E+00
   0.0000E+00  0.0000E+00  0.0000E+00  0.0000E+00  0.0000E+00  0.0000E+00  0.0000E+00  0.0000E+00  0.0000E+00  0.0000E+00
   0.0000E+00  0.0000E+00  0.0000E+00  0.0000E+00  0.0000E+00  0.0000E+00  0.0000E+00  0.0000E+00  0.0000E+00  0.0000E+00
   0.0000E+00  0.0000E+00  0.0000E+00  0.0000E+00  0.0000E+00  0.0000E+00  0.0000E+00  0.0000E+00  0.0000E+00  0.0000E+00
   0.0000E+00  0.0000E+00  0.0000E+00  0.0000E+00  0.0000E+00  0.0000E+00  0.0000E+00  0.0000E+00  0.0000E+00  0.0000E+00
   0.0000E+00  0.0000E+00  0.0000E+00  0.0000E+00  0.0000E+00  0.0000E+00  0.0000E+00  0.0000E+00  0.0000E+00  0.0000E+00
   0.0000E+00  0.0000E+00  0.0000E+00  0.0000E+00  0.0000E+00  0.0000E+00  0.0000E+00  0.0000E+00  0.0000E+00  0.0000E+00
   0.0000E+00  0.0000E+00  0.0000E+00  0.0000E+00  0.0000E+00  0.0000E+00  0.0000E+00  0.0000E+00  0.0000E+00  0.0000E+00
   0.0000E+00  0.0000E+00  0.0000E+00  0.0000E+00  0.0000E+00  0.0000E+00  0.0000E+00  0.0000E+00  0.0000E+00  0.0000E+00
   0.0000E+00  0.0000E+00  0.0000E+00  0.0000E+00  0.0000E+00  0.0000E+00  0.0000E+00  0.0000E+00  0.0000E+00  0.0000E+00
   0.0000E+00  0.0000E+00  0.0000E+00  0.0000E+00  0.0000E+00  0.0000E+00  0.0000E+00  0.0000E+00  0.0000E+00  0.0000E+00
   0.0000E+00  0.0000E+00  0.0000E+00
   0.0000E+00  0.0000E+00  0.0000E+00  0.0000E+00  0.0000E+00  0.0000E+00  0.0000E+00  0.0000E+00  0.0000E+00  0.0000E+00
   0.0000E+00  0.0000E+00  0.0000E+00  0.0000E+00  0.0000E+00  0.0000E+00  0.0000E+00  0.0000E+00  0.0000E+00  0.0000E+00
   0.0000E+00  0.0000E+00  0.0000E+00  0.0000E+00  0.0000E+00  0.0000E+00  0.0000E+00  0.0000E+00  0.0000E+00  0.0000E+00
   0.0000E+00  0.0000E+00  0.0000E+00  0.0000E+00  0.0000E+00  0.0000E+00  0.0000E+00  0.0000E+00  0.0000E+00  0.0000E+00
   0.0000E+00  0.0000E+00  0.0000E+00  0.0000E+00  0.0000E+00  0.0000E+00  0.0000E+00  0.0000E+00  0.0000E+00  0.0000E+00
   0.0000E+00  0.0000E+00  0.0000E+00  0.0000E+00  0.0000E+00  0.0000E+00  0.0000E+00  0.0000E+00  0.0000E+00  0.0000E+00
   0.0000E+00  0.0000E+00  0.0000E+00  0.0000E+00  0.0000E+00  0.0000E+00  0.0000E+00  0.0000E+00  0.0000E+00  0.0000E+00
   0.0000E+00  0.0000E+00  0.0000E+00  0.0000E+00  0.0000E+00  0.0000E+00  0.0000E+00  0.0000E+00  0.0000E+00  0.0000E+00
   0.0000E+00  0.0000E+00  0.0000E+00  0.0000E+00  0.0000E+00  0.0000E+00  0.0000E+00  0.0000E+00  0.0000E+00  0.0000E+00
   0.0000E+00  0.0000E+00  0.0000E+00  0.0000E+00  0.0000E+00  0.0000E+00  0.0000E+00  0.0000E+00  0.0000E+00  0.0000E+00
   0.0000E+00  0.0000E+00  0.0000E+00  0.0000E+00  0.0000E+00  0.0000E+00  0.0000E+00  0.0000E+00  0.0000E+00  0.0000E+00
   0.0000E+00  0.0000E+00  0.0000E+00
   0.0000E+00  0.0000E+00  0.0000E+00  0.0000E+00  0.0000E+00  0.0000E+00  0.0000E+00  0.0000E+00  0.0000E+00  0.0000E+00
   0.0000E+00  0.0000E+00  0.0000E+00  0.0000E+00  0.0000E+00  0.0000E+00  0.0000E+00  0.0000E+00  0.0000E+00  0.0000E+00
   0.0000E+00  0.0000E+00  0.0000E+00  0.0000E+00  0.0000E+00  0.0000E+00  0.0000E+00  0.0000E+00  0.0000E+00  0.0000E+00
   0.0000E+00  0.0000E+00  0.0000E+00  0.0000E+00  0.0000E+00  0.0000E+00  0.0000E+00  0.0000E+00  0.0000E+00  0.0000E+00
   0.0000E+00  0.0000E+00  0.0000E+00  0.0000E+00  0.0000E+00  0.0000E+00  0.0000E+00  0.0000E+00  0.0000E+00  0.0000E+00
   0.0000E+00  0.0000E+00  0.0000E+00  0.0000E+00  0.0000E+00  0.0000E+00  0.0000E+00  0.0000E+00  0.0000E+00  0.0000E+00
   0.0000E+00  0.0000E+00  0.0000E+00  0.0000E+00  0.0000E+00  0.0000E+00  0.0000E+00  0.0000E+00  0.0000E+00  0.0000E+00
   0.0000E+00  0.0000E+00  0.0000E+00  0.0000E+00  0.0000E+00  0.0000E+00  0.0000E+00  0.0000E+00  0.0000E+00  0.0000E+00
   0.0000E+00  0.0000E+00  0.0000E+00  0.0000E+00  0.0000E+00  0.0000E+00  0.0000E+00  0.0000E+00  0.0000E+00  0.0000E+00
   0.0000E+00  0.0000E+00  0.0000E+00  0.0000E+00  0.0000E+00  0.0000E+00  0.0000E+00  0.0000E+00  0.0000E+00  0.0000E+00
   0.0000E+00  0.0000E+00  0.0000E+00  0.0000E+00  0.0000E+00  0.0000E+00  0.0000E+00  0.0000E+00  0.0000E+00  0.0000E+00
   0.0000E+00  0.0000E+00  0.0000E+00
   0.0000E+00  0.0000E+00  0.0000E+00  0.0000E+00  0.0000E+00  0.0000E+00  0.0000E+00  0.0000E+00  0.0000E+00  0.0000E+00
   0.0000E+00  0.0000E+00  0.0000E+00  0.0000E+00  0.0000E+00  0.0000E+00  0.0000E+00  0.0000E+00  0.0000E+00  0.0000E+00
   0.0000E+00  0.0000E+00  0.0000E+00  0.0000E+00  0.0000E+00  0.0000E+00  0.0000E+00  0.0000E+00  0.0000E+00  0.0000E+00
   0.0000E+00  0.0000E+00  0.0000E+00  0.0000E+00  0.0000E+00  0.0000E+00  0.0000E+00  0.0000E+00  0.0000E+00  0.0000E+00
   0.0000E+00  0.0000E+00  0.0000E+00  0.0000E+00  0.0000E+00  0.0000E+00  0.0000E+00  0.0000E+00  0.0000E+00  0.0000E+00
   0.0000E+00  0.0000E+00  0.0000E+00  0.0000E+00  0.0000E+00  0.0000E+00  0.0000E+00  0.0000E+00  0.0000E+00  0.0000E+00
   0.0000E+00  0.0000E+00  0.0000E+00  0.0000E+00  0.0000E+00  0.0000E+00  0.0000E+00  0.0000E+00  0.0000E+00  0.0000E+00
   0.0000E+00  0.0000E+00  0.0000E+00  0.0000E+00  0.0000E+00  0.0000E+00  0.0000E+00  0.0000E+00  0.0000E+00  0.0000E+00
   0.0000E+00  0.0000E+00  0.0000E+00  0.0000E+00  0.0000E+00  0.0000E+00  0.0000E+00  0.0000E+00  0.0000E+00  0.0000E+00
   0.0000E+00  0.0000E+00  0.0000E+00  0.0000E+00  0.0000E+00  0.0000E+00  0.0000E+00  0.0000E+00  0.0000E+00  0.0000E+00
   0.0000E+00  0.0000E+00  0.0000E+00  0.0000E+00  0.0000E+00  0.0000E+00  0.0000E+00  0.0000E+00  0.0000E+00  0.0000E+00
   0.0000E+00  0.0000E+00  0.0000E+00
   0.0000E+00  0.0000E+00  0.0000E+00  0.0000E+00  0.0000E+00  0.0000E+00  0.0000E+00  0.0000E+00  0.0000E+00  0.0000E+00
   0.0000E+00  0.0000E+00  0.0000E+00  0.0000E+00  0.0000E+00  0.0000E+00  0.0000E+00  0.0000E+00  0.0000E+00  0.0000E+00
   0.0000E+00  0.0000E+00  0.0000E+00  0.0000E+00  0.0000E+00  0.0000E+00  0.0000E+00  0.0000E+00  0.0000E+00  0.0000E+00
   0.0000E+00  0.0000E+00  0.0000E+00  0.0000E+00  0.0000E+00  0.0000E+00  0.0000E+00  0.0000E+00  0.0000E+00  0.0000E+00
   0.0000E+00  0.0000E+00  0.0000E+00  0.0000E+00  0.0000E+00  0.0000E+00  0.0000E+00  0.0000E+00  0.0000E+00  0.0000E+00
   0.0000E+00  0.0000E+00  0.0000E+00  0.0000E+00  0.0000E+00  0.0000E+00  0.0000E+00  0.0000E+00  0.0000E+00  0.0000E+00
   0.0000E+00  0.0000E+00  0.0000E+00  0.0000E+00  0.0000E+00  0.0000E+00  0.0000E+00  0.0000E+00  0.0000E+00  0.0000E+00
   0.0000E+00  0.0000E+00  0.0000E+00  0.0000E+00  0.0000E+00  0.0000E+00  0.0000E+00  0.0000E+00  0.0000E+00  0.0000E+00
   0.0000E+00  0.0000E+00  0.0000E+00  0.0000E+00  0.0000E+00  0.0000E+00  0.0000E+00  0.0000E+00  0.0000E+00  0.0000E+00
   0.0000E+00  0.0000E+00  0.0000E+00  0.0000E+00  0.0000E+00  0.0000E+00  0.0000E+00  0.0000E+00  0.0000E+00  0.0000E+00
   0.0000E+00  0.0000E+00  0.0000E+00  0.0000E+00  0.0000E+00  0.0000E+00  0.0000E+00  0.0000E+00  0.0000E+00  0.0000E+00
   0.0000E+00  0.0000E+00  0.0000E+00
   0.0000E+00  0.0000E+00  0.0000E+00  0.0000E+00  0.0000E+00  0.0000E+00  0.0000E+00  0.0000E+00  0.0000E+00  0.0000E+00
   0.0000E+00  0.0000E+00  0.0000E+00  0.0000E+00  0.0000E+00  0.0000E+00  0.0000E+00  0.0000E+00  0.0000E+00  0.0000E+00
   0.0000E+00  0.0000E+00  0.0000E+00  0.0000E+00  0.0000E+00  0.0000E+00  0.0000E+00  0.0000E+00  0.0000E+00  0.0000E+00
   0.0000E+00  0.0000E+00  0.0000E+00  0.0000E+00  0.0000E+00  0.0000E+00  0.0000E+00  0.0000E+00  0.0000E+00  0.0000E+00
   0.0000E+00  0.0000E+00  0.0000E+00  0.0000E+00  0.0000E+00  0.0000E+00  0.0000E+00  0.0000E+00  0.0000E+00  0.0000E+00
   0.0000E+00  0.0000E+00  0.0000E+00  0.0000E+00  0.0000E+00  0.0000E+00  0.0000E+00  0.0000E+00  0.0000E+00  0.0000E+00
   0.0000E+00  0.0000E+00  0.0000E+00  0.0000E+00  0.0000E+00  0.0000E+00  0.0000E+00  0.0000E+00  0.0000E+00  0.0000E+00
   0.0000E+00  0.0000E+00  0.0000E+00  0.0000E+00  0.0000E+00  0.0000E+00  0.0000E+00  0.0000E+00  0.0000E+00  0.0000E+00
   0.0000E+00  0.0000E+00  0.0000E+00  0.0000E+00  0.0000E+00  0.0000E+00  0.0000E+00  0.0000E+00  0.0000E+00  0.0000E+00
   0.0000E+00  0.0000E+00  0.0000E+00  0.0000E+00  0.0000E+00  0.0000E+00  0.0000E+00  0.0000E+00  0.0000E+00  0.0000E+00
   0.0000E+00  0.0000E+00  0.0000E+00  0.0000E+00  0.0000E+00  0.0000E+00  0.0000E+00  0.0000E+00  0.0000E+00  0.0000E+00
   0.0000E+00  0.0000E+00  0.0000E+00
   0.0000E+00  0.0000E+00  0.0000E+00  0.0000E+00  0.0000E+00  0.0000E+00  0.0000E+00  0.0000E+00  0.0000E+00  0.0000E+00
   0.0000E+00  0.0000E+00  0.0000E+00  0.0000E+00  0.0000E+00  0.0000E+00  0.0000E+00  0.0000E+00  0.0000E+00  0.0000E+00
   0.0000E+00  0.0000E+00  0.0000E+00  0.0000E+00  0.0000E+00  0.0000E+00  0.0000E+00  0.0000E+00  0.0000E+00  0.0000E+00
   0.0000E+00  0.0000E+00  0.0000E+00  0.0000E+00  0.0000E+00  0.0000E+00  0.0000E+00  0.0000E+00  0.0000E+00  0.0000E+00
   0.0000E+00  0.0000E+00  0.0000E+00  0.0000E+00  0.0000E+00  0.0000E+00  0.0000E+00  0.0000E+00  0.0000E+00  0.0000E+00
   0.0000E+00  0.0000E+00  0.0000E+00  0.0000E+00  0.0000E+00  0.0000E+00  0.0000E+00  0.0000E+00  0.0000E+00  0.0000E+00
   0.0000E+00  0.0000E+00  0.0000E+00  0.0000E+00  0.0000E+00  0.0000E+00  0.0000E+00  0.0000E+00  0.0000E+00  0.0000E+00
   0.0000E+00  0.0000E+00  0.0000E+00  0.0000E+00  0.0000E+00  0.0000E+00  0.0000E+00  0.0000E+00  0.0000E+00  0.0000E+00
   0.0000E+00  0.0000E+00  0.0000E+00  0.0000E+00  0.0000E+00  0.0000E+00  0.0000E+00  0.0000E+00  0.0000E+00  0.0000E+00
   0.0000E+00  0.0000E+00  0.0000E+00  0.0000E+00  0.0000E+00  0.0000E+00  0.0000E+00  0.0000E+00  0.0000E+00  0.0000E+00
   0.0000E+00  0.0000E+00  0.0000E+00  0.0000E+00  0.0000E+00  0.0000E+00  0.0000E+00  0.0000E+00  0.0000E+00  0.0000E+00
   0.0000E+00  0.0000E+00  0.0000E+00
   0.4463E+02  0.4657E+02  0.4851E+02  0.4880E+02  0.4909E+02  0.4937E+02  0.5074E+02  0.5210E+02  0.5346E+02  0.4922E+02
   0.4498E+02  0.4074E+02  0.3919E+02  0.3763E+02  0.3607E+02  0.3639E+02  0.3672E+02  0.3704E+02  0.3565E+02  0.3425E+02
   0.3285E+02  0.3632E+02  0.3978E+02  0.4325E+02  0.4091E+02  0.3858E+02  0.3625E+02  0.3999E+02  0.4373E+02  0.4747E+02
   0.4809E+02  0.4871E+02  0.4934E+02  0.5023E+02  0.5112E+02  0.5201E+02  0.5120E+02  0.5038E+02  0.4956E+02  0.4935E+02
   0.4914E+02  0.4893E+02  0.4835E+02  0.4776E+02  0.4718E+02  0.4377E+02  0.4036E+02  0.3694E+02  0.4017E+02  0.4340E+02
   0.4663E+02  0.4809E+02  0.4955E+02  0.5101E+02  0.5142E+02  0.5182E+02  0.5223E+02  0.5325E+02  0.5428E+02  0.5530E+02
   0.5548E+02  0.5567E+02  0.5585E+02  0.5563E+02  0.5540E+02  0.5518E+02  0.5385E+02  0.5253E+02  0.5121E+02  0.5133E+02
   0.5146E+02  0.5158E+02  0.5236E+02  0.5314E+02  0.5391E+02  0.5427E+02  0.5463E+02  0.5499E+02  0.5589E+02  0.5679E+02
   0.5769E+02  0.5738E+02  0.5708E+02  0.5677E+02  0.5698E+02  0.5720E+02  0.5741E+02  0.5561E+02  0.5382E+02  0.5202E+02
   0.5106E+02  0.5010E+02  0.4915E+02  0.4747E+02  0.4580E+02  0.4412E+02  0.4386E+02  0.4360E+02  0.3917E+02  0.4297E+02
   0.4678E+02  0.4741E+02  0.4804E+02  0.4868E+02  0.4833E+02  0.4799E+02  0.4765E+02  0.4454E+02  0.4143E+02  0.3832E+02
   0.3872E+02  0.3913E+02  0.3953E+02
   0.5402E+02  0.5323E+02  0.5244E+02  0.5125E+02  0.5006E+02  0.4887E+02  0.5183E+02  0.5479E+02  0.5775E+02  0.5337E+02
   0.4900E+02  0.4462E+02  0.4130E+02  0.3798E+02  0.3465E+02  0.3857E+02  0.4249E+02  0.4641E+02  0.4484E+02  0.4327E+02
   0.4170E+02  0.4434E+02  0.4698E+02  0.4961E+02  0.4655E+02  0.4349E+02  0.4042E+02  0.4441E+02  0.4840E+02  0.5238E+02
   0.5456E+02  0.5673E+02  0.5890E+02  0.5700E+02  0.5510E+02  0.5320E+02  0.5124E+02  0.4928E+02  0.4732E+02  0.4743E+02
   0.4755E+02  0.4766E+02  0.4909E+02  0.5052E+02  0.5195E+02  0.4839E+02  0.4484E+02  0.4129E+02  0.4344E+02  0.4559E+02
   0.4774E+02  0.4877E+02  0.4979E+02  0.5081E+02  0.5176E+02  0.5272E+02  0.5367E+02  0.5393E+02  0.5419E+02  0.5445E+02
   0.5519E+02  0.5593E+02  0.5667E+02  0.5693E+02  0.5719E+02  0.5746E+02  0.5669E+02  0.5593E+02  0.5517E+02  0.5520E+02
   0.5523E+02  0.5526E+02  0.5466E+02  0.5406E+02  0.5346E+02  0.5483E+02  0.5619E+02  0.5756E+02  0.5928E+02  0.6099E+02
   0.6271E+02  0.6001E+02  0.5731E+02  0.5461E+02  0.5213E+02  0.4964E+02  0.4716E+02  0.4721E+02  0.4725E+02  0.4730E+02
   0.4790E+02  0.4850E+02  0.4910E+02  0.4808E+02  0.4705E+02  0.4602E+02  0.4615E+02  0.4627E+02  0.5009E+02  0.5017E+02
   0.5025E+02  0.5019E+02  0.5013E+02  0.5007E+02  0.5314E+02  0.5621E+02  0.5928E+02  0.5391E+02  0.4854E+02  0.4317E+02
   0.3965E+02  0.3613E+02  0.3260E+02
   0.6190E+02  0.5936E+02  0.5682E+02  0.5337E+02  0.4992E+02  0.4646E+02  0.4921E+02  0.5195E+02  0.5469E+02  0.5231E+02
   0.4992E+02  0.4753E+02  0.4461E+02  0.4168E+02  0.3875E+02  0.4386E+02  0.4897E+02  0.5407E+02  0.5597E+02  0.5787E+02
   0.5976E+02  0.5823E+02  0.5670E+02  0.5517E+02  0.5278E+02  0.5039E+02  0.4801E+02  0.4758E+02  0.4715E+02  0.4673E+02
   0.5235E+02  0.5798E+02  0.6360E+02  0.6119E+02  0.5878E+02  0.5637E+02  0.5218E+02  0.4800E+02  0.4382E+02  0.4408E+02
   0.4434E+02  0.4460E+02  0.4901E+02  0.5341E+02  0.5782E+02  0.5743E+02  0.5705E+02  0.5666E+02  0.5480E+02  0.5294E+02
   0.5108E+02  0.5115E+02  0.5121E+02  0.5128E+02  0.5390E+02  0.5653E+02  0.5915E+02  0.5837E+02  0.5759E+02  0.5681E+02
   0.5575E+02  0.5470E+02  0.5364E+02  0.5466E+02  0.5568E+02  0.5671E+02  0.5842E+02  0.6014E+02  0.6185E+02  0.6262E+02
   0.6339E+02  0.6416E+02  0.6044E+02  0.5673E+02  0.5301E+02  0.5498E+02  0.5695E+02  0.5891E+02  0.5950E+02  0.6008E+02
   0.6067E+02  0.5731E+02  0.5395E+02  0.5059E+02  0.4410E+02  0.3760E+02  0.3111E+02  0.3542E+02  0.3973E+02  0.4403E+02
   0.4700E+02  0.4996E+02  0.5292E+02  0.5303E+02  0.5315E+02  0.5327E+02  0.5535E+02  0.5742E+02  0.5796E+02  0.5630E+02
   0.5463E+02  0.5231E+02  0.4999E+02  0.4766E+02  0.5052E+02  0.5337E+02  0.5622E+02  0.5284E+02  0.4946E+02  0.4608E+02
   0.4295E+02  0.3983E+02  0.3670E+02
   0.5125E+02  0.4634E+02  0.4143E+02  0.3768E+02  0.3392E+02  0.3016E+02  0.3529E+02  0.4041E+02  0.4553E+02  0.4814E+02
   0.5074E+02  0.5335E+02  0.5203E+02  0.5071E+02  0.4939E+02  0.5061E+02  0.5184E+02  0.5307E+02  0.5752E+02  0.6198E+02
   0.6644E+02  0.6159E+02  0.5674E+02  0.5190E+02  0.5007E+02  0.4824E+02  0.4641E+02  0.4911E+02  0.5180E+02  0.5449E+02
   0.5582E+02  0.5715E+02  0.5848E+02  0.5833E+02  0.5819E+02  0.5804E+02  0.5624E+02  0.5444E+02  0.5264E+02  0.5201E+02
   0.5139E+02  0.5076E+02  0.5367E+02  0.5658E+02  0.5949E+02  0.6055E+02  0.6161E+02  0.6267E+02  0.6132E+02  0.5997E+02
   0.5862E+02  0.5656E+02  0.5449E+02  0.5242E+02  0.5647E+02  0.6052E+02  0.6457E+02  0.6131E+02  0.5804E+02  0.5477E+02
   0.5468E+02  0.5459E+02  0.5449E+02  0.5577E+02  0.5705E+02  0.5832E+02  0.5875E+02  0.5917E+02  0.5959E+02  0.5868E+02
   0.5777E+02  0.5686E+02  0.5832E+02  0.5979E+02  0.6126E+02  0.6000E+02  0.5875E+02  0.5749E+02  0.5723E+02  0.5696E+02
   0.5670E+02  0.5629E+02  0.5589E+02  0.5548E+02  0.5266E+02  0.4985E+02  0.4703E+02  0.5123E+02  0.5542E+02  0.5961E+02
   0.5847E+02  0.5732E+02  0.5617E+02  0.5718E+02  0.5818E+02  0.5919E+02  0.6123E+02  0.6327E+02  0.5657E+02  0.5285E+02
   0.4913E+02  0.4552E+02  0.4192E+02  0.3831E+02  0.4225E+02  0.4618E+02  0.5011E+02  0.5022E+02  0.5033E+02  0.5044E+02
   0.4832E+02  0.4619E+02  0.4407E+02
   0.3798E+02  0.3463E+02  0.3127E+02  0.3032E+02  0.2936E+02  0.2841E+02  0.3309E+02  0.3777E+02  0.4245E+02  0.4708E+02
   0.5171E+02  0.5634E+02  0.5592E+02  0.5550E+02  0.5507E+02  0.5511E+02  0.5514E+02  0.5517E+02  0.5804E+02  0.6091E+02
   0.6377E+02  0.6053E+02  0.5729E+02  0.5405E+02  0.5400E+02  0.5394E+02  0.5389E+02  0.5626E+02  0.5863E+02  0.6100E+02
   0.6061E+02  0.6021E+02  0.5982E+02  0.5973E+02  0.5965E+02  0.5956E+02  0.5962E+02  0.5968E+02  0.5974E+02  0.5822E+02
   0.5670E+02  0.5517E+02  0.5589E+02  0.5661E+02  0.5733E+02  0.5805E+02  0.5876E+02  0.5948E+02  0.6030E+02  0.6113E+02
   0.6195E+02  0.5914E+02  0.5633E+02  0.5352E+02  0.5722E+02  0.6092E+02  0.6462E+02  0.5786E+02  0.5110E+02  0.4434E+02
   0.4962E+02  0.5490E+02  0.6018E+02  0.6107E+02  0.6196E+02  0.6286E+02  0.6146E+02  0.6006E+02  0.5866E+02  0.5792E+02
   0.5717E+02  0.5642E+02  0.5837E+02  0.6031E+02  0.6226E+02  0.6016E+02  0.5806E+02  0.5596E+02  0.5613E+02  0.5630E+02
   0.5647E+02  0.5717E+02  0.5787E+02  0.5858E+02  0.5759E+02  0.5661E+02  0.5562E+02  0.5851E+02  0.6140E+02  0.6428E+02
   0.6192E+02  0.5955E+02  0.5718E+02  0.5927E+02  0.6136E+02  0.6346E+02  0.6559E+02  0.6772E+02  0.4593E+02  0.3983E+02
   0.3374E+02  0.2983E+02  0.2592E+02  0.2201E+02  0.2833E+02  0.3464E+02  0.4095E+02  0.4606E+02  0.5116E+02  0.5626E+02
   0.5574E+02  0.5522E+02  0.5471E+02
   0.2210E+02  0.2422E+02  0.2634E+02  0.3130E+02  0.3625E+02  0.4120E+02  0.4262E+02  0.4404E+02  0.4545E+02  0.4913E+02
   0.5282E+02  0.5650E+02  0.5627E+02  0.5604E+02  0.5581E+02  0.5734E+02  0.5887E+02  0.6040E+02  0.5752E+02  0.5464E+02
   0.5177E+02  0.5505E+02  0.5834E+02  0.6162E+02  0.6456E+02  0.6749E+02  0.7043E+02  0.6904E+02  0.6766E+02  0.6628E+02
   0.6672E+02  0.6716E+02  0.6761E+02  0.6538E+02  0.6316E+02  0.6094E+02  0.6233E+02  0.6373E+02  0.6513E+02  0.6270E+02
   0.6027E+02  0.5784E+02  0.5567E+02  0.5351E+02  0.5134E+02  0.4992E+02  0.4850E+02  0.4708E+02  0.5174E+02  0.5640E+02
   0.6106E+02  0.5890E+02  0.5674E+02  0.5458E+02  0.5615E+02  0.5773E+02  0.5930E+02  0.4804E+02  0.3678E+02  0.2552E+02
   0.4057E+02  0.5563E+02  0.7068E+02  0.7056E+02  0.7043E+02  0.7031E+02  0.6656E+02  0.6281E+02  0.5907E+02  0.6033E+02
   0.6160E+02  0.6286E+02  0.6058E+02  0.5829E+02  0.5601E+02  0.5544E+02  0.5488E+02  0.5431E+02  0.5620E+02  0.5809E+02
   0.5997E+02  0.5994E+02  0.5991E+02  0.5988E+02  0.5887E+02  0.5787E+02  0.5687E+02  0.5726E+02  0.5766E+02  0.5805E+02
   0.5735E+02  0.5664E+02  0.5594E+02  0.5932E+02  0.6269E+02  0.6606E+02  0.6842E+02  0.7078E+02  0.3004E+02  0.2942E+02
   0.2881E+02  0.3081E+02  0.3281E+02  0.3481E+02  0.3786E+02  0.4090E+02  0.4395E+02  0.4811E+02  0.5226E+02  0.5642E+02
   0.5609E+02  0.5577E+02  0.5544E+02
   0.3123E+02  0.3501E+02  0.3878E+02  0.3970E+02  0.4062E+02  0.4154E+02  0.4325E+02  0.4497E+02  0.4669E+02  0.4910E+02
   0.5152E+02  0.5393E+02  0.5339E+02  0.5284E+02  0.5229E+02  0.5434E+02  0.5639E+02  0.5844E+02  0.5853E+02  0.5862E+02
   0.5871E+02  0.6010E+02  0.6149E+02  0.6288E+02  0.6331E+02  0.6374E+02  0.6416E+02  0.6198E+02  0.5979E+02  0.5760E+02
   0.6001E+02  0.6242E+02  0.6483E+02  0.6492E+02  0.6502E+02  0.6511E+02  0.6404E+02  0.6298E+02  0.6192E+02  0.6236E+02
   0.6280E+02  0.6324E+02  0.5881E+02  0.5438E+02  0.4995E+02  0.5124E+02  0.5253E+02  0.5383E+02  0.5721E+02  0.6058E+02
   0.6396E+02  0.5917E+02  0.5438E+02  0.4959E+02  0.4827E+02  0.4694E+02  0.4562E+02  0.4248E+02  0.3934E+02  0.3621E+02
   0.4627E+02  0.5632E+02  0.6638E+02  0.6621E+02  0.6604E+02  0.6587E+02  0.6338E+02  0.6090E+02  0.5841E+02  0.5781E+02
   0.5721E+02  0.5660E+02  0.5782E+02  0.5904E+02  0.6025E+02  0.5872E+02  0.5718E+02  0.5564E+02  0.5497E+02  0.5429E+02
   0.5361E+02  0.5470E+02  0.5579E+02  0.5687E+02  0.5623E+02  0.5559E+02  0.5495E+02  0.5711E+02  0.5927E+02  0.6143E+02
   0.6062E+02  0.5980E+02  0.5898E+02  0.5976E+02  0.6054E+02  0.6132E+02  0.6351E+02  0.6570E+02  0.2667E+02  0.2961E+02
   0.3256E+02  0.3550E+02  0.3843E+02  0.4137E+02  0.4294E+02  0.4450E+02  0.4607E+02  0.4912E+02  0.5217E+02  0.5522E+02
   0.5483E+02  0.5444E+02  0.5405E+02
   0.4297E+02  0.4625E+02  0.4953E+02  0.4895E+02  0.4837E+02  0.4780E+02  0.4818E+02  0.4857E+02  0.4896E+02  0.5081E+02
   0.5266E+02  0.5451E+02  0.5425E+02  0.5398E+02  0.5371E+02  0.5564E+02  0.5757E+02  0.5950E+02  0.6031E+02  0.6111E+02
   0.6191E+02  0.6202E+02  0.6212E+02  0.6223E+02  0.5897E+02  0.5572E+02  0.5247E+02  0.5225E+02  0.5204E+02  0.5183E+02
   0.5545E+02  0.5907E+02  0.6270E+02  0.6330E+02  0.6391E+02  0.6451E+02  0.6342E+02  0.6233E+02  0.6124E+02  0.6240E+02
   0.6355E+02  0.6471E+02  0.5903E+02  0.5334E+02  0.4766E+02  0.5065E+02  0.5364E+02  0.5662E+02  0.5930E+02  0.6197E+02
   0.6464E+02  0.5972E+02  0.5481E+02  0.4989E+02  0.4829E+02  0.4669E+02  0.4509E+02  0.4588E+02  0.4667E+02  0.4747E+02
   0.5268E+02  0.5789E+02  0.6310E+02  0.6319E+02  0.6328E+02  0.6336E+02  0.6152E+02  0.5967E+02  0.5782E+02  0.5781E+02
   0.5780E+02  0.5778E+02  0.5939E+02  0.6099E+02  0.6259E+02  0.6076E+02  0.5892E+02  0.5708E+02  0.5595E+02  0.5482E+02
   0.5369E+02  0.5389E+02  0.5410E+02  0.5430E+02  0.5398E+02  0.5366E+02  0.5334E+02  0.5557E+02  0.5780E+02  0.6002E+02
   0.6046E+02  0.6089E+02  0.6133E+02  0.6086E+02  0.6039E+02  0.5992E+02  0.6082E+02  0.6173E+02  0.3580E+02  0.4040E+02
   0.4500E+02  0.4390E+02  0.4280E+02  0.4170E+02  0.4357E+02  0.4544E+02  0.4730E+02  0.4909E+02  0.5087E+02  0.5265E+02
   0.5194E+02  0.5124E+02  0.5053E+02
   0.5732E+02  0.5795E+02  0.5858E+02  0.5905E+02  0.5952E+02  0.5999E+02  0.5741E+02  0.5484E+02  0.5226E+02  0.5425E+02
   0.5625E+02  0.5824E+02  0.5885E+02  0.5946E+02  0.6007E+02  0.6125E+02  0.6242E+02  0.6360E+02  0.6286E+02  0.6211E+02
   0.6137E+02  0.6080E+02  0.6023E+02  0.5966E+02  0.5155E+02  0.4344E+02  0.3533E+02  0.3988E+02  0.4442E+02  0.4897E+02
   0.5305E+02  0.5713E+02  0.6121E+02  0.6052E+02  0.5983E+02  0.5914E+02  0.6046E+02  0.6178E+02  0.6311E+02  0.6282E+02
   0.6254E+02  0.6226E+02  0.5634E+02  0.5041E+02  0.4449E+02  0.4815E+02  0.5180E+02  0.5546E+02  0.5800E+02  0.6055E+02
   0.6309E+02  0.6056E+02  0.5802E+02  0.5548E+02  0.5623E+02  0.5698E+02  0.5773E+02  0.5825E+02  0.5877E+02  0.5929E+02
   0.5981E+02  0.6032E+02  0.6084E+02  0.6149E+02  0.6215E+02  0.6280E+02  0.6097E+02  0.5913E+02  0.5729E+02  0.6033E+02
   0.6337E+02  0.6641E+02  0.6528E+02  0.6415E+02  0.6303E+02  0.6156E+02  0.6010E+02  0.5863E+02  0.5916E+02  0.5968E+02
   0.6021E+02  0.5753E+02  0.5485E+02  0.5217E+02  0.5213E+02  0.5210E+02  0.5206E+02  0.5265E+02  0.5323E+02  0.5382E+02
   0.5687E+02  0.5992E+02  0.6297E+02  0.6260E+02  0.6224E+02  0.6187E+02  0.6037E+02  0.5886E+02  0.5015E+02  0.5210E+02
   0.5405E+02  0.5400E+02  0.5395E+02  0.5389E+02  0.5280E+02  0.5170E+02  0.5061E+02  0.5253E+02  0.5445E+02  0.5638E+02
   0.5655E+02  0.5672E+02  0.5689E+02
   0.7642E+02  0.7747E+02  0.7851E+02  0.7742E+02  0.7632E+02  0.7523E+02  0.6806E+02  0.6090E+02  0.5373E+02  0.5567E+02
   0.5761E+02  0.5955E+02  0.6183E+02  0.6411E+02  0.6639E+02  0.6688E+02  0.6736E+02  0.6784E+02  0.6468E+02  0.6152E+02
   0.5836E+02  0.5868E+02  0.5901E+02  0.5933E+02  0.5549E+02  0.5165E+02  0.4781E+02  0.4755E+02  0.4729E+02  0.4703E+02
   0.5184E+02  0.5666E+02  0.6147E+02  0.6165E+02  0.6183E+02  0.6201E+02  0.5900E+02  0.5598E+02  0.5297E+02  0.5501E+02
   0.5706E+02  0.5910E+02  0.5605E+02  0.5301E+02  0.4996E+02  0.4995E+02  0.4994E+02  0.4993E+02  0.5567E+02  0.6141E+02
   0.6716E+02  0.6396E+02  0.6076E+02  0.5756E+02  0.6027E+02  0.6299E+02  0.6571E+02  0.6390E+02  0.6208E+02  0.6027E+02
   0.6072E+02  0.6116E+02  0.6161E+02  0.6267E+02  0.6373E+02  0.6480E+02  0.6602E+02  0.6724E+02  0.6846E+02  0.6636E+02
   0.6426E+02  0.6217E+02  0.6022E+02  0.5828E+02  0.5634E+02  0.5595E+02  0.5556E+02  0.5517E+02  0.5580E+02  0.5643E+02
   0.5706E+02  0.5817E+02  0.5929E+02  0.6040E+02  0.5958E+02  0.5875E+02  0.5792E+02  0.5803E+02  0.5813E+02  0.5824E+02
   0.5956E+02  0.6088E+02  0.6220E+02  0.6315E+02  0.6410E+02  0.6505E+02  0.6607E+02  0.6710E+02  0.6687E+02  0.6771E+02
   0.6855E+02  0.6823E+02  0.6792E+02  0.6761E+02  0.6274E+02  0.5787E+02  0.5300E+02  0.5496E+02  0.5693E+02  0.5890E+02
   0.6034E+02  0.6179E+02  0.6323E+02
   0.9058E+02  0.9167E+02  0.9276E+02  0.9025E+02  0.8773E+02  0.8522E+02  0.7482E+02  0.6443E+02  0.5403E+02  0.5579E+02
   0.5754E+02  0.5930E+02  0.6193E+02  0.6457E+02  0.6721E+02  0.6811E+02  0.6901E+02  0.6991E+02  0.6622E+02  0.6252E+02
   0.5882E+02  0.5917E+02  0.5952E+02  0.5987E+02  0.5805E+02  0.5624E+02  0.5442E+02  0.5208E+02  0.4975E+02  0.4742E+02
   0.4892E+02  0.5042E+02  0.5192E+02  0.5307E+02  0.5422E+02  0.5537E+02  0.5304E+02  0.5071E+02  0.4838E+02  0.5130E+02
   0.5422E+02  0.5714E+02  0.5633E+02  0.5552E+02  0.5471E+02  0.5388E+02  0.5305E+02  0.5222E+02  0.5722E+02  0.6222E+02
   0.6722E+02  0.6474E+02  0.6225E+02  0.5977E+02  0.6278E+02  0.6579E+02  0.6880E+02  0.6601E+02  0.6322E+02  0.6044E+02
   0.6090E+02  0.6137E+02  0.6184E+02  0.6238E+02  0.6293E+02  0.6347E+02  0.6586E+02  0.6826E+02  0.7065E+02  0.6689E+02
   0.6313E+02  0.5937E+02  0.5784E+02  0.5632E+02  0.5479E+02  0.5483E+02  0.5486E+02  0.5489E+02  0.5556E+02  0.5623E+02
   0.5691E+02  0.5899E+02  0.6107E+02  0.6316E+02  0.6274E+02  0.6232E+02  0.6190E+02  0.6196E+02  0.6203E+02  0.6209E+02
   0.6226E+02  0.6244E+02  0.6261E+02  0.6341E+02  0.6421E+02  0.6502E+02  0.6608E+02  0.6715E+02  0.8597E+02  0.8722E+02
   0.8848E+02  0.8660E+02  0.8473E+02  0.8285E+02  0.7339E+02  0.6393E+02  0.5447E+02  0.5638E+02  0.5830E+02  0.6021E+02
   0.6332E+02  0.6644E+02  0.6956E+02
   0.9982E+02  0.1006E+03  0.1013E+03  0.9754E+02  0.9374E+02  0.8995E+02  0.7769E+02  0.6543E+02  0.5316E+02  0.5460E+02
   0.5603E+02  0.5747E+02  0.5915E+02  0.6084E+02  0.6252E+02  0.6496E+02  0.6739E+02  0.6983E+02  0.6747E+02  0.6511E+02
   0.6275E+02  0.6226E+02  0.6177E+02  0.6128E+02  0.5924E+02  0.5719E+02  0.5515E+02  0.5347E+02  0.5180E+02  0.5013E+02
   0.4427E+02  0.3842E+02  0.3256E+02  0.3478E+02  0.3701E+02  0.3923E+02  0.4259E+02  0.4596E+02  0.4932E+02  0.5167E+02
   0.5402E+02  0.5638E+02  0.5716E+02  0.5795E+02  0.5873E+02  0.5994E+02  0.6114E+02  0.6234E+02  0.6265E+02  0.6297E+02
   0.6328E+02  0.6290E+02  0.6252E+02  0.6213E+02  0.6376E+02  0.6538E+02  0.6700E+02  0.6460E+02  0.6219E+02  0.5979E+02
   0.6037E+02  0.6095E+02  0.6153E+02  0.6063E+02  0.5973E+02  0.5883E+02  0.6050E+02  0.6218E+02  0.6386E+02  0.6191E+02
   0.5996E+02  0.5801E+02  0.5814E+02  0.5827E+02  0.5840E+02  0.5820E+02  0.5800E+02  0.5780E+02  0.5845E+02  0.5910E+02
   0.5975E+02  0.5998E+02  0.6021E+02  0.6043E+02  0.6162E+02  0.6280E+02  0.6398E+02  0.6445E+02  0.6492E+02  0.6538E+02
   0.6499E+02  0.6459E+02  0.6419E+02  0.6339E+02  0.6258E+02  0.6177E+02  0.6039E+02  0.5900E+02  0.9520E+02  0.9612E+02
   0.9705E+02  0.9389E+02  0.9074E+02  0.8758E+02  0.7626E+02  0.6493E+02  0.5360E+02  0.5519E+02  0.5679E+02  0.5838E+02
   0.6054E+02  0.6271E+02  0.6487E+02
   0.6813E+02  0.7241E+02  0.7669E+02  0.8016E+02  0.8363E+02  0.8710E+02  0.7519E+02  0.6328E+02  0.5138E+02  0.5189E+02
   0.5240E+02  0.5291E+02  0.5387E+02  0.5483E+02  0.5579E+02  0.6081E+02  0.6584E+02  0.7086E+02  0.6449E+02  0.5812E+02
   0.5174E+02  0.5068E+02  0.4962E+02  0.4856E+02  0.5042E+02  0.5228E+02  0.5414E+02  0.5396E+02  0.5377E+02  0.5358E+02
   0.5062E+02  0.4766E+02  0.4470E+02  0.4573E+02  0.4677E+02  0.4780E+02  0.4912E+02  0.5043E+02  0.5175E+02  0.5412E+02
   0.5650E+02  0.5887E+02  0.6086E+02  0.6284E+02  0.6482E+02  0.6428E+02  0.6373E+02  0.6319E+02  0.6285E+02  0.6252E+02
   0.6219E+02  0.6272E+02  0.6325E+02  0.6378E+02  0.6358E+02  0.6337E+02  0.6317E+02  0.6196E+02  0.6074E+02  0.5953E+02
   0.5991E+02  0.6028E+02  0.6066E+02  0.6016E+02  0.5965E+02  0.5915E+02  0.5957E+02  0.6000E+02  0.6043E+02  0.5933E+02
   0.5823E+02  0.5713E+02  0.5505E+02  0.5298E+02  0.5090E+02  0.5059E+02  0.5027E+02  0.4995E+02  0.5141E+02  0.5286E+02
   0.5432E+02  0.5534E+02  0.5636E+02  0.5737E+02  0.5789E+02  0.5841E+02  0.5892E+02  0.6012E+02  0.6132E+02  0.6252E+02
   0.6240E+02  0.6227E+02  0.6215E+02  0.6214E+02  0.6212E+02  0.6211E+02  0.6143E+02  0.6075E+02  0.8397E+02  0.8649E+02
   0.8901E+02  0.8885E+02  0.8869E+02  0.8853E+02  0.7644E+02  0.6436E+02  0.5227E+02  0.5324E+02  0.5422E+02  0.5519E+02
   0.5651E+02  0.5783E+02  0.5915E+02
   0.5172E+02  0.5607E+02  0.6041E+02  0.6558E+02  0.7075E+02  0.7592E+02  0.6762E+02  0.5932E+02  0.5101E+02  0.5217E+02
   0.5333E+02  0.5449E+02  0.5483E+02  0.5517E+02  0.5551E+02  0.5805E+02  0.6059E+02  0.6313E+02  0.5732E+02  0.5151E+02
   0.4569E+02  0.4518E+02  0.4466E+02  0.4415E+02  0.4850E+02  0.5286E+02  0.5721E+02  0.5739E+02  0.5757E+02  0.5775E+02
   0.5679E+02  0.5583E+02  0.5487E+02  0.5512E+02  0.5536E+02  0.5561E+02  0.5606E+02  0.5652E+02  0.5697E+02  0.5821E+02
   0.5944E+02  0.6068E+02  0.6221E+02  0.6375E+02  0.6529E+02  0.6496E+02  0.6463E+02  0.6430E+02  0.6388E+02  0.6346E+02
   0.6304E+02  0.6366E+02  0.6427E+02  0.6489E+02  0.6402E+02  0.6315E+02  0.6228E+02  0.6213E+02  0.6197E+02  0.6182E+02
   0.6125E+02  0.6068E+02  0.6011E+02  0.5975E+02  0.5938E+02  0.5902E+02  0.5963E+02  0.6024E+02  0.6085E+02  0.5929E+02
   0.5773E+02  0.5617E+02  0.5230E+02  0.4843E+02  0.4457E+02  0.4507E+02  0.4557E+02  0.4607E+02  0.4830E+02  0.5053E+02
   0.5275E+02  0.5420E+02  0.5564E+02  0.5708E+02  0.5744E+02  0.5780E+02  0.5816E+02  0.5943E+02  0.6070E+02  0.6198E+02
   0.6200E+02  0.6202E+02  0.6205E+02  0.6267E+02  0.6330E+02  0.6392E+02  0.6322E+02  0.6252E+02  0.5228E+02  0.5832E+02
   0.6437E+02  0.7147E+02  0.7857E+02  0.8568E+02  0.7395E+02  0.6221E+02  0.5048E+02  0.5053E+02  0.5058E+02  0.5063E+02
   0.5123E+02  0.5182E+02  0.5242E+02
   0.5061E+02  0.5156E+02  0.5251E+02  0.5381E+02  0.5511E+02  0.5641E+02  0.5496E+02  0.5352E+02  0.5207E+02  0.5546E+02
   0.5884E+02  0.6222E+02  0.6205E+02  0.6188E+02  0.6170E+02  0.5668E+02  0.5166E+02  0.4664E+02  0.4596E+02  0.4528E+02
   0.4460E+02  0.4575E+02  0.4690E+02  0.4805E+02  0.5348E+02  0.5891E+02  0.6434E+02  0.6377E+02  0.6320E+02  0.6263E+02
   0.6278E+02  0.6294E+02  0.6309E+02  0.6294E+02  0.6279E+02  0.6264E+02  0.6342E+02  0.6421E+02  0.6499E+02  0.6392E+02
   0.6286E+02  0.6179E+02  0.6124E+02  0.6068E+02  0.6013E+02  0.6198E+02  0.6382E+02  0.6567E+02  0.6573E+02  0.6579E+02
   0.6585E+02  0.6572E+02  0.6559E+02  0.6546E+02  0.6509E+02  0.6471E+02  0.6433E+02  0.6510E+02  0.6588E+02  0.6665E+02
   0.6439E+02  0.6213E+02  0.5987E+02  0.5940E+02  0.5892E+02  0.5844E+02  0.6068E+02  0.6291E+02  0.6514E+02  0.6181E+02
   0.5847E+02  0.5514E+02  0.4989E+02  0.4464E+02  0.3939E+02  0.4165E+02  0.4391E+02  0.4617E+02  0.4913E+02  0.5209E+02
   0.5505E+02  0.5656E+02  0.5806E+02  0.5956E+02  0.6027E+02  0.6098E+02  0.6169E+02  0.6238E+02  0.6308E+02  0.6377E+02
   0.6380E+02  0.6384E+02  0.6388E+02  0.6499E+02  0.6609E+02  0.6720E+02  0.6575E+02  0.6431E+02  0.5117E+02  0.5382E+02
   0.5646E+02  0.5970E+02  0.6293E+02  0.6616E+02  0.6129E+02  0.5642E+02  0.5154E+02  0.5381E+02  0.5609E+02  0.5836E+02
   0.5844E+02  0.5853E+02  0.5861E+02
   0.5557E+02  0.5951E+02  0.6345E+02  0.6178E+02  0.6012E+02  0.5845E+02  0.5715E+02  0.5585E+02  0.5456E+02  0.5556E+02
   0.5656E+02  0.5756E+02  0.5740E+02  0.5724E+02  0.5708E+02  0.5553E+02  0.5398E+02  0.5243E+02  0.5308E+02  0.5372E+02
   0.5437E+02  0.5457E+02  0.5478E+02  0.5498E+02  0.5662E+02  0.5827E+02  0.5991E+02  0.6051E+02  0.6111E+02  0.6171E+02
   0.6249E+02  0.6328E+02  0.6406E+02  0.6458E+02  0.6509E+02  0.6560E+02  0.6562E+02  0.6564E+02  0.6566E+02  0.6626E+02
   0.6686E+02  0.6746E+02  0.6671E+02  0.6596E+02  0.6522E+02  0.6553E+02  0.6585E+02  0.6617E+02  0.6595E+02  0.6573E+02
   0.6551E+02  0.6548E+02  0.6545E+02  0.6541E+02  0.6463E+02  0.6384E+02  0.6306E+02  0.6371E+02  0.6436E+02  0.6502E+02
   0.6518E+02  0.6534E+02  0.6550E+02  0.6508E+02  0.6466E+02  0.6424E+02  0.6417E+02  0.6410E+02  0.6402E+02  0.6202E+02
   0.6001E+02  0.5801E+02  0.5572E+02  0.5344E+02  0.5115E+02  0.5268E+02  0.5420E+02  0.5572E+02  0.5735E+02  0.5898E+02
   0.6061E+02  0.5957E+02  0.5853E+02  0.5749E+02  0.5744E+02  0.5739E+02  0.5734E+02  0.5841E+02  0.5948E+02  0.6056E+02
   0.6097E+02  0.6138E+02  0.6179E+02  0.6195E+02  0.6211E+02  0.6228E+02  0.6277E+02  0.6327E+02  0.5309E+02  0.5554E+02
   0.5798E+02  0.5780E+02  0.5761E+02  0.5743E+02  0.5606E+02  0.5469E+02  0.5331E+02  0.5551E+02  0.5770E+02  0.5989E+02
   0.5972E+02  0.5956E+02  0.5939E+02
   0.5641E+02  0.5995E+02  0.6350E+02  0.6166E+02  0.5982E+02  0.5798E+02  0.5760E+02  0.5722E+02  0.5684E+02  0.5641E+02
   0.5599E+02  0.5556E+02  0.5567E+02  0.5579E+02  0.5591E+02  0.5650E+02  0.5710E+02  0.5770E+02  0.5854E+02  0.5938E+02
   0.6021E+02  0.5961E+02  0.5901E+02  0.5841E+02  0.5755E+02  0.5668E+02  0.5582E+02  0.5573E+02  0.5565E+02  0.5556E+02
   0.5594E+02  0.5631E+02  0.5668E+02  0.5775E+02  0.5882E+02  0.5989E+02  0.6176E+02  0.6364E+02  0.6551E+02  0.6686E+02
   0.6820E+02  0.6955E+02  0.6847E+02  0.6740E+02  0.6632E+02  0.6679E+02  0.6727E+02  0.6774E+02  0.6673E+02  0.6572E+02
   0.6471E+02  0.6556E+02  0.6641E+02  0.6726E+02  0.6676E+02  0.6626E+02  0.6575E+02  0.6548E+02  0.6521E+02  0.6494E+02
   0.6601E+02  0.6707E+02  0.6814E+02  0.6781E+02  0.6748E+02  0.6716E+02  0.6559E+02  0.6402E+02  0.6244E+02  0.6126E+02
   0.6007E+02  0.5889E+02  0.5820E+02  0.5751E+02  0.5682E+02  0.5790E+02  0.5899E+02  0.6007E+02  0.6098E+02  0.6189E+02
   0.6280E+02  0.6130E+02  0.5980E+02  0.5830E+02  0.5774E+02  0.5719E+02  0.5663E+02  0.5790E+02  0.5916E+02  0.6042E+02
   0.5945E+02  0.5848E+02  0.5751E+02  0.5813E+02  0.5876E+02  0.5938E+02  0.6117E+02  0.6297E+02  0.5804E+02  0.6348E+02
   0.6892E+02  0.6577E+02  0.6262E+02  0.5947E+02  0.5825E+02  0.5702E+02  0.5580E+02  0.5561E+02  0.5542E+02  0.5523E+02
   0.5507E+02  0.5492E+02  0.5477E+02
   0.5314E+02  0.5289E+02  0.5265E+02  0.5343E+02  0.5421E+02  0.5500E+02  0.5631E+02  0.5762E+02  0.5893E+02  0.5803E+02
   0.5712E+02  0.5622E+02  0.5687E+02  0.5752E+02  0.5817E+02  0.5960E+02  0.6102E+02  0.6244E+02  0.6234E+02  0.6224E+02
   0.6213E+02  0.6087E+02  0.5961E+02  0.5835E+02  0.5625E+02  0.5416E+02  0.5206E+02  0.4944E+02  0.4682E+02  0.4420E+02
   0.4312E+02  0.4203E+02  0.4094E+02  0.4247E+02  0.4399E+02  0.4551E+02  0.5186E+02  0.5820E+02  0.6455E+02  0.6571E+02
   0.6688E+02  0.6805E+02  0.6652E+02  0.6499E+02  0.6346E+02  0.6576E+02  0.6806E+02  0.7037E+02  0.6806E+02  0.6575E+02
   0.6344E+02  0.6596E+02  0.6849E+02  0.7101E+02  0.7148E+02  0.7196E+02  0.7243E+02  0.7043E+02  0.6842E+02  0.6641E+02
   0.6688E+02  0.6734E+02  0.6780E+02  0.6760E+02  0.6739E+02  0.6719E+02  0.6493E+02  0.6267E+02  0.6041E+02  0.5953E+02
   0.5865E+02  0.5778E+02  0.5732E+02  0.5686E+02  0.5640E+02  0.5733E+02  0.5827E+02  0.5920E+02  0.6001E+02  0.6082E+02
   0.6163E+02  0.6175E+02  0.6187E+02  0.6198E+02  0.6118E+02  0.6037E+02  0.5957E+02  0.6083E+02  0.6210E+02  0.6336E+02
   0.5926E+02  0.5515E+02  0.5105E+02  0.5353E+02  0.5602E+02  0.5850E+02  0.6096E+02  0.6342E+02  0.5477E+02  0.5642E+02
   0.5807E+02  0.5754E+02  0.5702E+02  0.5649E+02  0.5696E+02  0.5742E+02  0.5789E+02  0.5722E+02  0.5655E+02  0.5589E+02
   0.5627E+02  0.5666E+02  0.5704E+02
   0.5262E+02  0.5293E+02  0.5323E+02  0.5388E+02  0.5452E+02  0.5517E+02  0.5568E+02  0.5619E+02  0.5671E+02  0.5703E+02
   0.5735E+02  0.5767E+02  0.5982E+02  0.6198E+02  0.6413E+02  0.6461E+02  0.6509E+02  0.6557E+02  0.6612E+02  0.6667E+02
   0.6722E+02  0.6424E+02  0.6125E+02  0.5827E+02  0.5989E+02  0.6151E+02  0.6313E+02  0.6041E+02  0.5769E+02  0.5497E+02
   0.5487E+02  0.5477E+02  0.5466E+02  0.5445E+02  0.5423E+02  0.5402E+02  0.5784E+02  0.6167E+02  0.6550E+02  0.6531E+02
   0.6512E+02  0.6493E+02  0.6518E+02  0.6543E+02  0.6568E+02  0.6631E+02  0.6695E+02  0.6758E+02  0.6632E+02  0.6506E+02
   0.6379E+02  0.6614E+02  0.6849E+02  0.7085E+02  0.7066E+02  0.7048E+02  0.7030E+02  0.7032E+02  0.7034E+02  0.7037E+02
   0.6915E+02  0.6793E+02  0.6671E+02  0.6735E+02  0.6799E+02  0.6864E+02  0.6769E+02  0.6675E+02  0.6580E+02  0.6559E+02
   0.6538E+02  0.6517E+02  0.6402E+02  0.6288E+02  0.6173E+02  0.6321E+02  0.6469E+02  0.6618E+02  0.6626E+02  0.6635E+02
   0.6644E+02  0.6635E+02  0.6626E+02  0.6618E+02  0.6629E+02  0.6640E+02  0.6652E+02  0.6509E+02  0.6366E+02  0.6223E+02
   0.5877E+02  0.5532E+02  0.5187E+02  0.5409E+02  0.5630E+02  0.5852E+02  0.5971E+02  0.6090E+02  0.5288E+02  0.5291E+02
   0.5294E+02  0.5365E+02  0.5437E+02  0.5508E+02  0.5599E+02  0.5691E+02  0.5782E+02  0.5753E+02  0.5724E+02  0.5694E+02
   0.5835E+02  0.5975E+02  0.6115E+02
   0.6193E+02  0.6093E+02  0.5993E+02  0.5828E+02  0.5662E+02  0.5496E+02  0.5524E+02  0.5553E+02  0.5581E+02  0.5429E+02
   0.5276E+02  0.5124E+02  0.5574E+02  0.6024E+02  0.6474E+02  0.6466E+02  0.6459E+02  0.6452E+02  0.6334E+02  0.6216E+02
   0.6098E+02  0.6011E+02  0.5924E+02  0.5837E+02  0.5975E+02  0.6113E+02  0.6250E+02  0.6196E+02  0.6141E+02  0.6086E+02
   0.6174E+02  0.6263E+02  0.6351E+02  0.6152E+02  0.5954E+02  0.5755E+02  0.5894E+02  0.6033E+02  0.6172E+02  0.6186E+02
   0.6200E+02  0.6214E+02  0.6265E+02  0.6316E+02  0.6368E+02  0.6397E+02  0.6426E+02  0.6455E+02  0.6368E+02  0.6282E+02
   0.6195E+02  0.6446E+02  0.6697E+02  0.6948E+02  0.6942E+02  0.6935E+02  0.6929E+02  0.6983E+02  0.7038E+02  0.7093E+02
   0.6945E+02  0.6797E+02  0.6649E+02  0.6729E+02  0.6809E+02  0.6890E+02  0.6884E+02  0.6878E+02  0.6871E+02  0.6836E+02
   0.6801E+02  0.6766E+02  0.6678E+02  0.6590E+02  0.6502E+02  0.6487E+02  0.6473E+02  0.6458E+02  0.6493E+02  0.6527E+02
   0.6561E+02  0.6648E+02  0.6735E+02  0.6822E+02  0.6928E+02  0.7034E+02  0.7139E+02  0.6875E+02  0.6611E+02  0.6347E+02
   0.6099E+02  0.5851E+02  0.5604E+02  0.5762E+02  0.5921E+02  0.6080E+02  0.6147E+02  0.6215E+02  0.5236E+02  0.5294E+02
   0.5352E+02  0.5410E+02  0.5468E+02  0.5525E+02  0.5537E+02  0.5548E+02  0.5559E+02  0.5653E+02  0.5746E+02  0.5839E+02
   0.6130E+02  0.6421E+02  0.6711E+02
   0.8108E+02  0.7692E+02  0.7276E+02  0.6663E+02  0.6050E+02  0.5437E+02  0.5499E+02  0.5562E+02  0.5624E+02  0.4980E+02
   0.4336E+02  0.3692E+02  0.4461E+02  0.5230E+02  0.5998E+02  0.5976E+02  0.5953E+02  0.5931E+02  0.5401E+02  0.4871E+02
   0.4341E+02  0.4849E+02  0.5357E+02  0.5864E+02  0.5583E+02  0.5301E+02  0.5020E+02  0.5409E+02  0.5798E+02  0.6187E+02
   0.6374E+02  0.6561E+02  0.6748E+02  0.6369E+02  0.5991E+02  0.5613E+02  0.5516E+02  0.5419E+02  0.5322E+02  0.5537E+02
   0.5753E+02  0.5969E+02  0.5894E+02  0.5819E+02  0.5745E+02  0.5872E+02  0.6000E+02  0.6128E+02  0.6015E+02  0.5903E+02
   0.5790E+02  0.6091E+02  0.6391E+02  0.6691E+02  0.6774E+02  0.6857E+02  0.6940E+02  0.6897E+02  0.6853E+02  0.6809E+02
   0.6777E+02  0.6746E+02  0.6714E+02  0.6742E+02  0.6769E+02  0.6797E+02  0.6836E+02  0.6875E+02  0.6914E+02  0.6785E+02
   0.6655E+02  0.6526E+02  0.6559E+02  0.6593E+02  0.6626E+02  0.6231E+02  0.5837E+02  0.5442E+02  0.5600E+02  0.5758E+02
   0.5916E+02  0.6215E+02  0.6513E+02  0.6812E+02  0.7015E+02  0.7217E+02  0.7419E+02  0.7182E+02  0.6946E+02  0.6709E+02
   0.6591E+02  0.6473E+02  0.6354E+02  0.6415E+02  0.6475E+02  0.6535E+02  0.6625E+02  0.6715E+02  0.7151E+02  0.6892E+02
   0.6634E+02  0.6245E+02  0.5856E+02  0.5467E+02  0.5512E+02  0.5557E+02  0.5603E+02  0.5204E+02  0.4806E+02  0.4408E+02
   0.5017E+02  0.5627E+02  0.6236E+02
   0.7381E+02  0.6666E+02  0.5951E+02  0.5777E+02  0.5603E+02  0.5428E+02  0.5477E+02  0.5526E+02  0.5575E+02  0.5350E+02
   0.5125E+02  0.4901E+02  0.5560E+02  0.6219E+02  0.6878E+02  0.6881E+02  0.6883E+02  0.6885E+02  0.6134E+02  0.5384E+02
   0.4633E+02  0.4987E+02  0.5342E+02  0.5696E+02  0.5247E+02  0.4799E+02  0.4350E+02  0.4662E+02  0.4974E+02  0.5286E+02
   0.5996E+02  0.6707E+02  0.7417E+02  0.6922E+02  0.6428E+02  0.5933E+02  0.5688E+02  0.5443E+02  0.5199E+02  0.5237E+02
   0.5276E+02  0.5314E+02  0.5767E+02  0.6220E+02  0.6673E+02  0.6299E+02  0.5925E+02  0.5551E+02  0.5511E+02  0.5470E+02
   0.5430E+02  0.5227E+02  0.5024E+02  0.4822E+02  0.4833E+02  0.4844E+02  0.4854E+02  0.5391E+02  0.5928E+02  0.6465E+02
   0.6240E+02  0.6015E+02  0.5791E+02  0.6163E+02  0.6535E+02  0.6908E+02  0.6743E+02  0.6579E+02  0.6415E+02  0.5984E+02
   0.5553E+02  0.5123E+02  0.5568E+02  0.6012E+02  0.6457E+02  0.6066E+02  0.5675E+02  0.5284E+02  0.5758E+02  0.6231E+02
   0.6704E+02  0.6973E+02  0.7242E+02  0.7511E+02  0.7415E+02  0.7319E+02  0.7223E+02  0.7091E+02  0.6960E+02  0.6829E+02
   0.6760E+02  0.6692E+02  0.6623E+02  0.6611E+02  0.6598E+02  0.6585E+02  0.6674E+02  0.6764E+02  0.7744E+02  0.7179E+02
   0.6613E+02  0.6220E+02  0.5826E+02  0.5433E+02  0.5488E+02  0.5544E+02  0.5600E+02  0.5165E+02  0.4731E+02  0.4296E+02
   0.5010E+02  0.5724E+02  0.6438E+02
   0.6459E+02  0.5915E+02  0.5370E+02  0.5405E+02  0.5439E+02  0.5473E+02  0.5501E+02  0.5529E+02  0.5556E+02  0.5531E+02
   0.5505E+02  0.5479E+02  0.5932E+02  0.6385E+02  0.6838E+02  0.6867E+02  0.6896E+02  0.6925E+02  0.6301E+02  0.5677E+02
   0.5053E+02  0.5235E+02  0.5417E+02  0.5600E+02  0.5229E+02  0.4858E+02  0.4487E+02  0.4663E+02  0.4839E+02  0.5015E+02
   0.5624E+02  0.6233E+02  0.6843E+02  0.6455E+02  0.6068E+02  0.5681E+02  0.5513E+02  0.5346E+02  0.5178E+02  0.5133E+02
   0.5089E+02  0.5044E+02  0.5526E+02  0.6009E+02  0.6491E+02  0.6056E+02  0.5620E+02  0.5184E+02  0.5202E+02  0.5220E+02
   0.5239E+02  0.4938E+02  0.4638E+02  0.4338E+02  0.4335E+02  0.4333E+02  0.4330E+02  0.4905E+02  0.5479E+02  0.6054E+02
   0.5903E+02  0.5752E+02  0.5601E+02  0.5983E+02  0.6366E+02  0.6749E+02  0.6588E+02  0.6426E+02  0.6265E+02  0.5921E+02
   0.5578E+02  0.5234E+02  0.5722E+02  0.6210E+02  0.6698E+02  0.6421E+02  0.6144E+02  0.5866E+02  0.6278E+02  0.6690E+02
   0.7102E+02  0.7270E+02  0.7438E+02  0.7605E+02  0.7472E+02  0.7339E+02  0.7206E+02  0.7146E+02  0.7086E+02  0.7025E+02
   0.6999E+02  0.6972E+02  0.6945E+02  0.6887E+02  0.6829E+02  0.6771E+02  0.6794E+02  0.6817E+02  0.7017E+02  0.6153E+02
   0.5289E+02  0.5334E+02  0.5379E+02  0.5424E+02  0.5466E+02  0.5508E+02  0.5550E+02  0.5535E+02  0.5520E+02  0.5505E+02
   0.6109E+02  0.6714E+02  0.7318E+02
   0.5343E+02  0.5438E+02  0.5533E+02  0.5546E+02  0.5559E+02  0.5572E+02  0.5571E+02  0.5570E+02  0.5568E+02  0.5521E+02
   0.5474E+02  0.5427E+02  0.5577E+02  0.5727E+02  0.5877E+02  0.5934E+02  0.5991E+02  0.6048E+02  0.5900E+02  0.5751E+02
   0.5602E+02  0.5593E+02  0.5584E+02  0.5575E+02  0.5527E+02  0.5479E+02  0.5431E+02  0.5412E+02  0.5393E+02  0.5374E+02
   0.5257E+02  0.5140E+02  0.5024E+02  0.4968E+02  0.4912E+02  0.4857E+02  0.4991E+02  0.5125E+02  0.5260E+02  0.5225E+02
   0.5191E+02  0.5157E+02  0.5171E+02  0.5185E+02  0.5199E+02  0.5142E+02  0.5085E+02  0.5027E+02  0.5090E+02  0.5153E+02
   0.5216E+02  0.5224E+02  0.5232E+02  0.5239E+02  0.5282E+02  0.5326E+02  0.5369E+02  0.5437E+02  0.5506E+02  0.5575E+02
   0.5765E+02  0.5955E+02  0.6145E+02  0.6203E+02  0.6262E+02  0.6320E+02  0.6368E+02  0.6417E+02  0.6465E+02  0.6596E+02
   0.6728E+02  0.6859E+02  0.7022E+02  0.7185E+02  0.7348E+02  0.7295E+02  0.7242E+02  0.7188E+02  0.7162E+02  0.7136E+02
   0.7110E+02  0.7105E+02  0.7100E+02  0.7094E+02  0.7186E+02  0.7278E+02  0.7369E+02  0.7346E+02  0.7323E+02  0.7300E+02
   0.7307E+02  0.7313E+02  0.7320E+02  0.7244E+02  0.7168E+02  0.7091E+02  0.6983E+02  0.6874E+02  0.5901E+02  0.5676E+02
   0.5452E+02  0.5475E+02  0.5499E+02  0.5523E+02  0.5536E+02  0.5549E+02  0.5562E+02  0.5526E+02  0.5490E+02  0.5453E+02
   0.5755E+02  0.6056E+02  0.6357E+02
   0.5476E+02  0.5407E+02  0.5338E+02  0.5354E+02  0.5370E+02  0.5386E+02  0.5451E+02  0.5516E+02  0.5581E+02  0.5625E+02
   0.5670E+02  0.5714E+02  0.5797E+02  0.5881E+02  0.5964E+02  0.5524E+02  0.5083E+02  0.4643E+02  0.5274E+02  0.5905E+02
   0.6536E+02  0.6230E+02  0.5924E+02  0.5618E+02  0.5452E+02  0.5285E+02  0.5119E+02  0.4579E+02  0.4038E+02  0.3497E+02
   0.3641E+02  0.3784E+02  0.3928E+02  0.3977E+02  0.4026E+02  0.4076E+02  0.4079E+02  0.4083E+02  0.4087E+02  0.4156E+02
   0.4225E+02  0.4295E+02  0.4285E+02  0.4276E+02  0.4266E+02  0.4503E+02  0.4740E+02  0.4977E+02  0.5061E+02  0.5144E+02
   0.5228E+02  0.5440E+02  0.5653E+02  0.5865E+02  0.5455E+02  0.5046E+02  0.4636E+02  0.5106E+02  0.5576E+02  0.6046E+02
   0.5996E+02  0.5945E+02  0.5895E+02  0.5308E+02  0.4721E+02  0.4133E+02  0.4529E+02  0.4925E+02  0.5321E+02  0.5700E+02
   0.6079E+02  0.6458E+02  0.6997E+02  0.7537E+02  0.8077E+02  0.8081E+02  0.8086E+02  0.8090E+02  0.7698E+02  0.7306E+02
   0.6914E+02  0.6953E+02  0.6992E+02  0.7031E+02  0.7019E+02  0.7006E+02  0.6994E+02  0.6827E+02  0.6659E+02  0.6492E+02
   0.6655E+02  0.6817E+02  0.6980E+02  0.6896E+02  0.6811E+02  0.6727E+02  0.6752E+02  0.6777E+02  0.5410E+02  0.5423E+02
   0.5436E+02  0.5450E+02  0.5465E+02  0.5479E+02  0.5511E+02  0.5543E+02  0.5575E+02  0.5573E+02  0.5572E+02  0.5571E+02
   0.5687E+02  0.5804E+02  0.5921E+02
   0.5410E+02  0.5302E+02  0.5194E+02  0.5204E+02  0.5214E+02  0.5223E+02  0.5325E+02  0.5426E+02  0.5528E+02  0.5568E+02
   0.5608E+02  0.5648E+02  0.5698E+02  0.5748E+02  0.5798E+02  0.5054E+02  0.4309E+02  0.3565E+02  0.4373E+02  0.5180E+02
   0.5987E+02  0.5805E+02  0.5622E+02  0.5439E+02  0.5238E+02  0.5038E+02  0.4838E+02  0.4213E+02  0.3588E+02  0.2963E+02
   0.3201E+02  0.3440E+02  0.3678E+02  0.3773E+02  0.3868E+02  0.3963E+02  0.3799E+02  0.3634E+02  0.3470E+02  0.3505E+02
   0.3541E+02  0.9999E+04  0.9999E+04  0.3829E+02  0.3956E+02  0.4376E+02  0.4796E+02  0.5217E+02  0.5159E+02  0.5101E+02
   0.5043E+02  0.5425E+02  0.5807E+02  0.6188E+02  0.5477E+02  0.4765E+02  0.4054E+02  0.4723E+02  0.5392E+02  0.6062E+02
   0.5873E+02  0.5685E+02  0.5497E+02  0.4616E+02  0.3734E+02  0.2852E+02  0.3482E+02  0.4113E+02  0.4743E+02  0.5286E+02
   0.5828E+02  0.6371E+02  0.6811E+02  0.7251E+02  0.7691E+02  0.7783E+02  0.7874E+02  0.7965E+02  0.7336E+02  0.6706E+02
   0.6076E+02  0.6264E+02  0.6453E+02  0.6641E+02  0.6736E+02  0.6831E+02  0.6926E+02  0.6818E+02  0.6710E+02  0.6603E+02
   0.6658E+02  0.6713E+02  0.6769E+02  0.6713E+02  0.6658E+02  0.6602E+02  0.6599E+02  0.6597E+02  0.5543E+02  0.5392E+02
   0.5240E+02  0.5258E+02  0.5276E+02  0.5293E+02  0.5391E+02  0.5489E+02  0.5588E+02  0.5677E+02  0.5767E+02  0.5857E+02
   0.5907E+02  0.5958E+02  0.6008E+02
   0.5145E+02  0.5124E+02  0.5102E+02  0.5096E+02  0.5089E+02  0.5083E+02  0.5191E+02  0.5300E+02  0.5409E+02  0.5349E+02
   0.5290E+02  0.5230E+02  0.5279E+02  0.5328E+02  0.5377E+02  0.4523E+02  0.3669E+02  0.2816E+02  0.3196E+02  0.3576E+02
   0.3956E+02  0.4316E+02  0.4677E+02  0.5037E+02  0.4887E+02  0.4737E+02  0.4587E+02  0.4315E+02  0.4043E+02  0.3771E+02
   0.3940E+02  0.4108E+02  0.4276E+02  0.4357E+02  0.4438E+02  0.4519E+02  0.4149E+02  0.3779E+02  0.3410E+02  0.3273E+02
   0.9999E+04  0.9999E+04  0.3422E+02  0.3845E+02  0.4267E+02  0.4760E+02  0.5253E+02  0.5746E+02  0.5385E+02  0.5024E+02
   0.4663E+02  0.5178E+02  0.5694E+02  0.6209E+02  0.5347E+02  0.4484E+02  0.3622E+02  0.4289E+02  0.4955E+02  0.5621E+02
   0.5398E+02  0.5175E+02  0.4951E+02  0.4126E+02  0.3301E+02  0.2476E+02  0.3228E+02  0.3981E+02  0.4733E+02  0.5355E+02
   0.5977E+02  0.6600E+02  0.6463E+02  0.6327E+02  0.6191E+02  0.6399E+02  0.6607E+02  0.6816E+02  0.6076E+02  0.5336E+02
   0.4597E+02  0.5039E+02  0.5482E+02  0.5925E+02  0.6338E+02  0.6752E+02  0.7165E+02  0.7321E+02  0.7476E+02  0.7632E+02
   0.7317E+02  0.7001E+02  0.6685E+02  0.6696E+02  0.6706E+02  0.6716E+02  0.6526E+02  0.6336E+02  0.5278E+02  0.5213E+02
   0.5148E+02  0.5150E+02  0.5151E+02  0.5153E+02  0.5258E+02  0.5363E+02  0.5468E+02  0.5459E+02  0.5449E+02  0.5439E+02
   0.5488E+02  0.5538E+02  0.5587E+02
   0.5194E+02  0.5138E+02  0.5082E+02  0.5053E+02  0.5025E+02  0.4996E+02  0.5026E+02  0.5057E+02  0.5087E+02  0.5134E+02
   0.5181E+02  0.5227E+02  0.5337E+02  0.5447E+02  0.5556E+02  0.5224E+02  0.4892E+02  0.4561E+02  0.4646E+02  0.4731E+02
   0.4816E+02  0.4991E+02  0.5167E+02  0.5342E+02  0.5259E+02  0.5177E+02  0.5094E+02  0.4974E+02  0.4854E+02  0.4734E+02
   0.4839E+02  0.4944E+02  0.5049E+02  0.4978E+02  0.4908E+02  0.4837E+02  0.4493E+02  0.4148E+02  0.3803E+02  0.3807E+02
   0.3812E+02  0.3816E+02  0.4023E+02  0.4229E+02  0.4436E+02  0.4566E+02  0.4695E+02  0.4825E+02  0.4762E+02  0.4698E+02
   0.4635E+02  0.4968E+02  0.5301E+02  0.5634E+02  0.5288E+02  0.4941E+02  0.4595E+02  0.4899E+02  0.5203E+02  0.5507E+02
   0.5503E+02  0.5500E+02  0.5496E+02  0.5258E+02  0.5019E+02  0.4781E+02  0.5221E+02  0.5662E+02  0.6103E+02  0.6281E+02
   0.6459E+02  0.6637E+02  0.6577E+02  0.6517E+02  0.6457E+02  0.6287E+02  0.6118E+02  0.5948E+02  0.5198E+02  0.4447E+02
   0.3697E+02  0.3969E+02  0.4241E+02  0.4513E+02  0.5239E+02  0.5965E+02  0.6690E+02  0.6765E+02  0.6840E+02  0.6915E+02
   0.6797E+02  0.6679E+02  0.6561E+02  0.6537E+02  0.6513E+02  0.6489E+02  0.6500E+02  0.6510E+02  0.5170E+02  0.5131E+02
   0.5092E+02  0.5075E+02  0.5057E+02  0.5039E+02  0.5109E+02  0.5178E+02  0.5248E+02  0.5241E+02  0.5235E+02  0.5229E+02
   0.5308E+02  0.5387E+02  0.5467E+02
   0.5143E+02  0.5107E+02  0.5071E+02  0.5011E+02  0.4951E+02  0.4891E+02  0.4876E+02  0.4862E+02  0.4847E+02  0.4927E+02
   0.5007E+02  0.5086E+02  0.5226E+02  0.5367E+02  0.5507E+02  0.5478E+02  0.5448E+02  0.5419E+02  0.5344E+02  0.5269E+02
   0.5194E+02  0.5277E+02  0.5360E+02  0.5444E+02  0.5364E+02  0.5284E+02  0.5204E+02  0.5177E+02  0.5150E+02  0.5124E+02
   0.5206E+02  0.5287E+02  0.5369E+02  0.5175E+02  0.4980E+02  0.4785E+02  0.4767E+02  0.4749E+02  0.4731E+02  0.4690E+02
   0.4648E+02  0.4607E+02  0.4507E+02  0.4408E+02  0.4309E+02  0.4312E+02  0.4314E+02  0.4317E+02  0.4430E+02  0.4542E+02
   0.4654E+02  0.4903E+02  0.5151E+02  0.5400E+02  0.5323E+02  0.5246E+02  0.5169E+02  0.5286E+02  0.5403E+02  0.5520E+02
   0.5629E+02  0.5738E+02  0.5847E+02  0.5813E+02  0.5780E+02  0.5746E+02  0.5906E+02  0.6066E+02  0.6226E+02  0.6218E+02
   0.6210E+02  0.6202E+02  0.6214E+02  0.6227E+02  0.6239E+02  0.5993E+02  0.5747E+02  0.5501E+02  0.5012E+02  0.4522E+02
   0.4032E+02  0.4200E+02  0.4367E+02  0.4535E+02  0.5115E+02  0.5694E+02  0.6274E+02  0.6321E+02  0.6368E+02  0.6415E+02
   0.6410E+02  0.6405E+02  0.6400E+02  0.6404E+02  0.6408E+02  0.6412E+02  0.6498E+02  0.6585E+02  0.5218E+02  0.5145E+02
   0.5072E+02  0.5032E+02  0.4992E+02  0.4952E+02  0.4944E+02  0.4935E+02  0.4926E+02  0.5026E+02  0.5126E+02  0.5226E+02
   0.5366E+02  0.5506E+02  0.5646E+02
   0.4994E+02  0.5032E+02  0.5070E+02  0.4970E+02  0.4869E+02  0.4769E+02  0.4742E+02  0.4715E+02  0.4688E+02  0.4728E+02
   0.4768E+02  0.4807E+02  0.4948E+02  0.5088E+02  0.5229E+02  0.5283E+02  0.5337E+02  0.5392E+02  0.5291E+02  0.5190E+02
   0.5089E+02  0.5174E+02  0.5258E+02  0.5343E+02  0.5201E+02  0.5058E+02  0.4916E+02  0.4924E+02  0.4933E+02  0.4941E+02
   0.5040E+02  0.5139E+02  0.5237E+02  0.4946E+02  0.4655E+02  0.4363E+02  0.4973E+02  0.5583E+02  0.6193E+02  0.5920E+02
   0.5646E+02  0.5373E+02  0.4876E+02  0.4380E+02  0.3884E+02  0.3997E+02  0.4110E+02  0.4224E+02  0.4389E+02  0.4554E+02
   0.4720E+02  0.4982E+02  0.5244E+02  0.5506E+02  0.5452E+02  0.5397E+02  0.5343E+02  0.5448E+02  0.5554E+02  0.5660E+02
   0.5775E+02  0.5889E+02  0.6004E+02  0.5793E+02  0.5583E+02  0.5372E+02  0.5282E+02  0.5192E+02  0.5102E+02  0.5166E+02
   0.5230E+02  0.5294E+02  0.5375E+02  0.5455E+02  0.5535E+02  0.5516E+02  0.5496E+02  0.5477E+02  0.5519E+02  0.5561E+02
   0.5603E+02  0.5732E+02  0.5861E+02  0.5991E+02  0.5966E+02  0.5941E+02  0.5917E+02  0.5989E+02  0.6060E+02  0.6132E+02
   0.6156E+02  0.6179E+02  0.6202E+02  0.6297E+02  0.6392E+02  0.6486E+02  0.6523E+02  0.6559E+02  0.5069E+02  0.5070E+02
   0.5071E+02  0.4991E+02  0.4910E+02  0.4830E+02  0.4809E+02  0.4788E+02  0.4768E+02  0.4827E+02  0.4887E+02  0.4947E+02
   0.5087E+02  0.5227E+02  0.5368E+02
   0.4856E+02  0.4920E+02  0.4984E+02  0.4867E+02  0.4750E+02  0.4633E+02  0.4652E+02  0.4672E+02  0.4691E+02  0.4756E+02
   0.4820E+02  0.4885E+02  0.4973E+02  0.5060E+02  0.5148E+02  0.5221E+02  0.5293E+02  0.5366E+02  0.5318E+02  0.5270E+02
   0.5223E+02  0.5162E+02  0.5102E+02  0.5042E+02  0.4908E+02  0.4775E+02  0.4641E+02  0.4751E+02  0.4861E+02  0.4971E+02
   0.5098E+02  0.5225E+02  0.5352E+02  0.5140E+02  0.4929E+02  0.4718E+02  0.4931E+02  0.5144E+02  0.5357E+02  0.5235E+02
   0.5114E+02  0.4992E+02  0.4885E+02  0.4777E+02  0.4670E+02  0.4703E+02  0.4735E+02  0.4768E+02  0.4823E+02  0.4879E+02
   0.4934E+02  0.5166E+02  0.5399E+02  0.5631E+02  0.5635E+02  0.5640E+02  0.5645E+02  0.5690E+02  0.5735E+02  0.5781E+02
   0.5838E+02  0.5895E+02  0.5952E+02  0.5866E+02  0.5781E+02  0.5695E+02  0.5659E+02  0.5622E+02  0.5586E+02  0.5490E+02
   0.5394E+02  0.5298E+02  0.5234E+02  0.5171E+02  0.5108E+02  0.5026E+02  0.4945E+02  0.4863E+02  0.4899E+02  0.4934E+02
   0.4969E+02  0.5065E+02  0.5161E+02  0.5257E+02  0.5276E+02  0.5295E+02  0.5314E+02  0.5377E+02  0.5440E+02  0.5503E+02
   0.5614E+02  0.5725E+02  0.5836E+02  0.5945E+02  0.6054E+02  0.6164E+02  0.6208E+02  0.6252E+02  0.4925E+02  0.4976E+02
   0.5027E+02  0.4918E+02  0.4810E+02  0.4701E+02  0.4697E+02  0.4693E+02  0.4690E+02  0.4742E+02  0.4794E+02  0.4846E+02
   0.4960E+02  0.5074E+02  0.5188E+02
   0.4864E+02  0.4898E+02  0.4933E+02  0.4990E+02  0.5047E+02  0.5105E+02  0.5216E+02  0.5326E+02  0.5437E+02  0.5278E+02
   0.5119E+02  0.4960E+02  0.4951E+02  0.4942E+02  0.4932E+02  0.4996E+02  0.5060E+02  0.5123E+02  0.5086E+02  0.5048E+02
   0.5010E+02  0.4954E+02  0.4897E+02  0.4841E+02  0.4788E+02  0.4736E+02  0.4683E+02  0.4799E+02  0.4915E+02  0.5032E+02
   0.5122E+02  0.5213E+02  0.5304E+02  0.5177E+02  0.5050E+02  0.4923E+02  0.4951E+02  0.4978E+02  0.5005E+02  0.5001E+02
   0.4998E+02  0.4995E+02  0.5023E+02  0.5051E+02  0.5079E+02  0.5113E+02  0.5147E+02  0.5182E+02  0.5162E+02  0.5142E+02
   0.5122E+02  0.5333E+02  0.5544E+02  0.5754E+02  0.5739E+02  0.5723E+02  0.5708E+02  0.5732E+02  0.5756E+02  0.5781E+02
   0.5789E+02  0.5796E+02  0.5804E+02  0.5749E+02  0.5694E+02  0.5639E+02  0.5657E+02  0.5675E+02  0.5692E+02  0.5581E+02
   0.5470E+02  0.5358E+02  0.5241E+02  0.5124E+02  0.5006E+02  0.4924E+02  0.4842E+02  0.4760E+02  0.4779E+02  0.4798E+02
   0.4817E+02  0.4841E+02  0.4865E+02  0.4889E+02  0.4927E+02  0.4965E+02  0.5003E+02  0.5037E+02  0.5070E+02  0.5104E+02
   0.5293E+02  0.5482E+02  0.5672E+02  0.5742E+02  0.5812E+02  0.5882E+02  0.5960E+02  0.6038E+02  0.4787E+02  0.4864E+02
   0.4940E+02  0.4815E+02  0.4690E+02  0.4564E+02  0.4607E+02  0.4650E+02  0.4693E+02  0.4770E+02  0.4847E+02  0.4924E+02
   0.4985E+02  0.5046E+02  0.5108E+02
   0.5018E+02  0.4968E+02  0.4917E+02  0.5340E+02  0.5763E+02  0.6186E+02  0.6432E+02  0.6679E+02  0.6926E+02  0.6295E+02
   0.5664E+02  0.5033E+02  0.4883E+02  0.4733E+02  0.4582E+02  0.4610E+02  0.4637E+02  0.4665E+02  0.4594E+02  0.4523E+02
   0.4452E+02  0.4548E+02  0.4644E+02  0.4740E+02  0.4841E+02  0.4941E+02  0.5042E+02  0.5069E+02  0.5096E+02  0.5124E+02
   0.5114E+02  0.5105E+02  0.5095E+02  0.5057E+02  0.5019E+02  0.4980E+02  0.5032E+02  0.5084E+02  0.5137E+02  0.5218E+02
   0.5300E+02  0.5381E+02  0.5291E+02  0.5200E+02  0.5110E+02  0.5228E+02  0.5347E+02  0.5466E+02  0.5405E+02  0.5345E+02
   0.5284E+02  0.5482E+02  0.5679E+02  0.5876E+02  0.5762E+02  0.5647E+02  0.5532E+02  0.5575E+02  0.5617E+02  0.5660E+02
   0.5627E+02  0.5594E+02  0.5561E+02  0.5441E+02  0.5321E+02  0.5202E+02  0.5275E+02  0.5348E+02  0.5421E+02  0.5439E+02
   0.5458E+02  0.5476E+02  0.5394E+02  0.5313E+02  0.5232E+02  0.5210E+02  0.5188E+02  0.5167E+02  0.5160E+02  0.5153E+02
   0.5146E+02  0.5059E+02  0.4973E+02  0.4887E+02  0.4919E+02  0.4952E+02  0.4984E+02  0.4967E+02  0.4950E+02  0.4933E+02
   0.5192E+02  0.5451E+02  0.5710E+02  0.5688E+02  0.5665E+02  0.5642E+02  0.5780E+02  0.5917E+02  0.4941E+02  0.4933E+02
   0.4925E+02  0.5165E+02  0.5405E+02  0.5645E+02  0.5824E+02  0.6003E+02  0.6181E+02  0.5786E+02  0.5392E+02  0.4997E+02
   0.4917E+02  0.4837E+02  0.4757E+02
   0.4962E+02  0.4963E+02  0.4963E+02  0.5102E+02  0.5241E+02  0.5381E+02  0.5512E+02  0.5643E+02  0.5774E+02  0.5723E+02
   0.5671E+02  0.5619E+02  0.5590E+02  0.5561E+02  0.5532E+02  0.5815E+02  0.6097E+02  0.6380E+02  0.5917E+02  0.5455E+02
   0.4992E+02  0.5112E+02  0.5232E+02  0.5352E+02  0.5357E+02  0.5361E+02  0.5366E+02  0.5287E+02  0.5209E+02  0.5130E+02
   0.5059E+02  0.4987E+02  0.4916E+02  0.4809E+02  0.4702E+02  0.4596E+02  0.4640E+02  0.4684E+02  0.4728E+02  0.5033E+02
   0.5337E+02  0.5642E+02  0.5712E+02  0.5783E+02  0.5853E+02  0.5599E+02  0.5344E+02  0.5090E+02  0.5062E+02  0.5035E+02
   0.5007E+02  0.5168E+02  0.5329E+02  0.5490E+02  0.5464E+02  0.5438E+02  0.5411E+02  0.5385E+02  0.5358E+02  0.5331E+02
   0.5313E+02  0.5295E+02  0.5276E+02  0.5291E+02  0.5305E+02  0.5319E+02  0.5350E+02  0.5381E+02  0.5411E+02  0.5385E+02
   0.5359E+02  0.5332E+02  0.5188E+02  0.5044E+02  0.4900E+02  0.4915E+02  0.4930E+02  0.4945E+02  0.4930E+02  0.4916E+02
   0.4901E+02  0.4811E+02  0.4722E+02  0.4632E+02  0.4421E+02  0.4211E+02  0.4000E+02  0.4041E+02  0.4082E+02  0.4123E+02
   0.4534E+02  0.4945E+02  0.5356E+02  0.5451E+02  0.5547E+02  0.5642E+02  0.5788E+02  0.5933E+02  0.4990E+02  0.4965E+02
   0.4940E+02  0.5221E+02  0.5502E+02  0.5783E+02  0.5972E+02  0.6161E+02  0.6350E+02  0.6009E+02  0.5667E+02  0.5326E+02
   0.5237E+02  0.5147E+02  0.5057E+02
   0.4708E+02  0.4619E+02  0.4529E+02  0.4570E+02  0.4611E+02  0.4652E+02  0.5010E+02  0.5369E+02  0.5727E+02  0.5715E+02
   0.5703E+02  0.5691E+02  0.5685E+02  0.5679E+02  0.5672E+02  0.5937E+02  0.6201E+02  0.6465E+02  0.6126E+02  0.5787E+02
   0.5448E+02  0.5511E+02  0.5574E+02  0.5637E+02  0.5550E+02  0.5462E+02  0.5375E+02  0.5306E+02  0.5237E+02  0.5168E+02
   0.4896E+02  0.4623E+02  0.4351E+02  0.4360E+02  0.4369E+02  0.4378E+02  0.4454E+02  0.4530E+02  0.4605E+02  0.4898E+02
   0.5191E+02  0.5483E+02  0.5534E+02  0.5584E+02  0.5634E+02  0.5405E+02  0.5175E+02  0.4946E+02  0.4944E+02  0.4941E+02
   0.4939E+02  0.4872E+02  0.4805E+02  0.4738E+02  0.4644E+02  0.4551E+02  0.4457E+02  0.4426E+02  0.4395E+02  0.4363E+02
   0.4478E+02  0.4593E+02  0.4708E+02  0.4742E+02  0.4777E+02  0.4811E+02  0.4858E+02  0.4906E+02  0.4953E+02  0.5007E+02
   0.5062E+02  0.5116E+02  0.4989E+02  0.4861E+02  0.4734E+02  0.4746E+02  0.4759E+02  0.4771E+02  0.4764E+02  0.4756E+02
   0.4749E+02  0.4667E+02  0.4584E+02  0.4502E+02  0.4312E+02  0.4123E+02  0.3933E+02  0.3975E+02  0.4018E+02  0.4060E+02
   0.4401E+02  0.4743E+02  0.5085E+02  0.5239E+02  0.5393E+02  0.5546E+02  0.5695E+02  0.5844E+02  0.4935E+02  0.4960E+02
   0.4986E+02  0.4983E+02  0.4981E+02  0.4978E+02  0.5052E+02  0.5125E+02  0.5198E+02  0.5436E+02  0.5674E+02  0.5912E+02
   0.5944E+02  0.5975E+02  0.6007E+02
   0.4256E+02  0.3936E+02  0.3615E+02  0.3743E+02  0.3872E+02  0.4000E+02  0.4928E+02  0.5856E+02  0.6785E+02  0.6273E+02
   0.5760E+02  0.5248E+02  0.5167E+02  0.5085E+02  0.5004E+02  0.4976E+02  0.4948E+02  0.4921E+02  0.5220E+02  0.5519E+02
   0.5818E+02  0.5744E+02  0.5671E+02  0.5597E+02  0.5421E+02  0.5245E+02  0.5068E+02  0.5125E+02  0.5182E+02  0.5239E+02
   0.4626E+02  0.4013E+02  0.3400E+02  0.3709E+02  0.4019E+02  0.4328E+02  0.4475E+02  0.4622E+02  0.4770E+02  0.4815E+02
   0.4860E+02  0.4905E+02  0.4754E+02  0.4604E+02  0.4453E+02  0.4647E+02  0.4840E+02  0.5033E+02  0.5049E+02  0.5065E+02
   0.5081E+02  0.4595E+02  0.4108E+02  0.3622E+02  0.3304E+02  0.2986E+02  0.2668E+02  0.2698E+02  0.2728E+02  0.2757E+02
   0.3123E+02  0.3490E+02  0.3856E+02  0.3796E+02  0.3737E+02  0.3677E+02  0.3800E+02  0.3923E+02  0.4045E+02  0.4306E+02
   0.4566E+02  0.4827E+02  0.4796E+02  0.4765E+02  0.4734E+02  0.4704E+02  0.4674E+02  0.4644E+02  0.4659E+02  0.4675E+02
   0.4690E+02  0.4625E+02  0.4561E+02  0.4497E+02  0.4593E+02  0.4688E+02  0.4784E+02  0.4770E+02  0.4756E+02  0.4743E+02
   0.4795E+02  0.4847E+02  0.4898E+02  0.5051E+02  0.5203E+02  0.5356E+02  0.5502E+02  0.5649E+02  0.4482E+02  0.4277E+02
   0.4072E+02  0.4157E+02  0.4241E+02  0.4326E+02  0.4969E+02  0.5613E+02  0.6256E+02  0.5994E+02  0.5732E+02  0.5470E+02
   0.5426E+02  0.5382E+02  0.5338E+02
   0.4683E+02  0.4548E+02  0.4413E+02  0.4146E+02  0.3880E+02  0.3613E+02  0.3799E+02  0.3985E+02  0.4170E+02  0.4328E+02
   0.4485E+02  0.4642E+02  0.4466E+02  0.4291E+02  0.4115E+02  0.4351E+02  0.4588E+02  0.4824E+02  0.5360E+02  0.5895E+02
   0.6430E+02  0.5965E+02  0.5501E+02  0.5036E+02  0.4985E+02  0.4933E+02  0.4882E+02  0.4836E+02  0.4789E+02  0.4743E+02
   0.4593E+02  0.4443E+02  0.4293E+02  0.4564E+02  0.4834E+02  0.5105E+02  0.4906E+02  0.4708E+02  0.4509E+02  0.4590E+02
   0.4672E+02  0.4753E+02  0.4740E+02  0.4727E+02  0.4714E+02  0.4779E+02  0.4845E+02  0.4910E+02  0.4408E+02  0.3906E+02
   0.3404E+02  0.3294E+02  0.3184E+02  0.3074E+02  0.2901E+02  0.2729E+02  0.2556E+02  0.2499E+02  0.2443E+02  0.2386E+02
   0.2552E+02  0.2719E+02  0.2885E+02  0.2954E+02  0.3023E+02  0.3092E+02  0.3067E+02  0.3041E+02  0.3015E+02  0.3343E+02
   0.3671E+02  0.3998E+02  0.4091E+02  0.4184E+02  0.4277E+02  0.4290E+02  0.4303E+02  0.4316E+02  0.4400E+02  0.4485E+02
   0.4569E+02  0.4569E+02  0.4569E+02  0.4569E+02  0.4576E+02  0.4584E+02  0.4591E+02  0.4614E+02  0.4637E+02  0.4659E+02
   0.4553E+02  0.4447E+02  0.4340E+02  0.4425E+02  0.4509E+02  0.4594E+02  0.4715E+02  0.4837E+02  0.4469E+02  0.4242E+02
   0.4014E+02  0.3945E+02  0.3876E+02  0.3807E+02  0.4364E+02  0.4920E+02  0.5477E+02  0.5300E+02  0.5123E+02  0.4945E+02
   0.4817E+02  0.4688E+02  0.4559E+02
    
 
    
 $******************** ERA5 Wind  *********************************************
    
 
    
 && KEYWORD TO CREATE WIND GRID &&
 &INPGRID WIND REGULAR 100 -11 0 111 106 0.1 0.1 &
 &NONSTATIONARY 20221229.000000 6 HR 20221230.000000
 &READINP WIND 1 '/home/tr16/COAWST_3.7/Projects/karimun/swan' 3 0 FREE
 
    
 $ Boundary and Initial Conditions ****************************************
    
 & BOUND SHAPESPEC JONSWAP PEAK DSPR DEGREES
 INITIAL DEFAULT
    
 						
    
 $ PHYSICS  ****************************************
    
 &BREAKING CONSTANT 1.0 0.73
 BREaking CONstant gamma .78
    
 TRIad
    
 FRICTION
    
 &FRICTION MADSEN 0.05
 &OFF QUAD
 &GEN3 KOMEN
 GEN3 JANSSEN 4.5 0.9
    
 &WCAP KOM 2.36E-5 3.02E-3 2.0 1.0 1.0
 PROP BSBT
    
 NUM ACCUR NONSTAT MXITNS=2
    
 
    
 $************************* Outputs ********************************
    
 $ Output/Satellite  Altimeter Tracks
    
 
    
 &RESTART 'swan_ref3km_rst.dat' FREE 1 HR
 
    
 $
    
 
    
 & This command orders SWAN to start the computation(s).
 COMPUTE NONSTAT 20230501.000000 540 SEC 20230501.060000
 ** Error            : It is not recommended to use quadruplets
 ** Error            : in combination with zero wind conditions.
 ** Warning          : no output requested
 Time of computation ->  20230501.000900      in sec:        540.

----------------------------------------------------------------
                  COMPUTATIONAL PART OF SWAN
----------------------------------------------------------------

 Gridresolution       : MXC              28 MYC             74
                      : MCGRD          2073
                      : MSC              29 MDC             24
                      : MTC              40
                      : NSTATC            1 ITERMX           2
 Propagation flags    : ITFRE             1 IREFR            1
 Source term flags    : IBOT              1 ISURF            1
                      : IWCAP             2 IWIND            0
                      : ITRIAD           11 IQUAD            2
                      : IVEG              0 ITURBV           0
                      : IMUD              0 IICE             0
 Spatial step         : DX       0.0000E+00 DY      0.0000E+00
 Spectral bin         : df/f     0.1218E+00 DDIR    0.1500E+02
 Physical constants   : GRAV     0.9810E+01 RHO     0.1025E+04
 Wind input           : WSPEED   0.0000E+00 DIR     0.0000E+00
                      : ICEWIND  0.00
 Tail parameters      : E(f)     0.5000E+01 E(k)    0.2500E+01
                      : A(f)     0.6000E+01 A(k)    0.3000E+01
 Accuracy parameters  : DREL     0.1000E-01 NPNTS   0.9950E+02
                      : DHOVAL   0.5000E-02 DTOVAL  0.1000E+04
                      : GRWMX    0.1000E+00
 Drying/flooding      : LEVEL    0.0000E+00 DEPMIN  0.5000E-01
 The nautical  convention for wind and wave directions is used
 Scheme for geographic propagation is BSBT  
 Scheme geogr. space  : PROPSC            1 ICMAX            5
 Scheme spectral space: CSS      0.5000E+00 CDD     0.5000E+00
 Current is off
 Quadruplets          : IQUAD             2
                      : LAMBDA   0.2500E+00 CNL4    0.3000E+08
                      : CSH1     0.5500E+01 CSH2    0.8330E+00
                      : CSH3    -0.1250E+01
 Maximum Ursell nr for Snl4 :    0.1000E+02
 Triads               : ITRIAD           11 TRFAC   0.5000E-01
                      : CUTFR    0.2500E+01 URCRI   0.2000E+00
 Minimum Ursell nr for Snl3 :    0.1000E-01
 JONSWAP (`73)        : GAMMA    0.3800E-01
 Vegetation is off
 Turbulence is off
 Fluid mud is off
 Dissipation by sea ice is off
 W-cap Janssen (`90)  : CFJANS   0.4500E+01 DELTA   0.9000E+00
 Battjes&Janssen (`78): ALPHA    0.1000E+01 GAMMA   0.7800E+00
 Set-up is off
 Diffraction is off
 Janssen (`89,`90)    : ALPHA    0.1000E-01 KAPPA   0.4100E+00
 Janssen (`89,`90)    : RHOA     0.1280E+01 RHOW    0.1025E+04

 1st and 2nd gen. wind: CF10     0.1880E+03 CF20    0.5900E+00
                      : CF30     0.1200E+00 CF40    0.2500E+03
                      : CF50     0.2300E-02 CF60   -0.2230E+00
                      : CF70     0.0000E+00 CF80   -0.5600E+00
                      : RHOAW    0.1249E-02 EDMLPM  0.3600E-02
                      : CDRAG    0.1230E-02 UMIN    0.1000E+01
                      : LIM_PM   0.1300E+00

+time 20230501.000900   , step      1; iteration    1; sweep 1 grid   2
+time 20230501.000900   , step      1; iteration    1; sweep 2 grid   2
+time 20230501.000900   , step      1; iteration    1; sweep 3 grid   2
+time 20230501.000900   , step      1; iteration    1; sweep 4 grid   2
 accuracy OK in  89.40 % of wet grid points ( 99.50 % required)

+time 20230501.000900   , step      1; iteration    2; sweep 1 grid   2
+time 20230501.000900   , step      1; iteration    2; sweep 2 grid   2
+time 20230501.000900   , step      1; iteration    2; sweep 3 grid   2
+time 20230501.000900   , step      1; iteration    2; sweep 4 grid   2
 accuracy OK in 100.00 % of wet grid points ( 99.50 % required)


 ** Warning          : no output requested
 Time of computation ->  20230501.001800      in sec:       1080.
+time 20230501.001800   , step      2; iteration    1; sweep 1 grid   2
+time 20230501.001800   , step      2; iteration    1; sweep 2 grid   2
+time 20230501.001800   , step      2; iteration    1; sweep 3 grid   2
+time 20230501.001800   , step      2; iteration    1; sweep 4 grid   2
 accuracy OK in  89.40 % of wet grid points ( 99.50 % required)

+time 20230501.001800   , step      2; iteration    2; sweep 1 grid   2
+time 20230501.001800   , step      2; iteration    2; sweep 2 grid   2
+time 20230501.001800   , step      2; iteration    2; sweep 3 grid   2
+time 20230501.001800   , step      2; iteration    2; sweep 4 grid   2
 accuracy OK in 100.00 % of wet grid points ( 99.50 % required)


 ** Warning          : no output requested
 Time of computation ->  20230501.002700      in sec:       1620.
+time 20230501.002700   , step      3; iteration    1; sweep 1 grid   2
+time 20230501.002700   , step      3; iteration    1; sweep 2 grid   2
+time 20230501.002700   , step      3; iteration    1; sweep 3 grid   2
+time 20230501.002700   , step      3; iteration    1; sweep 4 grid   2
 accuracy OK in  89.37 % of wet grid points ( 99.50 % required)

+time 20230501.002700   , step      3; iteration    2; sweep 1 grid   2
+time 20230501.002700   , step      3; iteration    2; sweep 2 grid   2
+time 20230501.002700   , step      3; iteration    2; sweep 3 grid   2
+time 20230501.002700   , step      3; iteration    2; sweep 4 grid   2
 accuracy OK in 100.00 % of wet grid points ( 99.50 % required)


 ** Warning          : no output requested
 Time of computation ->  20230501.003600      in sec:       2160.
+time 20230501.003600   , step      4; iteration    1; sweep 1 grid   2
+time 20230501.003600   , step      4; iteration    1; sweep 2 grid   2
+time 20230501.003600   , step      4; iteration    1; sweep 3 grid   2
+time 20230501.003600   , step      4; iteration    1; sweep 4 grid   2
 accuracy OK in  86.72 % of wet grid points ( 99.50 % required)

+time 20230501.003600   , step      4; iteration    2; sweep 1 grid   2
+time 20230501.003600   , step      4; iteration    2; sweep 2 grid   2
+time 20230501.003600   , step      4; iteration    2; sweep 3 grid   2
+time 20230501.003600   , step      4; iteration    2; sweep 4 grid   2
 accuracy OK in 100.00 % of wet grid points ( 99.50 % required)


 ** Warning          : no output requested
 Time of computation ->  20230501.004500      in sec:       2700.
+time 20230501.004500   , step      5; iteration    1; sweep 1 grid   2
+time 20230501.004500   , step      5; iteration    1; sweep 2 grid   2
+time 20230501.004500   , step      5; iteration    1; sweep 3 grid   2
+time 20230501.004500   , step      5; iteration    1; sweep 4 grid   2
 accuracy OK in  86.61 % of wet grid points ( 99.50 % required)

+time 20230501.004500   , step      5; iteration    2; sweep 1 grid   2
+time 20230501.004500   , step      5; iteration    2; sweep 2 grid   2
+time 20230501.004500   , step      5; iteration    2; sweep 3 grid   2
+time 20230501.004500   , step      5; iteration    2; sweep 4 grid   2
 accuracy OK in 100.00 % of wet grid points ( 99.50 % required)


 ** Warning          : no output requested
 Time of computation ->  20230501.005400      in sec:       3240.
+time 20230501.005400   , step      6; iteration    1; sweep 1 grid   2
+time 20230501.005400   , step      6; iteration    1; sweep 2 grid   2
+time 20230501.005400   , step      6; iteration    1; sweep 3 grid   2
+time 20230501.005400   , step      6; iteration    1; sweep 4 grid   2
 accuracy OK in  86.53 % of wet grid points ( 99.50 % required)

+time 20230501.005400   , step      6; iteration    2; sweep 1 grid   2
+time 20230501.005400   , step      6; iteration    2; sweep 2 grid   2
+time 20230501.005400   , step      6; iteration    2; sweep 3 grid   2
+time 20230501.005400   , step      6; iteration    2; sweep 4 grid   2
 accuracy OK in 100.00 % of wet grid points ( 99.50 % required)


 ** Warning          : no output requested
 Time of computation ->  20230501.010300      in sec:       3780.
+time 20230501.010300   , step      7; iteration    1; sweep 1 grid   2
+time 20230501.010300   , step      7; iteration    1; sweep 2 grid   2
+time 20230501.010300   , step      7; iteration    1; sweep 3 grid   2
+time 20230501.010300   , step      7; iteration    1; sweep 4 grid   2
 accuracy OK in  86.58 % of wet grid points ( 99.50 % required)

+time 20230501.010300   , step      7; iteration    2; sweep 1 grid   2
+time 20230501.010300   , step      7; iteration    2; sweep 2 grid   2
+time 20230501.010300   , step      7; iteration    2; sweep 3 grid   2
+time 20230501.010300   , step      7; iteration    2; sweep 4 grid   2
 accuracy OK in 100.00 % of wet grid points ( 99.50 % required)


 ** Warning          : no output requested
 Time of computation ->  20230501.011200      in sec:       4320.
+time 20230501.011200   , step      8; iteration    1; sweep 1 grid   2
+time 20230501.011200   , step      8; iteration    1; sweep 2 grid   2
+time 20230501.011200   , step      8; iteration    1; sweep 3 grid   2
+time 20230501.011200   , step      8; iteration    1; sweep 4 grid   2
 accuracy OK in  84.04 % of wet grid points ( 99.50 % required)

+time 20230501.011200   , step      8; iteration    2; sweep 1 grid   2
+time 20230501.011200   , step      8; iteration    2; sweep 2 grid   2
+time 20230501.011200   , step      8; iteration    2; sweep 3 grid   2
+time 20230501.011200   , step      8; iteration    2; sweep 4 grid   2
 accuracy OK in 100.00 % of wet grid points ( 99.50 % required)


 ** Warning          : no output requested
 Time of computation ->  20230501.012100      in sec:       4860.
+time 20230501.012100   , step      9; iteration    1; sweep 1 grid   2
+time 20230501.012100   , step      9; iteration    1; sweep 2 grid   2
+time 20230501.012100   , step      9; iteration    1; sweep 3 grid   2
+time 20230501.012100   , step      9; iteration    1; sweep 4 grid   2
 accuracy OK in  84.01 % of wet grid points ( 99.50 % required)

+time 20230501.012100   , step      9; iteration    2; sweep 1 grid   2
+time 20230501.012100   , step      9; iteration    2; sweep 2 grid   2
+time 20230501.012100   , step      9; iteration    2; sweep 3 grid   2
+time 20230501.012100   , step      9; iteration    2; sweep 4 grid   2
 accuracy OK in 100.00 % of wet grid points ( 99.50 % required)


 ** Warning          : no output requested
 Time of computation ->  20230501.013000      in sec:       5400.
+time 20230501.013000   , step     10; iteration    1; sweep 1 grid   2
+time 20230501.013000   , step     10; iteration    1; sweep 2 grid   2
+time 20230501.013000   , step     10; iteration    1; sweep 3 grid   2
+time 20230501.013000   , step     10; iteration    1; sweep 4 grid   2
 accuracy OK in  84.04 % of wet grid points ( 99.50 % required)

+time 20230501.013000   , step     10; iteration    2; sweep 1 grid   2
+time 20230501.013000   , step     10; iteration    2; sweep 2 grid   2
+time 20230501.013000   , step     10; iteration    2; sweep 3 grid   2
+time 20230501.013000   , step     10; iteration    2; sweep 4 grid   2
 accuracy OK in 100.00 % of wet grid points ( 99.50 % required)


 ** Warning          : no output requested
 Time of computation ->  20230501.013900      in sec:       5940.
+time 20230501.013900   , step     11; iteration    1; sweep 1 grid   2
+time 20230501.013900   , step     11; iteration    1; sweep 2 grid   2
+time 20230501.013900   , step     11; iteration    1; sweep 3 grid   2
+time 20230501.013900   , step     11; iteration    1; sweep 4 grid   2
 accuracy OK in  84.12 % of wet grid points ( 99.50 % required)

+time 20230501.013900   , step     11; iteration    2; sweep 1 grid   2
+time 20230501.013900   , step     11; iteration    2; sweep 2 grid   2
+time 20230501.013900   , step     11; iteration    2; sweep 3 grid   2
+time 20230501.013900   , step     11; iteration    2; sweep 4 grid   2
 accuracy OK in 100.00 % of wet grid points ( 99.50 % required)


 ** Warning          : no output requested
 Time of computation ->  20230501.014800      in sec:       6480.
+time 20230501.014800   , step     12; iteration    1; sweep 1 grid   2
+time 20230501.014800   , step     12; iteration    1; sweep 2 grid   2
+time 20230501.014800   , step     12; iteration    1; sweep 3 grid   2
+time 20230501.014800   , step     12; iteration    1; sweep 4 grid   2
 accuracy OK in  81.75 % of wet grid points ( 99.50 % required)

+time 20230501.014800   , step     12; iteration    2; sweep 1 grid   2
+time 20230501.014800   , step     12; iteration    2; sweep 2 grid   2
+time 20230501.014800   , step     12; iteration    2; sweep 3 grid   2
+time 20230501.014800   , step     12; iteration    2; sweep 4 grid   2
 accuracy OK in 100.00 % of wet grid points ( 99.50 % required)


 ** Warning          : no output requested
 Time of computation ->  20230501.015700      in sec:       7020.
+time 20230501.015700   , step     13; iteration    1; sweep 1 grid   2
+time 20230501.015700   , step     13; iteration    1; sweep 2 grid   2
+time 20230501.015700   , step     13; iteration    1; sweep 3 grid   2
+time 20230501.015700   , step     13; iteration    1; sweep 4 grid   2
 accuracy OK in  81.81 % of wet grid points ( 99.50 % required)

+time 20230501.015700   , step     13; iteration    2; sweep 1 grid   2
+time 20230501.015700   , step     13; iteration    2; sweep 2 grid   2
+time 20230501.015700   , step     13; iteration    2; sweep 3 grid   2
+time 20230501.015700   , step     13; iteration    2; sweep 4 grid   2
 accuracy OK in 100.00 % of wet grid points ( 99.50 % required)


 ** Warning          : no output requested
 Time of computation ->  20230501.020600      in sec:       7560.
+time 20230501.020600   , step     14; iteration    1; sweep 1 grid   2
+time 20230501.020600   , step     14; iteration    1; sweep 2 grid   2
+time 20230501.020600   , step     14; iteration    1; sweep 3 grid   2
+time 20230501.020600   , step     14; iteration    1; sweep 4 grid   2
 accuracy OK in  81.92 % of wet grid points ( 99.50 % required)

+time 20230501.020600   , step     14; iteration    2; sweep 1 grid   2
+time 20230501.020600   , step     14; iteration    2; sweep 2 grid   2
+time 20230501.020600   , step     14; iteration    2; sweep 3 grid   2
+time 20230501.020600   , step     14; iteration    2; sweep 4 grid   2
 accuracy OK in 100.00 % of wet grid points ( 99.50 % required)


 ** Warning          : no output requested
 Time of computation ->  20230501.021500      in sec:       8100.
+time 20230501.021500   , step     15; iteration    1; sweep 1 grid   2
+time 20230501.021500   , step     15; iteration    1; sweep 2 grid   2
+time 20230501.021500   , step     15; iteration    1; sweep 3 grid   2
+time 20230501.021500   , step     15; iteration    1; sweep 4 grid   2
 accuracy OK in  82.08 % of wet grid points ( 99.50 % required)

+time 20230501.021500   , step     15; iteration    2; sweep 1 grid   2
+time 20230501.021500   , step     15; iteration    2; sweep 2 grid   2
+time 20230501.021500   , step     15; iteration    2; sweep 3 grid   2
+time 20230501.021500   , step     15; iteration    2; sweep 4 grid   2
 accuracy OK in 100.00 % of wet grid points ( 99.50 % required)


 ** Warning          : no output requested
 Time of computation ->  20230501.022400      in sec:       8640.
+time 20230501.022400   , step     16; iteration    1; sweep 1 grid   2
+time 20230501.022400   , step     16; iteration    1; sweep 2 grid   2
+time 20230501.022400   , step     16; iteration    1; sweep 3 grid   2
+time 20230501.022400   , step     16; iteration    1; sweep 4 grid   2
 accuracy OK in  82.11 % of wet grid points ( 99.50 % required)

+time 20230501.022400   , step     16; iteration    2; sweep 1 grid   2
+time 20230501.022400   , step     16; iteration    2; sweep 2 grid   2
+time 20230501.022400   , step     16; iteration    2; sweep 3 grid   2
+time 20230501.022400   , step     16; iteration    2; sweep 4 grid   2
 accuracy OK in 100.00 % of wet grid points ( 99.50 % required)


 ** Warning          : no output requested
 Time of computation ->  20230501.023300      in sec:       9180.
+time 20230501.023300   , step     17; iteration    1; sweep 1 grid   2
+time 20230501.023300   , step     17; iteration    1; sweep 2 grid   2
+time 20230501.023300   , step     17; iteration    1; sweep 3 grid   2
+time 20230501.023300   , step     17; iteration    1; sweep 4 grid   2
 accuracy OK in  79.76 % of wet grid points ( 99.50 % required)

+time 20230501.023300   , step     17; iteration    2; sweep 1 grid   2
+time 20230501.023300   , step     17; iteration    2; sweep 2 grid   2
+time 20230501.023300   , step     17; iteration    2; sweep 3 grid   2
+time 20230501.023300   , step     17; iteration    2; sweep 4 grid   2
 accuracy OK in 100.00 % of wet grid points ( 99.50 % required)


 ** Warning          : no output requested
 Time of computation ->  20230501.024200      in sec:       9720.
+time 20230501.024200   , step     18; iteration    1; sweep 1 grid   2
+time 20230501.024200   , step     18; iteration    1; sweep 2 grid   2
+time 20230501.024200   , step     18; iteration    1; sweep 3 grid   2
+time 20230501.024200   , step     18; iteration    1; sweep 4 grid   2
 accuracy OK in  79.73 % of wet grid points ( 99.50 % required)

+time 20230501.024200   , step     18; iteration    2; sweep 1 grid   2
+time 20230501.024200   , step     18; iteration    2; sweep 2 grid   2
+time 20230501.024200   , step     18; iteration    2; sweep 3 grid   2
+time 20230501.024200   , step     18; iteration    2; sweep 4 grid   2
 accuracy OK in 100.00 % of wet grid points ( 99.50 % required)


 ** Warning          : no output requested
 Time of computation ->  20230501.025100      in sec:      10260.
+time 20230501.025100   , step     19; iteration    1; sweep 1 grid   2
+time 20230501.025100   , step     19; iteration    1; sweep 2 grid   2
+time 20230501.025100   , step     19; iteration    1; sweep 3 grid   2
+time 20230501.025100   , step     19; iteration    1; sweep 4 grid   2
 accuracy OK in  79.76 % of wet grid points ( 99.50 % required)

+time 20230501.025100   , step     19; iteration    2; sweep 1 grid   2
+time 20230501.025100   , step     19; iteration    2; sweep 2 grid   2
+time 20230501.025100   , step     19; iteration    2; sweep 3 grid   2
+time 20230501.025100   , step     19; iteration    2; sweep 4 grid   2
 accuracy OK in 100.00 % of wet grid points ( 99.50 % required)


 ** Warning          : no output requested
 Time of computation ->  20230501.030000      in sec:      10800.
+time 20230501.030000   , step     20; iteration    1; sweep 1 grid   2
+time 20230501.030000   , step     20; iteration    1; sweep 2 grid   2
+time 20230501.030000   , step     20; iteration    1; sweep 3 grid   2
+time 20230501.030000   , step     20; iteration    1; sweep 4 grid   2
 accuracy OK in  79.85 % of wet grid points ( 99.50 % required)

+time 20230501.030000   , step     20; iteration    2; sweep 1 grid   2
+time 20230501.030000   , step     20; iteration    2; sweep 2 grid   2
+time 20230501.030000   , step     20; iteration    2; sweep 3 grid   2
+time 20230501.030000   , step     20; iteration    2; sweep 4 grid   2
 accuracy OK in 100.00 % of wet grid points ( 99.50 % required)


 ** Warning          : no output requested
 Time of computation ->  20230501.030900      in sec:      11340.
+time 20230501.030900   , step     21; iteration    1; sweep 1 grid   2
+time 20230501.030900   , step     21; iteration    1; sweep 2 grid   2
+time 20230501.030900   , step     21; iteration    1; sweep 3 grid   2
+time 20230501.030900   , step     21; iteration    1; sweep 4 grid   2
 accuracy OK in  79.93 % of wet grid points ( 99.50 % required)

+time 20230501.030900   , step     21; iteration    2; sweep 1 grid   2
+time 20230501.030900   , step     21; iteration    2; sweep 2 grid   2
+time 20230501.030900   , step     21; iteration    2; sweep 3 grid   2
+time 20230501.030900   , step     21; iteration    2; sweep 4 grid   2
 accuracy OK in 100.00 % of wet grid points ( 99.50 % required)


 ** Warning          : no output requested
 Time of computation ->  20230501.031800      in sec:      11880.
+time 20230501.031800   , step     22; iteration    1; sweep 1 grid   2
+time 20230501.031800   , step     22; iteration    1; sweep 2 grid   2
+time 20230501.031800   , step     22; iteration    1; sweep 3 grid   2
+time 20230501.031800   , step     22; iteration    1; sweep 4 grid   2
 accuracy OK in  77.77 % of wet grid points ( 99.50 % required)

+time 20230501.031800   , step     22; iteration    2; sweep 1 grid   2
+time 20230501.031800   , step     22; iteration    2; sweep 2 grid   2
+time 20230501.031800   , step     22; iteration    2; sweep 3 grid   2
+time 20230501.031800   , step     22; iteration    2; sweep 4 grid   2
 accuracy OK in 100.00 % of wet grid points ( 99.50 % required)


 ** Warning          : no output requested
 Time of computation ->  20230501.032700      in sec:      12420.
+time 20230501.032700   , step     23; iteration    1; sweep 1 grid   2
+time 20230501.032700   , step     23; iteration    1; sweep 2 grid   2
+time 20230501.032700   , step     23; iteration    1; sweep 3 grid   2
+time 20230501.032700   , step     23; iteration    1; sweep 4 grid   2
 accuracy OK in  77.75 % of wet grid points ( 99.50 % required)

+time 20230501.032700   , step     23; iteration    2; sweep 1 grid   2
+time 20230501.032700   , step     23; iteration    2; sweep 2 grid   2
+time 20230501.032700   , step     23; iteration    2; sweep 3 grid   2
+time 20230501.032700   , step     23; iteration    2; sweep 4 grid   2
 accuracy OK in 100.00 % of wet grid points ( 99.50 % required)


 ** Warning          : no output requested
 Time of computation ->  20230501.033600      in sec:      12960.
+time 20230501.033600   , step     24; iteration    1; sweep 1 grid   2
+time 20230501.033600   , step     24; iteration    1; sweep 2 grid   2
+time 20230501.033600   , step     24; iteration    1; sweep 3 grid   2
+time 20230501.033600   , step     24; iteration    1; sweep 4 grid   2
 accuracy OK in  77.86 % of wet grid points ( 99.50 % required)

+time 20230501.033600   , step     24; iteration    2; sweep 1 grid   2
+time 20230501.033600   , step     24; iteration    2; sweep 2 grid   2
+time 20230501.033600   , step     24; iteration    2; sweep 3 grid   2
+time 20230501.033600   , step     24; iteration    2; sweep 4 grid   2
 accuracy OK in 100.00 % of wet grid points ( 99.50 % required)


 ** Warning          : no output requested
 Time of computation ->  20230501.034500      in sec:      13500.
+time 20230501.034500   , step     25; iteration    1; sweep 1 grid   2
+time 20230501.034500   , step     25; iteration    1; sweep 2 grid   2
+time 20230501.034500   , step     25; iteration    1; sweep 3 grid   2
+time 20230501.034500   , step     25; iteration    1; sweep 4 grid   2
 accuracy OK in  77.94 % of wet grid points ( 99.50 % required)

+time 20230501.034500   , step     25; iteration    2; sweep 1 grid   2
+time 20230501.034500   , step     25; iteration    2; sweep 2 grid   2
+time 20230501.034500   , step     25; iteration    2; sweep 3 grid   2
+time 20230501.034500   , step     25; iteration    2; sweep 4 grid   2
 accuracy OK in 100.00 % of wet grid points ( 99.50 % required)


 ** Warning          : no output requested
 Time of computation ->  20230501.035400      in sec:      14040.
+time 20230501.035400   , step     26; iteration    1; sweep 1 grid   2
+time 20230501.035400   , step     26; iteration    1; sweep 2 grid   2
+time 20230501.035400   , step     26; iteration    1; sweep 3 grid   2
+time 20230501.035400   , step     26; iteration    1; sweep 4 grid   2
 accuracy OK in  78.11 % of wet grid points ( 99.50 % required)

+time 20230501.035400   , step     26; iteration    2; sweep 1 grid   2
+time 20230501.035400   , step     26; iteration    2; sweep 2 grid   2
+time 20230501.035400   , step     26; iteration    2; sweep 3 grid   2
+time 20230501.035400   , step     26; iteration    2; sweep 4 grid   2
 accuracy OK in 100.00 % of wet grid points ( 99.50 % required)


 ** Warning          : no output requested
 Time of computation ->  20230501.040300      in sec:      14580.
+time 20230501.040300   , step     27; iteration    1; sweep 1 grid   2
+time 20230501.040300   , step     27; iteration    1; sweep 2 grid   2
+time 20230501.040300   , step     27; iteration    1; sweep 3 grid   2
+time 20230501.040300   , step     27; iteration    1; sweep 4 grid   2
 accuracy OK in  78.19 % of wet grid points ( 99.50 % required)

+time 20230501.040300   , step     27; iteration    2; sweep 1 grid   2
+time 20230501.040300   , step     27; iteration    2; sweep 2 grid   2
+time 20230501.040300   , step     27; iteration    2; sweep 3 grid   2
+time 20230501.040300   , step     27; iteration    2; sweep 4 grid   2
 accuracy OK in 100.00 % of wet grid points ( 99.50 % required)


 ** Warning          : no output requested
 Time of computation ->  20230501.041200      in sec:      15120.
+time 20230501.041200   , step     28; iteration    1; sweep 1 grid   2
+time 20230501.041200   , step     28; iteration    1; sweep 2 grid   2
+time 20230501.041200   , step     28; iteration    1; sweep 3 grid   2
+time 20230501.041200   , step     28; iteration    1; sweep 4 grid   2
 accuracy OK in  76.20 % of wet grid points ( 99.50 % required)

+time 20230501.041200   , step     28; iteration    2; sweep 1 grid   2
+time 20230501.041200   , step     28; iteration    2; sweep 2 grid   2
+time 20230501.041200   , step     28; iteration    2; sweep 3 grid   2
+time 20230501.041200   , step     28; iteration    2; sweep 4 grid   2
 accuracy OK in 100.00 % of wet grid points ( 99.50 % required)


 ** Warning          : no output requested
 Time of computation ->  20230501.042100      in sec:      15660.
+time 20230501.042100   , step     29; iteration    1; sweep 1 grid   2
+time 20230501.042100   , step     29; iteration    1; sweep 2 grid   2
+time 20230501.042100   , step     29; iteration    1; sweep 3 grid   2
+time 20230501.042100   , step     29; iteration    1; sweep 4 grid   2
 accuracy OK in  76.26 % of wet grid points ( 99.50 % required)

+time 20230501.042100   , step     29; iteration    2; sweep 1 grid   2
+time 20230501.042100   , step     29; iteration    2; sweep 2 grid   2
+time 20230501.042100   , step     29; iteration    2; sweep 3 grid   2
+time 20230501.042100   , step     29; iteration    2; sweep 4 grid   2
 accuracy OK in 100.00 % of wet grid points ( 99.50 % required)


 ** Warning          : no output requested
 Time of computation ->  20230501.043000      in sec:      16200.
+time 20230501.043000   , step     30; iteration    1; sweep 1 grid   2
+time 20230501.043000   , step     30; iteration    1; sweep 2 grid   2
+time 20230501.043000   , step     30; iteration    1; sweep 3 grid   2
+time 20230501.043000   , step     30; iteration    1; sweep 4 grid   2
 accuracy OK in  76.06 % of wet grid points ( 99.50 % required)

+time 20230501.043000   , step     30; iteration    2; sweep 1 grid   2
+time 20230501.043000   , step     30; iteration    2; sweep 2 grid   2
+time 20230501.043000   , step     30; iteration    2; sweep 3 grid   2
+time 20230501.043000   , step     30; iteration    2; sweep 4 grid   2
 accuracy OK in 100.00 % of wet grid points ( 99.50 % required)


 ** Warning          : no output requested
 Time of computation ->  20230501.043900      in sec:      16740.
+time 20230501.043900   , step     31; iteration    1; sweep 1 grid   2
+time 20230501.043900   , step     31; iteration    1; sweep 2 grid   2
+time 20230501.043900   , step     31; iteration    1; sweep 3 grid   2
+time 20230501.043900   , step     31; iteration    1; sweep 4 grid   2
 accuracy OK in  75.65 % of wet grid points ( 99.50 % required)

+time 20230501.043900   , step     31; iteration    2; sweep 1 grid   2
+time 20230501.043900   , step     31; iteration    2; sweep 2 grid   2
+time 20230501.043900   , step     31; iteration    2; sweep 3 grid   2
+time 20230501.043900   , step     31; iteration    2; sweep 4 grid   2
 accuracy OK in 100.00 % of wet grid points ( 99.50 % required)


 ** Warning          : no output requested
 Time of computation ->  20230501.044800      in sec:      17280.
+time 20230501.044800   , step     32; iteration    1; sweep 1 grid   2
+time 20230501.044800   , step     32; iteration    1; sweep 2 grid   2
+time 20230501.044800   , step     32; iteration    1; sweep 3 grid   2
+time 20230501.044800   , step     32; iteration    1; sweep 4 grid   2
 accuracy OK in  75.12 % of wet grid points ( 99.50 % required)

+time 20230501.044800   , step     32; iteration    2; sweep 1 grid   2
+time 20230501.044800   , step     32; iteration    2; sweep 2 grid   2
+time 20230501.044800   , step     32; iteration    2; sweep 3 grid   2
+time 20230501.044800   , step     32; iteration    2; sweep 4 grid   2
 accuracy OK in 100.00 % of wet grid points ( 99.50 % required)


 ** Warning          : no output requested
 Time of computation ->  20230501.045700      in sec:      17820.
+time 20230501.045700   , step     33; iteration    1; sweep 1 grid   2
+time 20230501.045700   , step     33; iteration    1; sweep 2 grid   2
+time 20230501.045700   , step     33; iteration    1; sweep 3 grid   2
+time 20230501.045700   , step     33; iteration    1; sweep 4 grid   2
 accuracy OK in  74.99 % of wet grid points ( 99.50 % required)

+time 20230501.045700   , step     33; iteration    2; sweep 1 grid   2
+time 20230501.045700   , step     33; iteration    2; sweep 2 grid   2
+time 20230501.045700   , step     33; iteration    2; sweep 3 grid   2
+time 20230501.045700   , step     33; iteration    2; sweep 4 grid   2
 accuracy OK in 100.00 % of wet grid points ( 99.50 % required)


 ** Warning          : no output requested
 Time of computation ->  20230501.050600      in sec:      18360.
+time 20230501.050600   , step     34; iteration    1; sweep 1 grid   2
+time 20230501.050600   , step     34; iteration    1; sweep 2 grid   2
+time 20230501.050600   , step     34; iteration    1; sweep 3 grid   2
+time 20230501.050600   , step     34; iteration    1; sweep 4 grid   2
 accuracy OK in  74.46 % of wet grid points ( 99.50 % required)

+time 20230501.050600   , step     34; iteration    2; sweep 1 grid   2
+time 20230501.050600   , step     34; iteration    2; sweep 2 grid   2
+time 20230501.050600   , step     34; iteration    2; sweep 3 grid   2
+time 20230501.050600   , step     34; iteration    2; sweep 4 grid   2
 accuracy OK in 100.00 % of wet grid points ( 99.50 % required)


 ** Warning          : no output requested
 Time of computation ->  20230501.051500      in sec:      18900.
+time 20230501.051500   , step     35; iteration    1; sweep 1 grid   2
+time 20230501.051500   , step     35; iteration    1; sweep 2 grid   2
+time 20230501.051500   , step     35; iteration    1; sweep 3 grid   2
+time 20230501.051500   , step     35; iteration    1; sweep 4 grid   2
 accuracy OK in  72.42 % of wet grid points ( 99.50 % required)

+time 20230501.051500   , step     35; iteration    2; sweep 1 grid   2
+time 20230501.051500   , step     35; iteration    2; sweep 2 grid   2
+time 20230501.051500   , step     35; iteration    2; sweep 3 grid   2
+time 20230501.051500   , step     35; iteration    2; sweep 4 grid   2
 accuracy OK in 100.00 % of wet grid points ( 99.50 % required)


 ** Warning          : no output requested
 Time of computation ->  20230501.052400      in sec:      19440.
+time 20230501.052400   , step     36; iteration    1; sweep 1 grid   2
+time 20230501.052400   , step     36; iteration    1; sweep 2 grid   2
+time 20230501.052400   , step     36; iteration    1; sweep 3 grid   2
+time 20230501.052400   , step     36; iteration    1; sweep 4 grid   2
 accuracy OK in  71.95 % of wet grid points ( 99.50 % required)

+time 20230501.052400   , step     36; iteration    2; sweep 1 grid   2
+time 20230501.052400   , step     36; iteration    2; sweep 2 grid   2
+time 20230501.052400   , step     36; iteration    2; sweep 3 grid   2
+time 20230501.052400   , step     36; iteration    2; sweep 4 grid   2
 accuracy OK in 100.00 % of wet grid points ( 99.50 % required)


 ** Warning          : no output requested
 Time of computation ->  20230501.053300      in sec:      19980.
+time 20230501.053300   , step     37; iteration    1; sweep 1 grid   2
+time 20230501.053300   , step     37; iteration    1; sweep 2 grid   2
+time 20230501.053300   , step     37; iteration    1; sweep 3 grid   2
+time 20230501.053300   , step     37; iteration    1; sweep 4 grid   2
 accuracy OK in  72.11 % of wet grid points ( 99.50 % required)

+time 20230501.053300   , step     37; iteration    2; sweep 1 grid   2
+time 20230501.053300   , step     37; iteration    2; sweep 2 grid   2
+time 20230501.053300   , step     37; iteration    2; sweep 3 grid   2
+time 20230501.053300   , step     37; iteration    2; sweep 4 grid   2
 accuracy OK in 100.00 % of wet grid points ( 99.50 % required)


 ** Warning          : no output requested
 Time of computation ->  20230501.054200      in sec:      20520.
+time 20230501.054200   , step     38; iteration    1; sweep 1 grid   2
+time 20230501.054200   , step     38; iteration    1; sweep 2 grid   2
+time 20230501.054200   , step     38; iteration    1; sweep 3 grid   2
+time 20230501.054200   , step     38; iteration    1; sweep 4 grid   2
 accuracy OK in  72.11 % of wet grid points ( 99.50 % required)

+time 20230501.054200   , step     38; iteration    2; sweep 1 grid   2
+time 20230501.054200   , step     38; iteration    2; sweep 2 grid   2
+time 20230501.054200   , step     38; iteration    2; sweep 3 grid   2
+time 20230501.054200   , step     38; iteration    2; sweep 4 grid   2
 accuracy OK in 100.00 % of wet grid points ( 99.50 % required)


 ** Warning          : no output requested
 Time of computation ->  20230501.055100      in sec:      21060.
+time 20230501.055100   , step     39; iteration    1; sweep 1 grid   2
+time 20230501.055100   , step     39; iteration    1; sweep 2 grid   2
+time 20230501.055100   , step     39; iteration    1; sweep 3 grid   2
+time 20230501.055100   , step     39; iteration    1; sweep 4 grid   2
 accuracy OK in  71.81 % of wet grid points ( 99.50 % required)

+time 20230501.055100   , step     39; iteration    2; sweep 1 grid   2
+time 20230501.055100   , step     39; iteration    2; sweep 2 grid   2
+time 20230501.055100   , step     39; iteration    2; sweep 3 grid   2
+time 20230501.055100   , step     39; iteration    2; sweep 4 grid   2
 accuracy OK in 100.00 % of wet grid points ( 99.50 % required)


 ** Warning          : no output requested
 Time of computation ->  20230501.060000      in sec:      21600.
+time 20230501.060000   , step     40; iteration    1; sweep 1 grid   2
+time 20230501.060000   , step     40; iteration    1; sweep 2 grid   2
+time 20230501.060000   , step     40; iteration    1; sweep 3 grid   2
+time 20230501.060000   , step     40; iteration    1; sweep 4 grid   2
 accuracy OK in  73.16 % of wet grid points ( 99.50 % required)

+time 20230501.060000   , step     40; iteration    2; sweep 1 grid   2
+time 20230501.060000   , step     40; iteration    2; sweep 2 grid   2
+time 20230501.060000   , step     40; iteration    2; sweep 3 grid   2
+time 20230501.060000   , step     40; iteration    2; sweep 4 grid   2
 accuracy OK in 100.00 % of wet grid points ( 99.50 % required)


 ** Warning          : no output requested
    
 
    
 &HOTFILE 'karimun.hot'
 
    
 STOP
